Using pre-set license
Built from '2022.3/staging' branch; Version is '2022.3.51f1 (9f9d16c45e54) revision 10460438'; Using compiler version '192829333'; Build Type 'Release'
OS: 'Windows 11  (10.0.22631) 64bit Core' Language: 'en' Physical Memory: 32435 MB
BatchMode: 1, IsHumanControllingUs: 0, StartBugReporterOnCrash: 0, Is64bit: 1, IsPro: 1

COMMAND LINE ARGUMENTS:
C:\Program Files\Unity\Hub\Editor\2022.3.51f1\Editor\Unity.exe
-adb2
-batchMode
-noUpm
-name
AssetImportWorker6
-projectPath
C:/Users/João/Documents/GitHub/PaintWithHead-XR/My project
-logFile
Logs/AssetImportWorker6.log
-srvPort
50421
Successfully changed project path to: C:/Users/João/Documents/GitHub/PaintWithHead-XR/My project
C:/Users/João/Documents/GitHub/PaintWithHead-XR/My project
[UnityMemory] Configuration Parameters - Can be set up in boot.config
    "memorysetup-bucket-allocator-granularity=16"
    "memorysetup-bucket-allocator-bucket-count=8"
    "memorysetup-bucket-allocator-block-size=33554432"
    "memorysetup-bucket-allocator-block-count=8"
    "memorysetup-main-allocator-block-size=16777216"
    "memorysetup-thread-allocator-block-size=16777216"
    "memorysetup-gfx-main-allocator-block-size=16777216"
    "memorysetup-gfx-thread-allocator-block-size=16777216"
    "memorysetup-cache-allocator-block-size=4194304"
    "memorysetup-typetree-allocator-block-size=2097152"
    "memorysetup-profiler-bucket-allocator-granularity=16"
    "memorysetup-profiler-bucket-allocator-bucket-count=8"
    "memorysetup-profiler-bucket-allocator-block-size=33554432"
    "memorysetup-profiler-bucket-allocator-block-count=8"
    "memorysetup-profiler-allocator-block-size=16777216"
    "memorysetup-profiler-editor-allocator-block-size=1048576"
    "memorysetup-temp-allocator-size-main=16777216"
    "memorysetup-job-temp-allocator-block-size=2097152"
    "memorysetup-job-temp-allocator-block-size-background=1048576"
    "memorysetup-job-temp-allocator-reduction-small-platforms=262144"
    "memorysetup-allocator-temp-initial-block-size-main=262144"
    "memorysetup-allocator-temp-initial-block-size-worker=262144"
    "memorysetup-temp-allocator-size-background-worker=32768"
    "memorysetup-temp-allocator-size-job-worker=262144"
    "memorysetup-temp-allocator-size-preload-manager=33554432"
    "memorysetup-temp-allocator-size-nav-mesh-worker=65536"
    "memorysetup-temp-allocator-size-audio-worker=65536"
    "memorysetup-temp-allocator-size-cloud-worker=32768"
    "memorysetup-temp-allocator-size-gi-baking-worker=262144"
    "memorysetup-temp-allocator-size-gfx=262144"
Player connection [42448]  Target information:

Player connection [42448]  * "[IP] 192.168.1.111 [Port] 0 [Flags] 2 [Guid] 2055958381 [EditorId] 2055958381 [Version] 1048832 [Id] WindowsEditor(7,LAPTOP-K48A8M94) [Debug] 1 [PackageName] WindowsEditor [ProjectName] Editor" 

Player connection [42448] Host joined multi-casting on [225.0.0.222:54997]...
Player connection [42448] Host joined alternative multi-casting on [225.0.0.222:34997]...
[PhysX] Initialized MultithreadedTaskDispatcher with 24 workers.
Refreshing native plugins compatible for Editor in 22.65 ms, found 17 plugins.
Unity memory allocator detected: MetaXRAudio native memory allocations will be tracked.
Preloading 2 native plugins for Editor in 1.52 ms.
Initialize engine version: 2022.3.51f1 (9f9d16c45e54)
[Subsystems] Discovering subsystems at path C:/Program Files/Unity/Hub/Editor/2022.3.51f1/Editor/Data/Resources/UnitySubsystems
[Subsystems] Discovering subsystems at path C:/Users/João/Documents/GitHub/PaintWithHead-XR/My project/Assets
GfxDevice: creating device client; threaded=0; jobified=0
Direct3D:
    Version:  Direct3D 11.0 [level 11.1]
    Renderer: NVIDIA GeForce RTX 3080 Ti Laptop GPU (ID=0x2460)
    Vendor:   NVIDIA
    VRAM:     16175 MB
    Driver:   32.0.15.6636
Shader 'Meta/MRUK/Scene/HighlightsAndShadows': fallback shader 'Off' not found
Shader 'Oculus/OVRMRCameraFrameLit': fallback shader 'Alpha-Diffuse' not found
Initialize mono
Mono path[0] = 'C:/Program Files/Unity/Hub/Editor/2022.3.51f1/Editor/Data/Managed'
Mono path[1] = 'C:/Program Files/Unity/Hub/Editor/2022.3.51f1/Editor/Data/MonoBleedingEdge/lib/mono/unityjit-win32'
Mono config path = 'C:/Program Files/Unity/Hub/Editor/2022.3.51f1/Editor/Data/MonoBleedingEdge/etc'
Using monoOptions --debugger-agent=transport=dt_socket,embedding=1,server=y,suspend=n,address=127.0.0.1:56940
Begin MonoManager ReloadAssembly
Registering precompiled unity dll's ...
Register platform support module: C:/Program Files/Unity/Hub/Editor/2022.3.51f1/Editor/Data/PlaybackEngines/AndroidPlayer/UnityEditor.Android.Extensions.dll
Register platform support module: C:/Program Files/Unity/Hub/Editor/2022.3.51f1/Editor/Data/PlaybackEngines/WindowsStandaloneSupport/UnityEditor.WindowsStandalone.Extensions.dll
Register platform support module: C:/Program Files/Unity/Hub/Editor/2022.3.51f1/Editor/Data/PlaybackEngines/MetroSupport/UnityEditor.UWP.Extensions.dll
Registered in 0.008226 seconds.
- Loaded All Assemblies, in  0.262 seconds
Native extension for UWP target not found
Native extension for WindowsStandalone target not found
Native extension for Android target not found
Android Extension - Scanning For ADB Devices 218 ms
Mono: successfully reloaded assembly
- Finished resetting the current domain, in  0.450 seconds
Domain Reload Profiling: 710ms
	BeginReloadAssembly (77ms)
		ExecutionOrderSort (0ms)
		DisableScriptedObjects (0ms)
		BackupInstance (0ms)
		ReleaseScriptingObjects (0ms)
		CreateAndSetChildDomain (0ms)
	RebuildCommonClasses (26ms)
	RebuildNativeTypeToScriptingClass (7ms)
	initialDomainReloadingComplete (47ms)
	LoadAllAssembliesAndSetupDomain (102ms)
		LoadAssemblies (77ms)
		RebuildTransferFunctionScriptingTraits (0ms)
		AnalyzeDomain (100ms)
			TypeCache.Refresh (99ms)
				TypeCache.ScanAssembly (89ms)
			ScanForSourceGeneratedMonoScriptInfo (0ms)
			ResolveRequiredComponents (0ms)
	FinalizeReload (450ms)
		ReleaseScriptCaches (0ms)
		RebuildScriptCaches (0ms)
		SetupLoadedEditorAssemblies (418ms)
			LogAssemblyErrors (0ms)
			InitializePlatformSupportModulesInManaged (295ms)
			SetLoadedEditorAssemblies (3ms)
			RefreshPlugins (0ms)
			BeforeProcessingInitializeOnLoad (1ms)
			ProcessInitializeOnLoadAttributes (86ms)
			ProcessInitializeOnLoadMethodAttributes (32ms)
			AfterProcessingInitializeOnLoad (0ms)
			EditorAssembliesLoaded (0ms)
		ExecutionOrderSort2 (0ms)
		AwakeInstancesAfterBackupRestoration (0ms)
========================================================================
Worker process is ready to serve import requests
Caller must complete domain reload
Begin MonoManager ReloadAssembly
- Loaded All Assemblies, in  0.654 seconds
Native extension for UWP target not found
Native extension for WindowsStandalone target not found
Native extension for Android target not found
Package Manager log level set to [2]
[Package Manager] Server::EnsureServerProcessIsRunning -- launch failed, reason: Unity was launched with the -noUpm command-line argument
[Package Manager] UpmClient::Send -- Unable to send message (not connected to UPM process).
[Package Manager] Cannot connect to Unity Package Manager local server
[Package Manager] Server::EnsureServerProcessIsRunning -- launch failed, reason: Unity was launched with the -noUpm command-line argument
[Package Manager] UpmClient::Send -- Unable to send message (not connected to UPM process).
[Package Manager] Cannot connect to Unity Package Manager local server
[Synthetic Environments] got match start synth_env_server.exe Bedroom
UnityEngine.StackTraceUtility:ExtractStackTrace ()
UnityEngine.DebugLogHandler:LogFormat (UnityEngine.LogType,UnityEngine.Object,string,object[])
UnityEngine.Logger:Log (UnityEngine.LogType,object)
UnityEngine.Debug:Log (object)
Meta.XR.Simulator.Utils:ReportInfo (string,string) (at ./Library/PackageCache/com.meta.xr.simulator@74.0.0/Editor/Utils.cs:165)
Meta.XR.Simulator.Editor.SyntheticEnvironments.Installer:ParseSynthEnvScript (string) (at ./Library/PackageCache/com.meta.xr.simulator@74.0.0/Editor/SyntheticEnvironments/Installer.cs:98)
Meta.XR.Simulator.Editor.SyntheticEnvironments.Installer:BuildSyntheticEnvironments () (at ./Library/PackageCache/com.meta.xr.simulator@74.0.0/Editor/SyntheticEnvironments/Installer.cs:76)
Meta.XR.Simulator.Editor.SyntheticEnvironments.Registry:RegisterSyntheticEnvironments () (at ./Library/PackageCache/com.meta.xr.simulator@74.0.0/Editor/SyntheticEnvironments/Registry.cs:97)
Meta.XR.Simulator.Editor.SyntheticEnvironments.Registry:.cctor () (at ./Library/PackageCache/com.meta.xr.simulator@74.0.0/Editor/SyntheticEnvironments/Registry.cs:87)
System.Runtime.CompilerServices.RuntimeHelpers:RunClassConstructor (System.RuntimeTypeHandle)
UnityEditor.EditorAssemblies:ProcessInitializeOnLoadAttributes (System.Type[])

(Filename: ./Library/PackageCache/com.meta.xr.simulator@74.0.0/Editor/Utils.cs Line: 165)

[Synthetic Environments] got match start synth_env_server.exe GameRoom
UnityEngine.StackTraceUtility:ExtractStackTrace ()
UnityEngine.DebugLogHandler:LogFormat (UnityEngine.LogType,UnityEngine.Object,string,object[])
UnityEngine.Logger:Log (UnityEngine.LogType,object)
UnityEngine.Debug:Log (object)
Meta.XR.Simulator.Utils:ReportInfo (string,string) (at ./Library/PackageCache/com.meta.xr.simulator@74.0.0/Editor/Utils.cs:165)
Meta.XR.Simulator.Editor.SyntheticEnvironments.Installer:ParseSynthEnvScript (string) (at ./Library/PackageCache/com.meta.xr.simulator@74.0.0/Editor/SyntheticEnvironments/Installer.cs:98)
Meta.XR.Simulator.Editor.SyntheticEnvironments.Installer:BuildSyntheticEnvironments () (at ./Library/PackageCache/com.meta.xr.simulator@74.0.0/Editor/SyntheticEnvironments/Installer.cs:76)
Meta.XR.Simulator.Editor.SyntheticEnvironments.Registry:RegisterSyntheticEnvironments () (at ./Library/PackageCache/com.meta.xr.simulator@74.0.0/Editor/SyntheticEnvironments/Registry.cs:97)
Meta.XR.Simulator.Editor.SyntheticEnvironments.Registry:.cctor () (at ./Library/PackageCache/com.meta.xr.simulator@74.0.0/Editor/SyntheticEnvironments/Registry.cs:87)
System.Runtime.CompilerServices.RuntimeHelpers:RunClassConstructor (System.RuntimeTypeHandle)
UnityEditor.EditorAssemblies:ProcessInitializeOnLoadAttributes (System.Type[])

(Filename: ./Library/PackageCache/com.meta.xr.simulator@74.0.0/Editor/Utils.cs Line: 165)

[Synthetic Environments] got match start synth_env_server.exe LivingRoom
UnityEngine.StackTraceUtility:ExtractStackTrace ()
UnityEngine.DebugLogHandler:LogFormat (UnityEngine.LogType,UnityEngine.Object,string,object[])
UnityEngine.Logger:Log (UnityEngine.LogType,object)
UnityEngine.Debug:Log (object)
Meta.XR.Simulator.Utils:ReportInfo (string,string) (at ./Library/PackageCache/com.meta.xr.simulator@74.0.0/Editor/Utils.cs:165)
Meta.XR.Simulator.Editor.SyntheticEnvironments.Installer:ParseSynthEnvScript (string) (at ./Library/PackageCache/com.meta.xr.simulator@74.0.0/Editor/SyntheticEnvironments/Installer.cs:98)
Meta.XR.Simulator.Editor.SyntheticEnvironments.Installer:BuildSyntheticEnvironments () (at ./Library/PackageCache/com.meta.xr.simulator@74.0.0/Editor/SyntheticEnvironments/Installer.cs:76)
Meta.XR.Simulator.Editor.SyntheticEnvironments.Registry:RegisterSyntheticEnvironments () (at ./Library/PackageCache/com.meta.xr.simulator@74.0.0/Editor/SyntheticEnvironments/Registry.cs:97)
Meta.XR.Simulator.Editor.SyntheticEnvironments.Registry:.cctor () (at ./Library/PackageCache/com.meta.xr.simulator@74.0.0/Editor/SyntheticEnvironments/Registry.cs:87)
System.Runtime.CompilerServices.RuntimeHelpers:RunClassConstructor (System.RuntimeTypeHandle)
UnityEditor.EditorAssemblies:ProcessInitializeOnLoadAttributes (System.Type[])

(Filename: ./Library/PackageCache/com.meta.xr.simulator@74.0.0/Editor/Utils.cs Line: 165)

[Synthetic Environments] got match start synth_env_server_extra_rooms.exe XRoom2_3
UnityEngine.StackTraceUtility:ExtractStackTrace ()
UnityEngine.DebugLogHandler:LogFormat (UnityEngine.LogType,UnityEngine.Object,string,object[])
UnityEngine.Logger:Log (UnityEngine.LogType,object)
UnityEngine.Debug:Log (object)
Meta.XR.Simulator.Utils:ReportInfo (string,string) (at ./Library/PackageCache/com.meta.xr.simulator@74.0.0/Editor/Utils.cs:165)
Meta.XR.Simulator.Editor.SyntheticEnvironments.Installer:ParseSynthEnvScript (string) (at ./Library/PackageCache/com.meta.xr.simulator@74.0.0/Editor/SyntheticEnvironments/Installer.cs:98)
Meta.XR.Simulator.Editor.SyntheticEnvironments.Installer:BuildSyntheticEnvironments () (at ./Library/PackageCache/com.meta.xr.simulator@74.0.0/Editor/SyntheticEnvironments/Installer.cs:76)
Meta.XR.Simulator.Editor.SyntheticEnvironments.Registry:RegisterSyntheticEnvironments () (at ./Library/PackageCache/com.meta.xr.simulator@74.0.0/Editor/SyntheticEnvironments/Registry.cs:97)
Meta.XR.Simulator.Editor.SyntheticEnvironments.Registry:.cctor () (at ./Library/PackageCache/com.meta.xr.simulator@74.0.0/Editor/SyntheticEnvironments/Registry.cs:87)
System.Runtime.CompilerServices.RuntimeHelpers:RunClassConstructor (System.RuntimeTypeHandle)
UnityEditor.EditorAssemblies:ProcessInitializeOnLoadAttributes (System.Type[])

(Filename: ./Library/PackageCache/com.meta.xr.simulator@74.0.0/Editor/Utils.cs Line: 165)

[Synthetic Environments] got match start synth_env_server_extra_rooms.exe XRoom2_4
UnityEngine.StackTraceUtility:ExtractStackTrace ()
UnityEngine.DebugLogHandler:LogFormat (UnityEngine.LogType,UnityEngine.Object,string,object[])
UnityEngine.Logger:Log (UnityEngine.LogType,object)
UnityEngine.Debug:Log (object)
Meta.XR.Simulator.Utils:ReportInfo (string,string) (at ./Library/PackageCache/com.meta.xr.simulator@74.0.0/Editor/Utils.cs:165)
Meta.XR.Simulator.Editor.SyntheticEnvironments.Installer:ParseSynthEnvScript (string) (at ./Library/PackageCache/com.meta.xr.simulator@74.0.0/Editor/SyntheticEnvironments/Installer.cs:98)
Meta.XR.Simulator.Editor.SyntheticEnvironments.Installer:BuildSyntheticEnvironments () (at ./Library/PackageCache/com.meta.xr.simulator@74.0.0/Editor/SyntheticEnvironments/Installer.cs:76)
Meta.XR.Simulator.Editor.SyntheticEnvironments.Registry:RegisterSyntheticEnvironments () (at ./Library/PackageCache/com.meta.xr.simulator@74.0.0/Editor/SyntheticEnvironments/Registry.cs:97)
Meta.XR.Simulator.Editor.SyntheticEnvironments.Registry:.cctor () (at ./Library/PackageCache/com.meta.xr.simulator@74.0.0/Editor/SyntheticEnvironments/Registry.cs:87)
System.Runtime.CompilerServices.RuntimeHelpers:RunClassConstructor (System.RuntimeTypeHandle)
UnityEditor.EditorAssemblies:ProcessInitializeOnLoadAttributes (System.Type[])

(Filename: ./Library/PackageCache/com.meta.xr.simulator@74.0.0/Editor/Utils.cs Line: 165)

[Synthetic Environments] got match start synth_env_server_extra_rooms.exe XRoom5_6
UnityEngine.StackTraceUtility:ExtractStackTrace ()
UnityEngine.DebugLogHandler:LogFormat (UnityEngine.LogType,UnityEngine.Object,string,object[])
UnityEngine.Logger:Log (UnityEngine.LogType,object)
UnityEngine.Debug:Log (object)
Meta.XR.Simulator.Utils:ReportInfo (string,string) (at ./Library/PackageCache/com.meta.xr.simulator@74.0.0/Editor/Utils.cs:165)
Meta.XR.Simulator.Editor.SyntheticEnvironments.Installer:ParseSynthEnvScript (string) (at ./Library/PackageCache/com.meta.xr.simulator@74.0.0/Editor/SyntheticEnvironments/Installer.cs:98)
Meta.XR.Simulator.Editor.SyntheticEnvironments.Installer:BuildSyntheticEnvironments () (at ./Library/PackageCache/com.meta.xr.simulator@74.0.0/Editor/SyntheticEnvironments/Installer.cs:76)
Meta.XR.Simulator.Editor.SyntheticEnvironments.Registry:RegisterSyntheticEnvironments () (at ./Library/PackageCache/com.meta.xr.simulator@74.0.0/Editor/SyntheticEnvironments/Registry.cs:97)
Meta.XR.Simulator.Editor.SyntheticEnvironments.Registry:.cctor () (at ./Library/PackageCache/com.meta.xr.simulator@74.0.0/Editor/SyntheticEnvironments/Registry.cs:87)
System.Runtime.CompilerServices.RuntimeHelpers:RunClassConstructor (System.RuntimeTypeHandle)
UnityEditor.EditorAssemblies:ProcessInitializeOnLoadAttributes (System.Type[])

(Filename: ./Library/PackageCache/com.meta.xr.simulator@74.0.0/Editor/Utils.cs Line: 165)

[Synthetic Environments] got match start synth_env_server_extra_rooms.exe XRoom5_1
UnityEngine.StackTraceUtility:ExtractStackTrace ()
UnityEngine.DebugLogHandler:LogFormat (UnityEngine.LogType,UnityEngine.Object,string,object[])
UnityEngine.Logger:Log (UnityEngine.LogType,object)
UnityEngine.Debug:Log (object)
Meta.XR.Simulator.Utils:ReportInfo (string,string) (at ./Library/PackageCache/com.meta.xr.simulator@74.0.0/Editor/Utils.cs:165)
Meta.XR.Simulator.Editor.SyntheticEnvironments.Installer:ParseSynthEnvScript (string) (at ./Library/PackageCache/com.meta.xr.simulator@74.0.0/Editor/SyntheticEnvironments/Installer.cs:98)
Meta.XR.Simulator.Editor.SyntheticEnvironments.Installer:BuildSyntheticEnvironments () (at ./Library/PackageCache/com.meta.xr.simulator@74.0.0/Editor/SyntheticEnvironments/Installer.cs:76)
Meta.XR.Simulator.Editor.SyntheticEnvironments.Registry:RegisterSyntheticEnvironments () (at ./Library/PackageCache/com.meta.xr.simulator@74.0.0/Editor/SyntheticEnvironments/Registry.cs:97)
Meta.XR.Simulator.Editor.SyntheticEnvironments.Registry:.cctor () (at ./Library/PackageCache/com.meta.xr.simulator@74.0.0/Editor/SyntheticEnvironments/Registry.cs:87)
System.Runtime.CompilerServices.RuntimeHelpers:RunClassConstructor (System.RuntimeTypeHandle)
UnityEditor.EditorAssemblies:ProcessInitializeOnLoadAttributes (System.Type[])

(Filename: ./Library/PackageCache/com.meta.xr.simulator@74.0.0/Editor/Utils.cs Line: 165)

[Synthetic Environments] got match start synth_env_server_extra_rooms.exe XRoom3_1
UnityEngine.StackTraceUtility:ExtractStackTrace ()
UnityEngine.DebugLogHandler:LogFormat (UnityEngine.LogType,UnityEngine.Object,string,object[])
UnityEngine.Logger:Log (UnityEngine.LogType,object)
UnityEngine.Debug:Log (object)
Meta.XR.Simulator.Utils:ReportInfo (string,string) (at ./Library/PackageCache/com.meta.xr.simulator@74.0.0/Editor/Utils.cs:165)
Meta.XR.Simulator.Editor.SyntheticEnvironments.Installer:ParseSynthEnvScript (string) (at ./Library/PackageCache/com.meta.xr.simulator@74.0.0/Editor/SyntheticEnvironments/Installer.cs:98)
Meta.XR.Simulator.Editor.SyntheticEnvironments.Installer:BuildSyntheticEnvironments () (at ./Library/PackageCache/com.meta.xr.simulator@74.0.0/Editor/SyntheticEnvironments/Installer.cs:76)
Meta.XR.Simulator.Editor.SyntheticEnvironments.Registry:RegisterSyntheticEnvironments () (at ./Library/PackageCache/com.meta.xr.simulator@74.0.0/Editor/SyntheticEnvironments/Registry.cs:97)
Meta.XR.Simulator.Editor.SyntheticEnvironments.Registry:.cctor () (at ./Library/PackageCache/com.meta.xr.simulator@74.0.0/Editor/SyntheticEnvironments/Registry.cs:87)
System.Runtime.CompilerServices.RuntimeHelpers:RunClassConstructor (System.RuntimeTypeHandle)
UnityEditor.EditorAssemblies:ProcessInitializeOnLoadAttributes (System.Type[])

(Filename: ./Library/PackageCache/com.meta.xr.simulator@74.0.0/Editor/Utils.cs Line: 165)

[Synthetic Environments] got match start synth_env_server_extra_rooms.exe XRoom1_2
UnityEngine.StackTraceUtility:ExtractStackTrace ()
UnityEngine.DebugLogHandler:LogFormat (UnityEngine.LogType,UnityEngine.Object,string,object[])
UnityEngine.Logger:Log (UnityEngine.LogType,object)
UnityEngine.Debug:Log (object)
Meta.XR.Simulator.Utils:ReportInfo (string,string) (at ./Library/PackageCache/com.meta.xr.simulator@74.0.0/Editor/Utils.cs:165)
Meta.XR.Simulator.Editor.SyntheticEnvironments.Installer:ParseSynthEnvScript (string) (at ./Library/PackageCache/com.meta.xr.simulator@74.0.0/Editor/SyntheticEnvironments/Installer.cs:98)
Meta.XR.Simulator.Editor.SyntheticEnvironments.Installer:BuildSyntheticEnvironments () (at ./Library/PackageCache/com.meta.xr.simulator@74.0.0/Editor/SyntheticEnvironments/Installer.cs:76)
Meta.XR.Simulator.Editor.SyntheticEnvironments.Registry:RegisterSyntheticEnvironments () (at ./Library/PackageCache/com.meta.xr.simulator@74.0.0/Editor/SyntheticEnvironments/Registry.cs:97)
Meta.XR.Simulator.Editor.SyntheticEnvironments.Registry:.cctor () (at ./Library/PackageCache/com.meta.xr.simulator@74.0.0/Editor/SyntheticEnvironments/Registry.cs:87)
System.Runtime.CompilerServices.RuntimeHelpers:RunClassConstructor (System.RuntimeTypeHandle)
UnityEditor.EditorAssemblies:ProcessInitializeOnLoadAttributes (System.Type[])

(Filename: ./Library/PackageCache/com.meta.xr.simulator@74.0.0/Editor/Utils.cs Line: 165)

[Synthetic Environments] got match start synth_env_server_extra_rooms.exe XRoom1_1
UnityEngine.StackTraceUtility:ExtractStackTrace ()
UnityEngine.DebugLogHandler:LogFormat (UnityEngine.LogType,UnityEngine.Object,string,object[])
UnityEngine.Logger:Log (UnityEngine.LogType,object)
UnityEngine.Debug:Log (object)
Meta.XR.Simulator.Utils:ReportInfo (string,string) (at ./Library/PackageCache/com.meta.xr.simulator@74.0.0/Editor/Utils.cs:165)
Meta.XR.Simulator.Editor.SyntheticEnvironments.Installer:ParseSynthEnvScript (string) (at ./Library/PackageCache/com.meta.xr.simulator@74.0.0/Editor/SyntheticEnvironments/Installer.cs:98)
Meta.XR.Simulator.Editor.SyntheticEnvironments.Installer:BuildSyntheticEnvironments () (at ./Library/PackageCache/com.meta.xr.simulator@74.0.0/Editor/SyntheticEnvironments/Installer.cs:76)
Meta.XR.Simulator.Editor.SyntheticEnvironments.Registry:RegisterSyntheticEnvironments () (at ./Library/PackageCache/com.meta.xr.simulator@74.0.0/Editor/SyntheticEnvironments/Registry.cs:97)
Meta.XR.Simulator.Editor.SyntheticEnvironments.Registry:.cctor () (at ./Library/PackageCache/com.meta.xr.simulator@74.0.0/Editor/SyntheticEnvironments/Registry.cs:87)
System.Runtime.CompilerServices.RuntimeHelpers:RunClassConstructor (System.RuntimeTypeHandle)
UnityEditor.EditorAssemblies:ProcessInitializeOnLoadAttributes (System.Type[])

(Filename: ./Library/PackageCache/com.meta.xr.simulator@74.0.0/Editor/Utils.cs Line: 165)

[Synthetic Environments] got match start synth_env_server_extra_rooms.exe XRoom1_4
UnityEngine.StackTraceUtility:ExtractStackTrace ()
UnityEngine.DebugLogHandler:LogFormat (UnityEngine.LogType,UnityEngine.Object,string,object[])
UnityEngine.Logger:Log (UnityEngine.LogType,object)
UnityEngine.Debug:Log (object)
Meta.XR.Simulator.Utils:ReportInfo (string,string) (at ./Library/PackageCache/com.meta.xr.simulator@74.0.0/Editor/Utils.cs:165)
Meta.XR.Simulator.Editor.SyntheticEnvironments.Installer:ParseSynthEnvScript (string) (at ./Library/PackageCache/com.meta.xr.simulator@74.0.0/Editor/SyntheticEnvironments/Installer.cs:98)
Meta.XR.Simulator.Editor.SyntheticEnvironments.Installer:BuildSyntheticEnvironments () (at ./Library/PackageCache/com.meta.xr.simulator@74.0.0/Editor/SyntheticEnvironments/Installer.cs:76)
Meta.XR.Simulator.Editor.SyntheticEnvironments.Registry:RegisterSyntheticEnvironments () (at ./Library/PackageCache/com.meta.xr.simulator@74.0.0/Editor/SyntheticEnvironments/Registry.cs:97)
Meta.XR.Simulator.Editor.SyntheticEnvironments.Registry:.cctor () (at ./Library/PackageCache/com.meta.xr.simulator@74.0.0/Editor/SyntheticEnvironments/Registry.cs:87)
System.Runtime.CompilerServices.RuntimeHelpers:RunClassConstructor (System.RuntimeTypeHandle)
UnityEditor.EditorAssemblies:ProcessInitializeOnLoadAttributes (System.Type[])

(Filename: ./Library/PackageCache/com.meta.xr.simulator@74.0.0/Editor/Utils.cs Line: 165)

[Package Manager] Server::EnsureServerProcessIsRunning -- launch failed, reason: Unity was launched with the -noUpm command-line argument
[Package Manager] UpmClient::Send -- Unable to send message (not connected to UPM process).
[Package Manager] Cannot connect to Unity Package Manager local server
Mono: successfully reloaded assembly
[Package Manager] Server::EnsureServerProcessIsRunning -- launch failed, reason: Unity was launched with the -noUpm command-line argument
[Package Manager] UpmClient::Send -- Unable to send message (not connected to UPM process).
[Package Manager] Cannot connect to Unity Package Manager local server
[Package Manager] Server::EnsureServerProcessIsRunning -- launch failed, reason: Unity was launched with the -noUpm command-line argument
[Package Manager] UpmClient::Send -- Unable to send message (not connected to UPM process).
[Package Manager] Cannot connect to Unity Package Manager local server
- Finished resetting the current domain, in  4.911 seconds
Domain Reload Profiling: 5561ms
	BeginReloadAssembly (107ms)
		ExecutionOrderSort (0ms)
		DisableScriptedObjects (5ms)
		BackupInstance (0ms)
		ReleaseScriptingObjects (0ms)
		CreateAndSetChildDomain (15ms)
	RebuildCommonClasses (27ms)
	RebuildNativeTypeToScriptingClass (8ms)
	initialDomainReloadingComplete (33ms)
	LoadAllAssembliesAndSetupDomain (475ms)
		LoadAssemblies (299ms)
		RebuildTransferFunctionScriptingTraits (0ms)
		AnalyzeDomain (236ms)
			TypeCache.Refresh (190ms)
				TypeCache.ScanAssembly (171ms)
			ScanForSourceGeneratedMonoScriptInfo (33ms)
			ResolveRequiredComponents (12ms)
	FinalizeReload (4911ms)
		ReleaseScriptCaches (0ms)
		RebuildScriptCaches (0ms)
		SetupLoadedEditorAssemblies (4747ms)
			LogAssemblyErrors (0ms)
			InitializePlatformSupportModulesInManaged (16ms)
			SetLoadedEditorAssemblies (5ms)
			RefreshPlugins (0ms)
			BeforeProcessingInitializeOnLoad (94ms)
			ProcessInitializeOnLoadAttributes (4568ms)
			ProcessInitializeOnLoadMethodAttributes (58ms)
			AfterProcessingInitializeOnLoad (5ms)
			EditorAssembliesLoaded (0ms)
		ExecutionOrderSort2 (0ms)
		AwakeInstancesAfterBackupRestoration (4ms)
Shader 'Meta/MRUK/Scene/HighlightsAndShadows': fallback shader 'Off' not found
Shader 'Oculus/OVRMRCameraFrameLit': fallback shader 'Alpha-Diffuse' not found
Launched and connected shader compiler UnityShaderCompiler.exe after 0.04 seconds
Refreshing native plugins compatible for Editor in 16.72 ms, found 17 plugins.
Preloading 2 native plugins for Editor in 0.07 ms.
Unloading 7110 Unused Serialized files (Serialized files now loaded: 0)
Unloading 119 unused Assets / (502.9 KB). Loaded Objects now: 7554.
Memory consumption went from 253.0 MB to 252.5 MB.
Total: 5.973400 ms (FindLiveObjects: 0.395400 ms CreateObjectMapping: 0.210500 ms MarkObjects: 5.107700 ms  DeleteObjects: 0.258800 ms)

AssetImportParameters requested are different than current active one (requested -> active):
  custom:container-demuxer-ogg: 62fdf1f143b41e24485cea50d1cbac27 -> 
  custom:framework-win-MediaFoundation: 216162199b28c13a410421893ffa2e32 -> 
  custom:container-muxer-webm: aa71ff27fc2769a1b78a27578f13a17b -> 
  custom:video-decoder-webm-vp8: 9c59270c3fd7afecdb556c50c9e8de78 -> 
  custom:SearchIndexIgnoredProperties: e643bd26f0fe6173181afceb89e7c659 -> 
  custom:AudioImporter_EditorPlatform: d09bf68614088b80899f8185d706f6e7 -> 
  custom:audio-decoder-ogg-vorbis: bf7c407c2cedff20999df2af8eb42d56 -> 
  custom:audio-encoder-webm-vorbis: bf7c407c2cedff20999df2af8eb42d56 -> 
  custom:video-codec-MediaFoundation-h265: 746d11721c4dcdbdad8f713fa42b33f4 -> 
  custom:video-decoder-ogg-theora: a1e56fd34408186e4bbccfd4996cb3dc -> 
  custom:CustomObjectIndexerAttribute: 9a22284fe3817be447336de3de66b15e -> 
  custom:container-demuxer-webm: 4f35f7cbe854078d1ac9338744f61a02 -> 
  custom:video-encoder-webm-vp8: eb34c28f22e8b96e1ab97ce403110664 -> 
========================================================================
Received Import Request.
  Time since last request: 1646614.979114 seconds.
  path: Assets/Materials/Marker Black.mat
  artifactKey: Guid(9d281acb32922264bb52c2afb7d8efc6) Importer(815301076,1909f56bfc062723c751e8b465ee728b)
Start importing Assets/Materials/Marker Black.mat using Guid(9d281acb32922264bb52c2afb7d8efc6) Importer(815301076,1909f56bfc062723c751e8b465ee728b) [PhysX] Initialized MultithreadedTaskDispatcher with 24 workers.
[PhysX] Initialized MultithreadedTaskDispatcher with 24 workers.
 -> (artifact id: 'd4dfa8a69b905e4743780fb9cc4fb990') in 0.092818 seconds
Number of updated asset objects reloaded before import = 0
Number of asset objects unloaded after import = 1
========================================================================
Received Import Request.
  Time since last request: 0.000020 seconds.
  path: Assets/Materials/Marker White 2.mat
  artifactKey: Guid(2d1a4802565a1f8479c6f5cc8436e1f4) Importer(815301076,1909f56bfc062723c751e8b465ee728b)
Start importing Assets/Materials/Marker White 2.mat using Guid(2d1a4802565a1f8479c6f5cc8436e1f4) Importer(815301076,1909f56bfc062723c751e8b465ee728b) [PhysX] Initialized MultithreadedTaskDispatcher with 24 workers.
[PhysX] Initialized MultithreadedTaskDispatcher with 24 workers.
 -> (artifact id: 'a7dacccc91c3a395a974a6320ee7b316') in 0.011883 seconds
Number of updated asset objects reloaded before import = 0
Number of asset objects unloaded after import = 1
========================================================================
Received Prepare
Caller must complete domain reload
Begin MonoManager ReloadAssembly
- Loaded All Assemblies, in  0.486 seconds
Native extension for UWP target not found
Native extension for WindowsStandalone target not found
Native extension for Android target not found
[Package Manager] Server::EnsureServerProcessIsRunning -- launch failed, reason: Unity was launched with the -noUpm command-line argument
[Package Manager] UpmClient::Send -- Unable to send message (not connected to UPM process).
[Package Manager] Cannot connect to Unity Package Manager local server
[Package Manager] Server::EnsureServerProcessIsRunning -- launch failed, reason: Unity was launched with the -noUpm command-line argument
[Package Manager] UpmClient::Send -- Unable to send message (not connected to UPM process).
[Package Manager] Cannot connect to Unity Package Manager local server
[Synthetic Environments] got match start synth_env_server.exe Bedroom
UnityEngine.StackTraceUtility:ExtractStackTrace ()
UnityEngine.DebugLogHandler:LogFormat (UnityEngine.LogType,UnityEngine.Object,string,object[])
UnityEngine.Logger:Log (UnityEngine.LogType,object)
UnityEngine.Debug:Log (object)
Meta.XR.Simulator.Utils:ReportInfo (string,string) (at ./Library/PackageCache/com.meta.xr.simulator@74.0.0/Editor/Utils.cs:165)
Meta.XR.Simulator.Editor.SyntheticEnvironments.Installer:ParseSynthEnvScript (string) (at ./Library/PackageCache/com.meta.xr.simulator@74.0.0/Editor/SyntheticEnvironments/Installer.cs:98)
Meta.XR.Simulator.Editor.SyntheticEnvironments.Installer:BuildSyntheticEnvironments () (at ./Library/PackageCache/com.meta.xr.simulator@74.0.0/Editor/SyntheticEnvironments/Installer.cs:76)
Meta.XR.Simulator.Editor.SyntheticEnvironments.Registry:RegisterSyntheticEnvironments () (at ./Library/PackageCache/com.meta.xr.simulator@74.0.0/Editor/SyntheticEnvironments/Registry.cs:97)
Meta.XR.Simulator.Editor.SyntheticEnvironments.Registry:.cctor () (at ./Library/PackageCache/com.meta.xr.simulator@74.0.0/Editor/SyntheticEnvironments/Registry.cs:87)
System.Runtime.CompilerServices.RuntimeHelpers:RunClassConstructor (System.RuntimeTypeHandle)
UnityEditor.EditorAssemblies:ProcessInitializeOnLoadAttributes (System.Type[])

(Filename: ./Library/PackageCache/com.meta.xr.simulator@74.0.0/Editor/Utils.cs Line: 165)

[Synthetic Environments] got match start synth_env_server.exe GameRoom
UnityEngine.StackTraceUtility:ExtractStackTrace ()
UnityEngine.DebugLogHandler:LogFormat (UnityEngine.LogType,UnityEngine.Object,string,object[])
UnityEngine.Logger:Log (UnityEngine.LogType,object)
UnityEngine.Debug:Log (object)
Meta.XR.Simulator.Utils:ReportInfo (string,string) (at ./Library/PackageCache/com.meta.xr.simulator@74.0.0/Editor/Utils.cs:165)
Meta.XR.Simulator.Editor.SyntheticEnvironments.Installer:ParseSynthEnvScript (string) (at ./Library/PackageCache/com.meta.xr.simulator@74.0.0/Editor/SyntheticEnvironments/Installer.cs:98)
Meta.XR.Simulator.Editor.SyntheticEnvironments.Installer:BuildSyntheticEnvironments () (at ./Library/PackageCache/com.meta.xr.simulator@74.0.0/Editor/SyntheticEnvironments/Installer.cs:76)
Meta.XR.Simulator.Editor.SyntheticEnvironments.Registry:RegisterSyntheticEnvironments () (at ./Library/PackageCache/com.meta.xr.simulator@74.0.0/Editor/SyntheticEnvironments/Registry.cs:97)
Meta.XR.Simulator.Editor.SyntheticEnvironments.Registry:.cctor () (at ./Library/PackageCache/com.meta.xr.simulator@74.0.0/Editor/SyntheticEnvironments/Registry.cs:87)
System.Runtime.CompilerServices.RuntimeHelpers:RunClassConstructor (System.RuntimeTypeHandle)
UnityEditor.EditorAssemblies:ProcessInitializeOnLoadAttributes (System.Type[])

(Filename: ./Library/PackageCache/com.meta.xr.simulator@74.0.0/Editor/Utils.cs Line: 165)

[Synthetic Environments] got match start synth_env_server.exe LivingRoom
UnityEngine.StackTraceUtility:ExtractStackTrace ()
UnityEngine.DebugLogHandler:LogFormat (UnityEngine.LogType,UnityEngine.Object,string,object[])
UnityEngine.Logger:Log (UnityEngine.LogType,object)
UnityEngine.Debug:Log (object)
Meta.XR.Simulator.Utils:ReportInfo (string,string) (at ./Library/PackageCache/com.meta.xr.simulator@74.0.0/Editor/Utils.cs:165)
Meta.XR.Simulator.Editor.SyntheticEnvironments.Installer:ParseSynthEnvScript (string) (at ./Library/PackageCache/com.meta.xr.simulator@74.0.0/Editor/SyntheticEnvironments/Installer.cs:98)
Meta.XR.Simulator.Editor.SyntheticEnvironments.Installer:BuildSyntheticEnvironments () (at ./Library/PackageCache/com.meta.xr.simulator@74.0.0/Editor/SyntheticEnvironments/Installer.cs:76)
Meta.XR.Simulator.Editor.SyntheticEnvironments.Registry:RegisterSyntheticEnvironments () (at ./Library/PackageCache/com.meta.xr.simulator@74.0.0/Editor/SyntheticEnvironments/Registry.cs:97)
Meta.XR.Simulator.Editor.SyntheticEnvironments.Registry:.cctor () (at ./Library/PackageCache/com.meta.xr.simulator@74.0.0/Editor/SyntheticEnvironments/Registry.cs:87)
System.Runtime.CompilerServices.RuntimeHelpers:RunClassConstructor (System.RuntimeTypeHandle)
UnityEditor.EditorAssemblies:ProcessInitializeOnLoadAttributes (System.Type[])

(Filename: ./Library/PackageCache/com.meta.xr.simulator@74.0.0/Editor/Utils.cs Line: 165)

[Synthetic Environments] got match start synth_env_server_extra_rooms.exe XRoom2_3
UnityEngine.StackTraceUtility:ExtractStackTrace ()
UnityEngine.DebugLogHandler:LogFormat (UnityEngine.LogType,UnityEngine.Object,string,object[])
UnityEngine.Logger:Log (UnityEngine.LogType,object)
UnityEngine.Debug:Log (object)
Meta.XR.Simulator.Utils:ReportInfo (string,string) (at ./Library/PackageCache/com.meta.xr.simulator@74.0.0/Editor/Utils.cs:165)
Meta.XR.Simulator.Editor.SyntheticEnvironments.Installer:ParseSynthEnvScript (string) (at ./Library/PackageCache/com.meta.xr.simulator@74.0.0/Editor/SyntheticEnvironments/Installer.cs:98)
Meta.XR.Simulator.Editor.SyntheticEnvironments.Installer:BuildSyntheticEnvironments () (at ./Library/PackageCache/com.meta.xr.simulator@74.0.0/Editor/SyntheticEnvironments/Installer.cs:76)
Meta.XR.Simulator.Editor.SyntheticEnvironments.Registry:RegisterSyntheticEnvironments () (at ./Library/PackageCache/com.meta.xr.simulator@74.0.0/Editor/SyntheticEnvironments/Registry.cs:97)
Meta.XR.Simulator.Editor.SyntheticEnvironments.Registry:.cctor () (at ./Library/PackageCache/com.meta.xr.simulator@74.0.0/Editor/SyntheticEnvironments/Registry.cs:87)
System.Runtime.CompilerServices.RuntimeHelpers:RunClassConstructor (System.RuntimeTypeHandle)
UnityEditor.EditorAssemblies:ProcessInitializeOnLoadAttributes (System.Type[])

(Filename: ./Library/PackageCache/com.meta.xr.simulator@74.0.0/Editor/Utils.cs Line: 165)

[Synthetic Environments] got match start synth_env_server_extra_rooms.exe XRoom2_4
UnityEngine.StackTraceUtility:ExtractStackTrace ()
UnityEngine.DebugLogHandler:LogFormat (UnityEngine.LogType,UnityEngine.Object,string,object[])
UnityEngine.Logger:Log (UnityEngine.LogType,object)
UnityEngine.Debug:Log (object)
Meta.XR.Simulator.Utils:ReportInfo (string,string) (at ./Library/PackageCache/com.meta.xr.simulator@74.0.0/Editor/Utils.cs:165)
Meta.XR.Simulator.Editor.SyntheticEnvironments.Installer:ParseSynthEnvScript (string) (at ./Library/PackageCache/com.meta.xr.simulator@74.0.0/Editor/SyntheticEnvironments/Installer.cs:98)
Meta.XR.Simulator.Editor.SyntheticEnvironments.Installer:BuildSyntheticEnvironments () (at ./Library/PackageCache/com.meta.xr.simulator@74.0.0/Editor/SyntheticEnvironments/Installer.cs:76)
Meta.XR.Simulator.Editor.SyntheticEnvironments.Registry:RegisterSyntheticEnvironments () (at ./Library/PackageCache/com.meta.xr.simulator@74.0.0/Editor/SyntheticEnvironments/Registry.cs:97)
Meta.XR.Simulator.Editor.SyntheticEnvironments.Registry:.cctor () (at ./Library/PackageCache/com.meta.xr.simulator@74.0.0/Editor/SyntheticEnvironments/Registry.cs:87)
System.Runtime.CompilerServices.RuntimeHelpers:RunClassConstructor (System.RuntimeTypeHandle)
UnityEditor.EditorAssemblies:ProcessInitializeOnLoadAttributes (System.Type[])

(Filename: ./Library/PackageCache/com.meta.xr.simulator@74.0.0/Editor/Utils.cs Line: 165)

[Synthetic Environments] got match start synth_env_server_extra_rooms.exe XRoom5_6
UnityEngine.StackTraceUtility:ExtractStackTrace ()
UnityEngine.DebugLogHandler:LogFormat (UnityEngine.LogType,UnityEngine.Object,string,object[])
UnityEngine.Logger:Log (UnityEngine.LogType,object)
UnityEngine.Debug:Log (object)
Meta.XR.Simulator.Utils:ReportInfo (string,string) (at ./Library/PackageCache/com.meta.xr.simulator@74.0.0/Editor/Utils.cs:165)
Meta.XR.Simulator.Editor.SyntheticEnvironments.Installer:ParseSynthEnvScript (string) (at ./Library/PackageCache/com.meta.xr.simulator@74.0.0/Editor/SyntheticEnvironments/Installer.cs:98)
Meta.XR.Simulator.Editor.SyntheticEnvironments.Installer:BuildSyntheticEnvironments () (at ./Library/PackageCache/com.meta.xr.simulator@74.0.0/Editor/SyntheticEnvironments/Installer.cs:76)
Meta.XR.Simulator.Editor.SyntheticEnvironments.Registry:RegisterSyntheticEnvironments () (at ./Library/PackageCache/com.meta.xr.simulator@74.0.0/Editor/SyntheticEnvironments/Registry.cs:97)
Meta.XR.Simulator.Editor.SyntheticEnvironments.Registry:.cctor () (at ./Library/PackageCache/com.meta.xr.simulator@74.0.0/Editor/SyntheticEnvironments/Registry.cs:87)
System.Runtime.CompilerServices.RuntimeHelpers:RunClassConstructor (System.RuntimeTypeHandle)
UnityEditor.EditorAssemblies:ProcessInitializeOnLoadAttributes (System.Type[])

(Filename: ./Library/PackageCache/com.meta.xr.simulator@74.0.0/Editor/Utils.cs Line: 165)

[Synthetic Environments] got match start synth_env_server_extra_rooms.exe XRoom5_1
UnityEngine.StackTraceUtility:ExtractStackTrace ()
UnityEngine.DebugLogHandler:LogFormat (UnityEngine.LogType,UnityEngine.Object,string,object[])
UnityEngine.Logger:Log (UnityEngine.LogType,object)
UnityEngine.Debug:Log (object)
Meta.XR.Simulator.Utils:ReportInfo (string,string) (at ./Library/PackageCache/com.meta.xr.simulator@74.0.0/Editor/Utils.cs:165)
Meta.XR.Simulator.Editor.SyntheticEnvironments.Installer:ParseSynthEnvScript (string) (at ./Library/PackageCache/com.meta.xr.simulator@74.0.0/Editor/SyntheticEnvironments/Installer.cs:98)
Meta.XR.Simulator.Editor.SyntheticEnvironments.Installer:BuildSyntheticEnvironments () (at ./Library/PackageCache/com.meta.xr.simulator@74.0.0/Editor/SyntheticEnvironments/Installer.cs:76)
Meta.XR.Simulator.Editor.SyntheticEnvironments.Registry:RegisterSyntheticEnvironments () (at ./Library/PackageCache/com.meta.xr.simulator@74.0.0/Editor/SyntheticEnvironments/Registry.cs:97)
Meta.XR.Simulator.Editor.SyntheticEnvironments.Registry:.cctor () (at ./Library/PackageCache/com.meta.xr.simulator@74.0.0/Editor/SyntheticEnvironments/Registry.cs:87)
System.Runtime.CompilerServices.RuntimeHelpers:RunClassConstructor (System.RuntimeTypeHandle)
UnityEditor.EditorAssemblies:ProcessInitializeOnLoadAttributes (System.Type[])

(Filename: ./Library/PackageCache/com.meta.xr.simulator@74.0.0/Editor/Utils.cs Line: 165)

[Synthetic Environments] got match start synth_env_server_extra_rooms.exe XRoom3_1
UnityEngine.StackTraceUtility:ExtractStackTrace ()
UnityEngine.DebugLogHandler:LogFormat (UnityEngine.LogType,UnityEngine.Object,string,object[])
UnityEngine.Logger:Log (UnityEngine.LogType,object)
UnityEngine.Debug:Log (object)
Meta.XR.Simulator.Utils:ReportInfo (string,string) (at ./Library/PackageCache/com.meta.xr.simulator@74.0.0/Editor/Utils.cs:165)
Meta.XR.Simulator.Editor.SyntheticEnvironments.Installer:ParseSynthEnvScript (string) (at ./Library/PackageCache/com.meta.xr.simulator@74.0.0/Editor/SyntheticEnvironments/Installer.cs:98)
Meta.XR.Simulator.Editor.SyntheticEnvironments.Installer:BuildSyntheticEnvironments () (at ./Library/PackageCache/com.meta.xr.simulator@74.0.0/Editor/SyntheticEnvironments/Installer.cs:76)
Meta.XR.Simulator.Editor.SyntheticEnvironments.Registry:RegisterSyntheticEnvironments () (at ./Library/PackageCache/com.meta.xr.simulator@74.0.0/Editor/SyntheticEnvironments/Registry.cs:97)
Meta.XR.Simulator.Editor.SyntheticEnvironments.Registry:.cctor () (at ./Library/PackageCache/com.meta.xr.simulator@74.0.0/Editor/SyntheticEnvironments/Registry.cs:87)
System.Runtime.CompilerServices.RuntimeHelpers:RunClassConstructor (System.RuntimeTypeHandle)
UnityEditor.EditorAssemblies:ProcessInitializeOnLoadAttributes (System.Type[])

(Filename: ./Library/PackageCache/com.meta.xr.simulator@74.0.0/Editor/Utils.cs Line: 165)

[Synthetic Environments] got match start synth_env_server_extra_rooms.exe XRoom1_2
UnityEngine.StackTraceUtility:ExtractStackTrace ()
UnityEngine.DebugLogHandler:LogFormat (UnityEngine.LogType,UnityEngine.Object,string,object[])
UnityEngine.Logger:Log (UnityEngine.LogType,object)
UnityEngine.Debug:Log (object)
Meta.XR.Simulator.Utils:ReportInfo (string,string) (at ./Library/PackageCache/com.meta.xr.simulator@74.0.0/Editor/Utils.cs:165)
Meta.XR.Simulator.Editor.SyntheticEnvironments.Installer:ParseSynthEnvScript (string) (at ./Library/PackageCache/com.meta.xr.simulator@74.0.0/Editor/SyntheticEnvironments/Installer.cs:98)
Meta.XR.Simulator.Editor.SyntheticEnvironments.Installer:BuildSyntheticEnvironments () (at ./Library/PackageCache/com.meta.xr.simulator@74.0.0/Editor/SyntheticEnvironments/Installer.cs:76)
Meta.XR.Simulator.Editor.SyntheticEnvironments.Registry:RegisterSyntheticEnvironments () (at ./Library/PackageCache/com.meta.xr.simulator@74.0.0/Editor/SyntheticEnvironments/Registry.cs:97)
Meta.XR.Simulator.Editor.SyntheticEnvironments.Registry:.cctor () (at ./Library/PackageCache/com.meta.xr.simulator@74.0.0/Editor/SyntheticEnvironments/Registry.cs:87)
System.Runtime.CompilerServices.RuntimeHelpers:RunClassConstructor (System.RuntimeTypeHandle)
UnityEditor.EditorAssemblies:ProcessInitializeOnLoadAttributes (System.Type[])

(Filename: ./Library/PackageCache/com.meta.xr.simulator@74.0.0/Editor/Utils.cs Line: 165)

[Synthetic Environments] got match start synth_env_server_extra_rooms.exe XRoom1_1
UnityEngine.StackTraceUtility:ExtractStackTrace ()
UnityEngine.DebugLogHandler:LogFormat (UnityEngine.LogType,UnityEngine.Object,string,object[])
UnityEngine.Logger:Log (UnityEngine.LogType,object)
UnityEngine.Debug:Log (object)
Meta.XR.Simulator.Utils:ReportInfo (string,string) (at ./Library/PackageCache/com.meta.xr.simulator@74.0.0/Editor/Utils.cs:165)
Meta.XR.Simulator.Editor.SyntheticEnvironments.Installer:ParseSynthEnvScript (string) (at ./Library/PackageCache/com.meta.xr.simulator@74.0.0/Editor/SyntheticEnvironments/Installer.cs:98)
Meta.XR.Simulator.Editor.SyntheticEnvironments.Installer:BuildSyntheticEnvironments () (at ./Library/PackageCache/com.meta.xr.simulator@74.0.0/Editor/SyntheticEnvironments/Installer.cs:76)
Meta.XR.Simulator.Editor.SyntheticEnvironments.Registry:RegisterSyntheticEnvironments () (at ./Library/PackageCache/com.meta.xr.simulator@74.0.0/Editor/SyntheticEnvironments/Registry.cs:97)
Meta.XR.Simulator.Editor.SyntheticEnvironments.Registry:.cctor () (at ./Library/PackageCache/com.meta.xr.simulator@74.0.0/Editor/SyntheticEnvironments/Registry.cs:87)
System.Runtime.CompilerServices.RuntimeHelpers:RunClassConstructor (System.RuntimeTypeHandle)
UnityEditor.EditorAssemblies:ProcessInitializeOnLoadAttributes (System.Type[])

(Filename: ./Library/PackageCache/com.meta.xr.simulator@74.0.0/Editor/Utils.cs Line: 165)

[Synthetic Environments] got match start synth_env_server_extra_rooms.exe XRoom1_4
UnityEngine.StackTraceUtility:ExtractStackTrace ()
UnityEngine.DebugLogHandler:LogFormat (UnityEngine.LogType,UnityEngine.Object,string,object[])
UnityEngine.Logger:Log (UnityEngine.LogType,object)
UnityEngine.Debug:Log (object)
Meta.XR.Simulator.Utils:ReportInfo (string,string) (at ./Library/PackageCache/com.meta.xr.simulator@74.0.0/Editor/Utils.cs:165)
Meta.XR.Simulator.Editor.SyntheticEnvironments.Installer:ParseSynthEnvScript (string) (at ./Library/PackageCache/com.meta.xr.simulator@74.0.0/Editor/SyntheticEnvironments/Installer.cs:98)
Meta.XR.Simulator.Editor.SyntheticEnvironments.Installer:BuildSyntheticEnvironments () (at ./Library/PackageCache/com.meta.xr.simulator@74.0.0/Editor/SyntheticEnvironments/Installer.cs:76)
Meta.XR.Simulator.Editor.SyntheticEnvironments.Registry:RegisterSyntheticEnvironments () (at ./Library/PackageCache/com.meta.xr.simulator@74.0.0/Editor/SyntheticEnvironments/Registry.cs:97)
Meta.XR.Simulator.Editor.SyntheticEnvironments.Registry:.cctor () (at ./Library/PackageCache/com.meta.xr.simulator@74.0.0/Editor/SyntheticEnvironments/Registry.cs:87)
System.Runtime.CompilerServices.RuntimeHelpers:RunClassConstructor (System.RuntimeTypeHandle)
UnityEditor.EditorAssemblies:ProcessInitializeOnLoadAttributes (System.Type[])

(Filename: ./Library/PackageCache/com.meta.xr.simulator@74.0.0/Editor/Utils.cs Line: 165)

[Package Manager] Server::EnsureServerProcessIsRunning -- launch failed, reason: Unity was launched with the -noUpm command-line argument
[Package Manager] UpmClient::Send -- Unable to send message (not connected to UPM process).
[Package Manager] Cannot connect to Unity Package Manager local server
Mono: successfully reloaded assembly
[Package Manager] Server::EnsureServerProcessIsRunning -- launch failed, reason: Unity was launched with the -noUpm command-line argument
[Package Manager] UpmClient::Send -- Unable to send message (not connected to UPM process).
[Package Manager] Cannot connect to Unity Package Manager local server
- Finished resetting the current domain, in  1.284 seconds
Domain Reload Profiling: 1764ms
	BeginReloadAssembly (147ms)
		ExecutionOrderSort (0ms)
		DisableScriptedObjects (3ms)
		BackupInstance (0ms)
		ReleaseScriptingObjects (0ms)
		CreateAndSetChildDomain (42ms)
	RebuildCommonClasses (25ms)
	RebuildNativeTypeToScriptingClass (9ms)
	initialDomainReloadingComplete (24ms)
	LoadAllAssembliesAndSetupDomain (274ms)
		LoadAssemblies (317ms)
		RebuildTransferFunctionScriptingTraits (0ms)
		AnalyzeDomain (26ms)
			TypeCache.Refresh (7ms)
				TypeCache.ScanAssembly (0ms)
			ScanForSourceGeneratedMonoScriptInfo (0ms)
			ResolveRequiredComponents (17ms)
	FinalizeReload (1285ms)
		ReleaseScriptCaches (0ms)
		RebuildScriptCaches (0ms)
		SetupLoadedEditorAssemblies (732ms)
			LogAssemblyErrors (0ms)
			InitializePlatformSupportModulesInManaged (16ms)
			SetLoadedEditorAssemblies (5ms)
			RefreshPlugins (0ms)
			BeforeProcessingInitializeOnLoad (105ms)
			ProcessInitializeOnLoadAttributes (546ms)
			ProcessInitializeOnLoadMethodAttributes (54ms)
			AfterProcessingInitializeOnLoad (6ms)
			EditorAssembliesLoaded (0ms)
		ExecutionOrderSort2 (0ms)
		AwakeInstancesAfterBackupRestoration (5ms)
Shader 'Meta/MRUK/Scene/HighlightsAndShadows': fallback shader 'Off' not found
Shader 'Oculus/OVRMRCameraFrameLit': fallback shader 'Alpha-Diffuse' not found
Refreshing native plugins compatible for Editor in 17.86 ms, found 17 plugins.
Preloading 2 native plugins for Editor in 0.08 ms.
Unloading 6994 Unused Serialized files (Serialized files now loaded: 0)
Unloading 112 unused Assets / (475.1 KB). Loaded Objects now: 7599.
Memory consumption went from 230.8 MB to 230.3 MB.
Total: 5.604400 ms (FindLiveObjects: 0.360600 ms CreateObjectMapping: 0.240300 ms MarkObjects: 4.715500 ms  DeleteObjects: 0.287000 ms)

Prepare: number of updated asset objects reloaded= 0
AssetImportParameters requested are different than current active one (requested -> active):
  custom:container-demuxer-ogg: 62fdf1f143b41e24485cea50d1cbac27 -> 
  custom:framework-win-MediaFoundation: 216162199b28c13a410421893ffa2e32 -> 
  custom:container-muxer-webm: aa71ff27fc2769a1b78a27578f13a17b -> 
  custom:video-decoder-webm-vp8: 9c59270c3fd7afecdb556c50c9e8de78 -> 
  custom:SearchIndexIgnoredProperties: e643bd26f0fe6173181afceb89e7c659 -> 
  custom:AudioImporter_EditorPlatform: d09bf68614088b80899f8185d706f6e7 -> 
  custom:audio-decoder-ogg-vorbis: bf7c407c2cedff20999df2af8eb42d56 -> 
  custom:audio-encoder-webm-vorbis: bf7c407c2cedff20999df2af8eb42d56 -> 
  custom:video-codec-MediaFoundation-h265: 746d11721c4dcdbdad8f713fa42b33f4 -> 
  custom:video-decoder-ogg-theora: a1e56fd34408186e4bbccfd4996cb3dc -> 
  custom:CustomObjectIndexerAttribute: 9a22284fe3817be447336de3de66b15e -> 
  custom:container-demuxer-webm: 4f35f7cbe854078d1ac9338744f61a02 -> 
  custom:video-encoder-webm-vp8: eb34c28f22e8b96e1ab97ce403110664 -> 
========================================================================
Received Import Request.
  Time since last request: 108.471135 seconds.
  path: Assets/Materials/Marker White 2.mat
  artifactKey: Guid(2d1a4802565a1f8479c6f5cc8436e1f4) Importer(815301076,1909f56bfc062723c751e8b465ee728b)
Start importing Assets/Materials/Marker White 2.mat using Guid(2d1a4802565a1f8479c6f5cc8436e1f4) Importer(815301076,1909f56bfc062723c751e8b465ee728b) [PhysX] Initialized MultithreadedTaskDispatcher with 24 workers.
[PhysX] Initialized MultithreadedTaskDispatcher with 24 workers.
 -> (artifact id: '9fbfe85d97336a2ad67e39f2d22c216d') in 0.071397 seconds
Number of updated asset objects reloaded before import = 0
Number of asset objects unloaded after import = 1
========================================================================
Received Prepare
Caller must complete domain reload
Begin MonoManager ReloadAssembly
- Loaded All Assemblies, in  0.468 seconds
Native extension for UWP target not found
Native extension for WindowsStandalone target not found
Native extension for Android target not found
[Package Manager] Server::EnsureServerProcessIsRunning -- launch failed, reason: Unity was launched with the -noUpm command-line argument
[Package Manager] UpmClient::Send -- Unable to send message (not connected to UPM process).
[Package Manager] Cannot connect to Unity Package Manager local server
[Package Manager] Server::EnsureServerProcessIsRunning -- launch failed, reason: Unity was launched with the -noUpm command-line argument
[Package Manager] UpmClient::Send -- Unable to send message (not connected to UPM process).
[Package Manager] Cannot connect to Unity Package Manager local server
[Synthetic Environments] got match start synth_env_server.exe Bedroom
UnityEngine.StackTraceUtility:ExtractStackTrace ()
UnityEngine.DebugLogHandler:LogFormat (UnityEngine.LogType,UnityEngine.Object,string,object[])
UnityEngine.Logger:Log (UnityEngine.LogType,object)
UnityEngine.Debug:Log (object)
Meta.XR.Simulator.Utils:ReportInfo (string,string) (at ./Library/PackageCache/com.meta.xr.simulator@74.0.0/Editor/Utils.cs:165)
Meta.XR.Simulator.Editor.SyntheticEnvironments.Installer:ParseSynthEnvScript (string) (at ./Library/PackageCache/com.meta.xr.simulator@74.0.0/Editor/SyntheticEnvironments/Installer.cs:98)
Meta.XR.Simulator.Editor.SyntheticEnvironments.Installer:BuildSyntheticEnvironments () (at ./Library/PackageCache/com.meta.xr.simulator@74.0.0/Editor/SyntheticEnvironments/Installer.cs:76)
Meta.XR.Simulator.Editor.SyntheticEnvironments.Registry:RegisterSyntheticEnvironments () (at ./Library/PackageCache/com.meta.xr.simulator@74.0.0/Editor/SyntheticEnvironments/Registry.cs:97)
Meta.XR.Simulator.Editor.SyntheticEnvironments.Registry:.cctor () (at ./Library/PackageCache/com.meta.xr.simulator@74.0.0/Editor/SyntheticEnvironments/Registry.cs:87)
System.Runtime.CompilerServices.RuntimeHelpers:RunClassConstructor (System.RuntimeTypeHandle)
UnityEditor.EditorAssemblies:ProcessInitializeOnLoadAttributes (System.Type[])

(Filename: ./Library/PackageCache/com.meta.xr.simulator@74.0.0/Editor/Utils.cs Line: 165)

[Synthetic Environments] got match start synth_env_server.exe GameRoom
UnityEngine.StackTraceUtility:ExtractStackTrace ()
UnityEngine.DebugLogHandler:LogFormat (UnityEngine.LogType,UnityEngine.Object,string,object[])
UnityEngine.Logger:Log (UnityEngine.LogType,object)
UnityEngine.Debug:Log (object)
Meta.XR.Simulator.Utils:ReportInfo (string,string) (at ./Library/PackageCache/com.meta.xr.simulator@74.0.0/Editor/Utils.cs:165)
Meta.XR.Simulator.Editor.SyntheticEnvironments.Installer:ParseSynthEnvScript (string) (at ./Library/PackageCache/com.meta.xr.simulator@74.0.0/Editor/SyntheticEnvironments/Installer.cs:98)
Meta.XR.Simulator.Editor.SyntheticEnvironments.Installer:BuildSyntheticEnvironments () (at ./Library/PackageCache/com.meta.xr.simulator@74.0.0/Editor/SyntheticEnvironments/Installer.cs:76)
Meta.XR.Simulator.Editor.SyntheticEnvironments.Registry:RegisterSyntheticEnvironments () (at ./Library/PackageCache/com.meta.xr.simulator@74.0.0/Editor/SyntheticEnvironments/Registry.cs:97)
Meta.XR.Simulator.Editor.SyntheticEnvironments.Registry:.cctor () (at ./Library/PackageCache/com.meta.xr.simulator@74.0.0/Editor/SyntheticEnvironments/Registry.cs:87)
System.Runtime.CompilerServices.RuntimeHelpers:RunClassConstructor (System.RuntimeTypeHandle)
UnityEditor.EditorAssemblies:ProcessInitializeOnLoadAttributes (System.Type[])

(Filename: ./Library/PackageCache/com.meta.xr.simulator@74.0.0/Editor/Utils.cs Line: 165)

[Synthetic Environments] got match start synth_env_server.exe LivingRoom
UnityEngine.StackTraceUtility:ExtractStackTrace ()
UnityEngine.DebugLogHandler:LogFormat (UnityEngine.LogType,UnityEngine.Object,string,object[])
UnityEngine.Logger:Log (UnityEngine.LogType,object)
UnityEngine.Debug:Log (object)
Meta.XR.Simulator.Utils:ReportInfo (string,string) (at ./Library/PackageCache/com.meta.xr.simulator@74.0.0/Editor/Utils.cs:165)
Meta.XR.Simulator.Editor.SyntheticEnvironments.Installer:ParseSynthEnvScript (string) (at ./Library/PackageCache/com.meta.xr.simulator@74.0.0/Editor/SyntheticEnvironments/Installer.cs:98)
Meta.XR.Simulator.Editor.SyntheticEnvironments.Installer:BuildSyntheticEnvironments () (at ./Library/PackageCache/com.meta.xr.simulator@74.0.0/Editor/SyntheticEnvironments/Installer.cs:76)
Meta.XR.Simulator.Editor.SyntheticEnvironments.Registry:RegisterSyntheticEnvironments () (at ./Library/PackageCache/com.meta.xr.simulator@74.0.0/Editor/SyntheticEnvironments/Registry.cs:97)
Meta.XR.Simulator.Editor.SyntheticEnvironments.Registry:.cctor () (at ./Library/PackageCache/com.meta.xr.simulator@74.0.0/Editor/SyntheticEnvironments/Registry.cs:87)
System.Runtime.CompilerServices.RuntimeHelpers:RunClassConstructor (System.RuntimeTypeHandle)
UnityEditor.EditorAssemblies:ProcessInitializeOnLoadAttributes (System.Type[])

(Filename: ./Library/PackageCache/com.meta.xr.simulator@74.0.0/Editor/Utils.cs Line: 165)

[Synthetic Environments] got match start synth_env_server_extra_rooms.exe XRoom2_3
UnityEngine.StackTraceUtility:ExtractStackTrace ()
UnityEngine.DebugLogHandler:LogFormat (UnityEngine.LogType,UnityEngine.Object,string,object[])
UnityEngine.Logger:Log (UnityEngine.LogType,object)
UnityEngine.Debug:Log (object)
Meta.XR.Simulator.Utils:ReportInfo (string,string) (at ./Library/PackageCache/com.meta.xr.simulator@74.0.0/Editor/Utils.cs:165)
Meta.XR.Simulator.Editor.SyntheticEnvironments.Installer:ParseSynthEnvScript (string) (at ./Library/PackageCache/com.meta.xr.simulator@74.0.0/Editor/SyntheticEnvironments/Installer.cs:98)
Meta.XR.Simulator.Editor.SyntheticEnvironments.Installer:BuildSyntheticEnvironments () (at ./Library/PackageCache/com.meta.xr.simulator@74.0.0/Editor/SyntheticEnvironments/Installer.cs:76)
Meta.XR.Simulator.Editor.SyntheticEnvironments.Registry:RegisterSyntheticEnvironments () (at ./Library/PackageCache/com.meta.xr.simulator@74.0.0/Editor/SyntheticEnvironments/Registry.cs:97)
Meta.XR.Simulator.Editor.SyntheticEnvironments.Registry:.cctor () (at ./Library/PackageCache/com.meta.xr.simulator@74.0.0/Editor/SyntheticEnvironments/Registry.cs:87)
System.Runtime.CompilerServices.RuntimeHelpers:RunClassConstructor (System.RuntimeTypeHandle)
UnityEditor.EditorAssemblies:ProcessInitializeOnLoadAttributes (System.Type[])

(Filename: ./Library/PackageCache/com.meta.xr.simulator@74.0.0/Editor/Utils.cs Line: 165)

[Synthetic Environments] got match start synth_env_server_extra_rooms.exe XRoom2_4
UnityEngine.StackTraceUtility:ExtractStackTrace ()
UnityEngine.DebugLogHandler:LogFormat (UnityEngine.LogType,UnityEngine.Object,string,object[])
UnityEngine.Logger:Log (UnityEngine.LogType,object)
UnityEngine.Debug:Log (object)
Meta.XR.Simulator.Utils:ReportInfo (string,string) (at ./Library/PackageCache/com.meta.xr.simulator@74.0.0/Editor/Utils.cs:165)
Meta.XR.Simulator.Editor.SyntheticEnvironments.Installer:ParseSynthEnvScript (string) (at ./Library/PackageCache/com.meta.xr.simulator@74.0.0/Editor/SyntheticEnvironments/Installer.cs:98)
Meta.XR.Simulator.Editor.SyntheticEnvironments.Installer:BuildSyntheticEnvironments () (at ./Library/PackageCache/com.meta.xr.simulator@74.0.0/Editor/SyntheticEnvironments/Installer.cs:76)
Meta.XR.Simulator.Editor.SyntheticEnvironments.Registry:RegisterSyntheticEnvironments () (at ./Library/PackageCache/com.meta.xr.simulator@74.0.0/Editor/SyntheticEnvironments/Registry.cs:97)
Meta.XR.Simulator.Editor.SyntheticEnvironments.Registry:.cctor () (at ./Library/PackageCache/com.meta.xr.simulator@74.0.0/Editor/SyntheticEnvironments/Registry.cs:87)
System.Runtime.CompilerServices.RuntimeHelpers:RunClassConstructor (System.RuntimeTypeHandle)
UnityEditor.EditorAssemblies:ProcessInitializeOnLoadAttributes (System.Type[])

(Filename: ./Library/PackageCache/com.meta.xr.simulator@74.0.0/Editor/Utils.cs Line: 165)

[Synthetic Environments] got match start synth_env_server_extra_rooms.exe XRoom5_6
UnityEngine.StackTraceUtility:ExtractStackTrace ()
UnityEngine.DebugLogHandler:LogFormat (UnityEngine.LogType,UnityEngine.Object,string,object[])
UnityEngine.Logger:Log (UnityEngine.LogType,object)
UnityEngine.Debug:Log (object)
Meta.XR.Simulator.Utils:ReportInfo (string,string) (at ./Library/PackageCache/com.meta.xr.simulator@74.0.0/Editor/Utils.cs:165)
Meta.XR.Simulator.Editor.SyntheticEnvironments.Installer:ParseSynthEnvScript (string) (at ./Library/PackageCache/com.meta.xr.simulator@74.0.0/Editor/SyntheticEnvironments/Installer.cs:98)
Meta.XR.Simulator.Editor.SyntheticEnvironments.Installer:BuildSyntheticEnvironments () (at ./Library/PackageCache/com.meta.xr.simulator@74.0.0/Editor/SyntheticEnvironments/Installer.cs:76)
Meta.XR.Simulator.Editor.SyntheticEnvironments.Registry:RegisterSyntheticEnvironments () (at ./Library/PackageCache/com.meta.xr.simulator@74.0.0/Editor/SyntheticEnvironments/Registry.cs:97)
Meta.XR.Simulator.Editor.SyntheticEnvironments.Registry:.cctor () (at ./Library/PackageCache/com.meta.xr.simulator@74.0.0/Editor/SyntheticEnvironments/Registry.cs:87)
System.Runtime.CompilerServices.RuntimeHelpers:RunClassConstructor (System.RuntimeTypeHandle)
UnityEditor.EditorAssemblies:ProcessInitializeOnLoadAttributes (System.Type[])

(Filename: ./Library/PackageCache/com.meta.xr.simulator@74.0.0/Editor/Utils.cs Line: 165)

[Synthetic Environments] got match start synth_env_server_extra_rooms.exe XRoom5_1
UnityEngine.StackTraceUtility:ExtractStackTrace ()
UnityEngine.DebugLogHandler:LogFormat (UnityEngine.LogType,UnityEngine.Object,string,object[])
UnityEngine.Logger:Log (UnityEngine.LogType,object)
UnityEngine.Debug:Log (object)
Meta.XR.Simulator.Utils:ReportInfo (string,string) (at ./Library/PackageCache/com.meta.xr.simulator@74.0.0/Editor/Utils.cs:165)
Meta.XR.Simulator.Editor.SyntheticEnvironments.Installer:ParseSynthEnvScript (string) (at ./Library/PackageCache/com.meta.xr.simulator@74.0.0/Editor/SyntheticEnvironments/Installer.cs:98)
Meta.XR.Simulator.Editor.SyntheticEnvironments.Installer:BuildSyntheticEnvironments () (at ./Library/PackageCache/com.meta.xr.simulator@74.0.0/Editor/SyntheticEnvironments/Installer.cs:76)
Meta.XR.Simulator.Editor.SyntheticEnvironments.Registry:RegisterSyntheticEnvironments () (at ./Library/PackageCache/com.meta.xr.simulator@74.0.0/Editor/SyntheticEnvironments/Registry.cs:97)
Meta.XR.Simulator.Editor.SyntheticEnvironments.Registry:.cctor () (at ./Library/PackageCache/com.meta.xr.simulator@74.0.0/Editor/SyntheticEnvironments/Registry.cs:87)
System.Runtime.CompilerServices.RuntimeHelpers:RunClassConstructor (System.RuntimeTypeHandle)
UnityEditor.EditorAssemblies:ProcessInitializeOnLoadAttributes (System.Type[])

(Filename: ./Library/PackageCache/com.meta.xr.simulator@74.0.0/Editor/Utils.cs Line: 165)

[Synthetic Environments] got match start synth_env_server_extra_rooms.exe XRoom3_1
UnityEngine.StackTraceUtility:ExtractStackTrace ()
UnityEngine.DebugLogHandler:LogFormat (UnityEngine.LogType,UnityEngine.Object,string,object[])
UnityEngine.Logger:Log (UnityEngine.LogType,object)
UnityEngine.Debug:Log (object)
Meta.XR.Simulator.Utils:ReportInfo (string,string) (at ./Library/PackageCache/com.meta.xr.simulator@74.0.0/Editor/Utils.cs:165)
Meta.XR.Simulator.Editor.SyntheticEnvironments.Installer:ParseSynthEnvScript (string) (at ./Library/PackageCache/com.meta.xr.simulator@74.0.0/Editor/SyntheticEnvironments/Installer.cs:98)
Meta.XR.Simulator.Editor.SyntheticEnvironments.Installer:BuildSyntheticEnvironments () (at ./Library/PackageCache/com.meta.xr.simulator@74.0.0/Editor/SyntheticEnvironments/Installer.cs:76)
Meta.XR.Simulator.Editor.SyntheticEnvironments.Registry:RegisterSyntheticEnvironments () (at ./Library/PackageCache/com.meta.xr.simulator@74.0.0/Editor/SyntheticEnvironments/Registry.cs:97)
Meta.XR.Simulator.Editor.SyntheticEnvironments.Registry:.cctor () (at ./Library/PackageCache/com.meta.xr.simulator@74.0.0/Editor/SyntheticEnvironments/Registry.cs:87)
System.Runtime.CompilerServices.RuntimeHelpers:RunClassConstructor (System.RuntimeTypeHandle)
UnityEditor.EditorAssemblies:ProcessInitializeOnLoadAttributes (System.Type[])

(Filename: ./Library/PackageCache/com.meta.xr.simulator@74.0.0/Editor/Utils.cs Line: 165)

[Synthetic Environments] got match start synth_env_server_extra_rooms.exe XRoom1_2
UnityEngine.StackTraceUtility:ExtractStackTrace ()
UnityEngine.DebugLogHandler:LogFormat (UnityEngine.LogType,UnityEngine.Object,string,object[])
UnityEngine.Logger:Log (UnityEngine.LogType,object)
UnityEngine.Debug:Log (object)
Meta.XR.Simulator.Utils:ReportInfo (string,string) (at ./Library/PackageCache/com.meta.xr.simulator@74.0.0/Editor/Utils.cs:165)
Meta.XR.Simulator.Editor.SyntheticEnvironments.Installer:ParseSynthEnvScript (string) (at ./Library/PackageCache/com.meta.xr.simulator@74.0.0/Editor/SyntheticEnvironments/Installer.cs:98)
Meta.XR.Simulator.Editor.SyntheticEnvironments.Installer:BuildSyntheticEnvironments () (at ./Library/PackageCache/com.meta.xr.simulator@74.0.0/Editor/SyntheticEnvironments/Installer.cs:76)
Meta.XR.Simulator.Editor.SyntheticEnvironments.Registry:RegisterSyntheticEnvironments () (at ./Library/PackageCache/com.meta.xr.simulator@74.0.0/Editor/SyntheticEnvironments/Registry.cs:97)
Meta.XR.Simulator.Editor.SyntheticEnvironments.Registry:.cctor () (at ./Library/PackageCache/com.meta.xr.simulator@74.0.0/Editor/SyntheticEnvironments/Registry.cs:87)
System.Runtime.CompilerServices.RuntimeHelpers:RunClassConstructor (System.RuntimeTypeHandle)
UnityEditor.EditorAssemblies:ProcessInitializeOnLoadAttributes (System.Type[])

(Filename: ./Library/PackageCache/com.meta.xr.simulator@74.0.0/Editor/Utils.cs Line: 165)

[Synthetic Environments] got match start synth_env_server_extra_rooms.exe XRoom1_1
UnityEngine.StackTraceUtility:ExtractStackTrace ()
UnityEngine.DebugLogHandler:LogFormat (UnityEngine.LogType,UnityEngine.Object,string,object[])
UnityEngine.Logger:Log (UnityEngine.LogType,object)
UnityEngine.Debug:Log (object)
Meta.XR.Simulator.Utils:ReportInfo (string,string) (at ./Library/PackageCache/com.meta.xr.simulator@74.0.0/Editor/Utils.cs:165)
Meta.XR.Simulator.Editor.SyntheticEnvironments.Installer:ParseSynthEnvScript (string) (at ./Library/PackageCache/com.meta.xr.simulator@74.0.0/Editor/SyntheticEnvironments/Installer.cs:98)
Meta.XR.Simulator.Editor.SyntheticEnvironments.Installer:BuildSyntheticEnvironments () (at ./Library/PackageCache/com.meta.xr.simulator@74.0.0/Editor/SyntheticEnvironments/Installer.cs:76)
Meta.XR.Simulator.Editor.SyntheticEnvironments.Registry:RegisterSyntheticEnvironments () (at ./Library/PackageCache/com.meta.xr.simulator@74.0.0/Editor/SyntheticEnvironments/Registry.cs:97)
Meta.XR.Simulator.Editor.SyntheticEnvironments.Registry:.cctor () (at ./Library/PackageCache/com.meta.xr.simulator@74.0.0/Editor/SyntheticEnvironments/Registry.cs:87)
System.Runtime.CompilerServices.RuntimeHelpers:RunClassConstructor (System.RuntimeTypeHandle)
UnityEditor.EditorAssemblies:ProcessInitializeOnLoadAttributes (System.Type[])

(Filename: ./Library/PackageCache/com.meta.xr.simulator@74.0.0/Editor/Utils.cs Line: 165)

[Synthetic Environments] got match start synth_env_server_extra_rooms.exe XRoom1_4
UnityEngine.StackTraceUtility:ExtractStackTrace ()
UnityEngine.DebugLogHandler:LogFormat (UnityEngine.LogType,UnityEngine.Object,string,object[])
UnityEngine.Logger:Log (UnityEngine.LogType,object)
UnityEngine.Debug:Log (object)
Meta.XR.Simulator.Utils:ReportInfo (string,string) (at ./Library/PackageCache/com.meta.xr.simulator@74.0.0/Editor/Utils.cs:165)
Meta.XR.Simulator.Editor.SyntheticEnvironments.Installer:ParseSynthEnvScript (string) (at ./Library/PackageCache/com.meta.xr.simulator@74.0.0/Editor/SyntheticEnvironments/Installer.cs:98)
Meta.XR.Simulator.Editor.SyntheticEnvironments.Installer:BuildSyntheticEnvironments () (at ./Library/PackageCache/com.meta.xr.simulator@74.0.0/Editor/SyntheticEnvironments/Installer.cs:76)
Meta.XR.Simulator.Editor.SyntheticEnvironments.Registry:RegisterSyntheticEnvironments () (at ./Library/PackageCache/com.meta.xr.simulator@74.0.0/Editor/SyntheticEnvironments/Registry.cs:97)
Meta.XR.Simulator.Editor.SyntheticEnvironments.Registry:.cctor () (at ./Library/PackageCache/com.meta.xr.simulator@74.0.0/Editor/SyntheticEnvironments/Registry.cs:87)
System.Runtime.CompilerServices.RuntimeHelpers:RunClassConstructor (System.RuntimeTypeHandle)
UnityEditor.EditorAssemblies:ProcessInitializeOnLoadAttributes (System.Type[])

(Filename: ./Library/PackageCache/com.meta.xr.simulator@74.0.0/Editor/Utils.cs Line: 165)

[Package Manager] Server::EnsureServerProcessIsRunning -- launch failed, reason: Unity was launched with the -noUpm command-line argument
[Package Manager] UpmClient::Send -- Unable to send message (not connected to UPM process).
[Package Manager] Cannot connect to Unity Package Manager local server
Mono: successfully reloaded assembly
[Package Manager] Server::EnsureServerProcessIsRunning -- launch failed, reason: Unity was launched with the -noUpm command-line argument
[Package Manager] UpmClient::Send -- Unable to send message (not connected to UPM process).
[Package Manager] Cannot connect to Unity Package Manager local server
- Finished resetting the current domain, in  1.223 seconds
Domain Reload Profiling: 1686ms
	BeginReloadAssembly (141ms)
		ExecutionOrderSort (0ms)
		DisableScriptedObjects (3ms)
		BackupInstance (0ms)
		ReleaseScriptingObjects (0ms)
		CreateAndSetChildDomain (40ms)
	RebuildCommonClasses (25ms)
	RebuildNativeTypeToScriptingClass (9ms)
	initialDomainReloadingComplete (23ms)
	LoadAllAssembliesAndSetupDomain (265ms)
		LoadAssemblies (305ms)
		RebuildTransferFunctionScriptingTraits (0ms)
		AnalyzeDomain (26ms)
			TypeCache.Refresh (7ms)
				TypeCache.ScanAssembly (0ms)
			ScanForSourceGeneratedMonoScriptInfo (0ms)
			ResolveRequiredComponents (17ms)
	FinalizeReload (1223ms)
		ReleaseScriptCaches (0ms)
		RebuildScriptCaches (0ms)
		SetupLoadedEditorAssemblies (680ms)
			LogAssemblyErrors (0ms)
			InitializePlatformSupportModulesInManaged (17ms)
			SetLoadedEditorAssemblies (5ms)
			RefreshPlugins (0ms)
			BeforeProcessingInitializeOnLoad (95ms)
			ProcessInitializeOnLoadAttributes (499ms)
			ProcessInitializeOnLoadMethodAttributes (57ms)
			AfterProcessingInitializeOnLoad (6ms)
			EditorAssembliesLoaded (0ms)
		ExecutionOrderSort2 (0ms)
		AwakeInstancesAfterBackupRestoration (5ms)
Shader 'Meta/MRUK/Scene/HighlightsAndShadows': fallback shader 'Off' not found
Shader 'Oculus/OVRMRCameraFrameLit': fallback shader 'Alpha-Diffuse' not found
Refreshing native plugins compatible for Editor in 17.07 ms, found 17 plugins.
Preloading 2 native plugins for Editor in 0.07 ms.
Unloading 6994 Unused Serialized files (Serialized files now loaded: 0)
Unloading 112 unused Assets / (475.1 KB). Loaded Objects now: 7603.
Memory consumption went from 230.8 MB to 230.3 MB.
Total: 5.145900 ms (FindLiveObjects: 0.352400 ms CreateObjectMapping: 0.217100 ms MarkObjects: 4.314200 ms  DeleteObjects: 0.261300 ms)

Prepare: number of updated asset objects reloaded= 0
AssetImportParameters requested are different than current active one (requested -> active):
  custom:container-demuxer-ogg: 62fdf1f143b41e24485cea50d1cbac27 -> 
  custom:framework-win-MediaFoundation: 216162199b28c13a410421893ffa2e32 -> 
  custom:container-muxer-webm: aa71ff27fc2769a1b78a27578f13a17b -> 
  custom:video-decoder-webm-vp8: 9c59270c3fd7afecdb556c50c9e8de78 -> 
  custom:SearchIndexIgnoredProperties: e643bd26f0fe6173181afceb89e7c659 -> 
  custom:AudioImporter_EditorPlatform: d09bf68614088b80899f8185d706f6e7 -> 
  custom:audio-decoder-ogg-vorbis: bf7c407c2cedff20999df2af8eb42d56 -> 
  custom:audio-encoder-webm-vorbis: bf7c407c2cedff20999df2af8eb42d56 -> 
  custom:video-codec-MediaFoundation-h265: 746d11721c4dcdbdad8f713fa42b33f4 -> 
  custom:video-decoder-ogg-theora: a1e56fd34408186e4bbccfd4996cb3dc -> 
  custom:CustomObjectIndexerAttribute: 9a22284fe3817be447336de3de66b15e -> 
  custom:container-demuxer-webm: 4f35f7cbe854078d1ac9338744f61a02 -> 
  custom:video-encoder-webm-vp8: eb34c28f22e8b96e1ab97ce403110664 -> 
========================================================================
Received Prepare
Caller must complete domain reload
Begin MonoManager ReloadAssembly
- Loaded All Assemblies, in  0.535 seconds
Native extension for UWP target not found
Native extension for WindowsStandalone target not found
Native extension for Android target not found
[Package Manager] Server::EnsureServerProcessIsRunning -- launch failed, reason: Unity was launched with the -noUpm command-line argument
[Package Manager] UpmClient::Send -- Unable to send message (not connected to UPM process).
[Package Manager] Cannot connect to Unity Package Manager local server
[Package Manager] Server::EnsureServerProcessIsRunning -- launch failed, reason: Unity was launched with the -noUpm command-line argument
[Package Manager] UpmClient::Send -- Unable to send message (not connected to UPM process).
[Package Manager] Cannot connect to Unity Package Manager local server
[Synthetic Environments] got match start synth_env_server.exe Bedroom
UnityEngine.StackTraceUtility:ExtractStackTrace ()
UnityEngine.DebugLogHandler:LogFormat (UnityEngine.LogType,UnityEngine.Object,string,object[])
UnityEngine.Logger:Log (UnityEngine.LogType,object)
UnityEngine.Debug:Log (object)
Meta.XR.Simulator.Utils:ReportInfo (string,string) (at ./Library/PackageCache/com.meta.xr.simulator@74.0.0/Editor/Utils.cs:165)
Meta.XR.Simulator.Editor.SyntheticEnvironments.Installer:ParseSynthEnvScript (string) (at ./Library/PackageCache/com.meta.xr.simulator@74.0.0/Editor/SyntheticEnvironments/Installer.cs:98)
Meta.XR.Simulator.Editor.SyntheticEnvironments.Installer:BuildSyntheticEnvironments () (at ./Library/PackageCache/com.meta.xr.simulator@74.0.0/Editor/SyntheticEnvironments/Installer.cs:76)
Meta.XR.Simulator.Editor.SyntheticEnvironments.Registry:RegisterSyntheticEnvironments () (at ./Library/PackageCache/com.meta.xr.simulator@74.0.0/Editor/SyntheticEnvironments/Registry.cs:97)
Meta.XR.Simulator.Editor.SyntheticEnvironments.Registry:.cctor () (at ./Library/PackageCache/com.meta.xr.simulator@74.0.0/Editor/SyntheticEnvironments/Registry.cs:87)
System.Runtime.CompilerServices.RuntimeHelpers:RunClassConstructor (System.RuntimeTypeHandle)
UnityEditor.EditorAssemblies:ProcessInitializeOnLoadAttributes (System.Type[])

(Filename: ./Library/PackageCache/com.meta.xr.simulator@74.0.0/Editor/Utils.cs Line: 165)

[Synthetic Environments] got match start synth_env_server.exe GameRoom
UnityEngine.StackTraceUtility:ExtractStackTrace ()
UnityEngine.DebugLogHandler:LogFormat (UnityEngine.LogType,UnityEngine.Object,string,object[])
UnityEngine.Logger:Log (UnityEngine.LogType,object)
UnityEngine.Debug:Log (object)
Meta.XR.Simulator.Utils:ReportInfo (string,string) (at ./Library/PackageCache/com.meta.xr.simulator@74.0.0/Editor/Utils.cs:165)
Meta.XR.Simulator.Editor.SyntheticEnvironments.Installer:ParseSynthEnvScript (string) (at ./Library/PackageCache/com.meta.xr.simulator@74.0.0/Editor/SyntheticEnvironments/Installer.cs:98)
Meta.XR.Simulator.Editor.SyntheticEnvironments.Installer:BuildSyntheticEnvironments () (at ./Library/PackageCache/com.meta.xr.simulator@74.0.0/Editor/SyntheticEnvironments/Installer.cs:76)
Meta.XR.Simulator.Editor.SyntheticEnvironments.Registry:RegisterSyntheticEnvironments () (at ./Library/PackageCache/com.meta.xr.simulator@74.0.0/Editor/SyntheticEnvironments/Registry.cs:97)
Meta.XR.Simulator.Editor.SyntheticEnvironments.Registry:.cctor () (at ./Library/PackageCache/com.meta.xr.simulator@74.0.0/Editor/SyntheticEnvironments/Registry.cs:87)
System.Runtime.CompilerServices.RuntimeHelpers:RunClassConstructor (System.RuntimeTypeHandle)
UnityEditor.EditorAssemblies:ProcessInitializeOnLoadAttributes (System.Type[])

(Filename: ./Library/PackageCache/com.meta.xr.simulator@74.0.0/Editor/Utils.cs Line: 165)

[Synthetic Environments] got match start synth_env_server.exe LivingRoom
UnityEngine.StackTraceUtility:ExtractStackTrace ()
UnityEngine.DebugLogHandler:LogFormat (UnityEngine.LogType,UnityEngine.Object,string,object[])
UnityEngine.Logger:Log (UnityEngine.LogType,object)
UnityEngine.Debug:Log (object)
Meta.XR.Simulator.Utils:ReportInfo (string,string) (at ./Library/PackageCache/com.meta.xr.simulator@74.0.0/Editor/Utils.cs:165)
Meta.XR.Simulator.Editor.SyntheticEnvironments.Installer:ParseSynthEnvScript (string) (at ./Library/PackageCache/com.meta.xr.simulator@74.0.0/Editor/SyntheticEnvironments/Installer.cs:98)
Meta.XR.Simulator.Editor.SyntheticEnvironments.Installer:BuildSyntheticEnvironments () (at ./Library/PackageCache/com.meta.xr.simulator@74.0.0/Editor/SyntheticEnvironments/Installer.cs:76)
Meta.XR.Simulator.Editor.SyntheticEnvironments.Registry:RegisterSyntheticEnvironments () (at ./Library/PackageCache/com.meta.xr.simulator@74.0.0/Editor/SyntheticEnvironments/Registry.cs:97)
Meta.XR.Simulator.Editor.SyntheticEnvironments.Registry:.cctor () (at ./Library/PackageCache/com.meta.xr.simulator@74.0.0/Editor/SyntheticEnvironments/Registry.cs:87)
System.Runtime.CompilerServices.RuntimeHelpers:RunClassConstructor (System.RuntimeTypeHandle)
UnityEditor.EditorAssemblies:ProcessInitializeOnLoadAttributes (System.Type[])

(Filename: ./Library/PackageCache/com.meta.xr.simulator@74.0.0/Editor/Utils.cs Line: 165)

[Synthetic Environments] got match start synth_env_server_extra_rooms.exe XRoom2_3
UnityEngine.StackTraceUtility:ExtractStackTrace ()
UnityEngine.DebugLogHandler:LogFormat (UnityEngine.LogType,UnityEngine.Object,string,object[])
UnityEngine.Logger:Log (UnityEngine.LogType,object)
UnityEngine.Debug:Log (object)
Meta.XR.Simulator.Utils:ReportInfo (string,string) (at ./Library/PackageCache/com.meta.xr.simulator@74.0.0/Editor/Utils.cs:165)
Meta.XR.Simulator.Editor.SyntheticEnvironments.Installer:ParseSynthEnvScript (string) (at ./Library/PackageCache/com.meta.xr.simulator@74.0.0/Editor/SyntheticEnvironments/Installer.cs:98)
Meta.XR.Simulator.Editor.SyntheticEnvironments.Installer:BuildSyntheticEnvironments () (at ./Library/PackageCache/com.meta.xr.simulator@74.0.0/Editor/SyntheticEnvironments/Installer.cs:76)
Meta.XR.Simulator.Editor.SyntheticEnvironments.Registry:RegisterSyntheticEnvironments () (at ./Library/PackageCache/com.meta.xr.simulator@74.0.0/Editor/SyntheticEnvironments/Registry.cs:97)
Meta.XR.Simulator.Editor.SyntheticEnvironments.Registry:.cctor () (at ./Library/PackageCache/com.meta.xr.simulator@74.0.0/Editor/SyntheticEnvironments/Registry.cs:87)
System.Runtime.CompilerServices.RuntimeHelpers:RunClassConstructor (System.RuntimeTypeHandle)
UnityEditor.EditorAssemblies:ProcessInitializeOnLoadAttributes (System.Type[])

(Filename: ./Library/PackageCache/com.meta.xr.simulator@74.0.0/Editor/Utils.cs Line: 165)

[Synthetic Environments] got match start synth_env_server_extra_rooms.exe XRoom2_4
UnityEngine.StackTraceUtility:ExtractStackTrace ()
UnityEngine.DebugLogHandler:LogFormat (UnityEngine.LogType,UnityEngine.Object,string,object[])
UnityEngine.Logger:Log (UnityEngine.LogType,object)
UnityEngine.Debug:Log (object)
Meta.XR.Simulator.Utils:ReportInfo (string,string) (at ./Library/PackageCache/com.meta.xr.simulator@74.0.0/Editor/Utils.cs:165)
Meta.XR.Simulator.Editor.SyntheticEnvironments.Installer:ParseSynthEnvScript (string) (at ./Library/PackageCache/com.meta.xr.simulator@74.0.0/Editor/SyntheticEnvironments/Installer.cs:98)
Meta.XR.Simulator.Editor.SyntheticEnvironments.Installer:BuildSyntheticEnvironments () (at ./Library/PackageCache/com.meta.xr.simulator@74.0.0/Editor/SyntheticEnvironments/Installer.cs:76)
Meta.XR.Simulator.Editor.SyntheticEnvironments.Registry:RegisterSyntheticEnvironments () (at ./Library/PackageCache/com.meta.xr.simulator@74.0.0/Editor/SyntheticEnvironments/Registry.cs:97)
Meta.XR.Simulator.Editor.SyntheticEnvironments.Registry:.cctor () (at ./Library/PackageCache/com.meta.xr.simulator@74.0.0/Editor/SyntheticEnvironments/Registry.cs:87)
System.Runtime.CompilerServices.RuntimeHelpers:RunClassConstructor (System.RuntimeTypeHandle)
UnityEditor.EditorAssemblies:ProcessInitializeOnLoadAttributes (System.Type[])

(Filename: ./Library/PackageCache/com.meta.xr.simulator@74.0.0/Editor/Utils.cs Line: 165)

[Synthetic Environments] got match start synth_env_server_extra_rooms.exe XRoom5_6
UnityEngine.StackTraceUtility:ExtractStackTrace ()
UnityEngine.DebugLogHandler:LogFormat (UnityEngine.LogType,UnityEngine.Object,string,object[])
UnityEngine.Logger:Log (UnityEngine.LogType,object)
UnityEngine.Debug:Log (object)
Meta.XR.Simulator.Utils:ReportInfo (string,string) (at ./Library/PackageCache/com.meta.xr.simulator@74.0.0/Editor/Utils.cs:165)
Meta.XR.Simulator.Editor.SyntheticEnvironments.Installer:ParseSynthEnvScript (string) (at ./Library/PackageCache/com.meta.xr.simulator@74.0.0/Editor/SyntheticEnvironments/Installer.cs:98)
Meta.XR.Simulator.Editor.SyntheticEnvironments.Installer:BuildSyntheticEnvironments () (at ./Library/PackageCache/com.meta.xr.simulator@74.0.0/Editor/SyntheticEnvironments/Installer.cs:76)
Meta.XR.Simulator.Editor.SyntheticEnvironments.Registry:RegisterSyntheticEnvironments () (at ./Library/PackageCache/com.meta.xr.simulator@74.0.0/Editor/SyntheticEnvironments/Registry.cs:97)
Meta.XR.Simulator.Editor.SyntheticEnvironments.Registry:.cctor () (at ./Library/PackageCache/com.meta.xr.simulator@74.0.0/Editor/SyntheticEnvironments/Registry.cs:87)
System.Runtime.CompilerServices.RuntimeHelpers:RunClassConstructor (System.RuntimeTypeHandle)
UnityEditor.EditorAssemblies:ProcessInitializeOnLoadAttributes (System.Type[])

(Filename: ./Library/PackageCache/com.meta.xr.simulator@74.0.0/Editor/Utils.cs Line: 165)

[Synthetic Environments] got match start synth_env_server_extra_rooms.exe XRoom5_1
UnityEngine.StackTraceUtility:ExtractStackTrace ()
UnityEngine.DebugLogHandler:LogFormat (UnityEngine.LogType,UnityEngine.Object,string,object[])
UnityEngine.Logger:Log (UnityEngine.LogType,object)
UnityEngine.Debug:Log (object)
Meta.XR.Simulator.Utils:ReportInfo (string,string) (at ./Library/PackageCache/com.meta.xr.simulator@74.0.0/Editor/Utils.cs:165)
Meta.XR.Simulator.Editor.SyntheticEnvironments.Installer:ParseSynthEnvScript (string) (at ./Library/PackageCache/com.meta.xr.simulator@74.0.0/Editor/SyntheticEnvironments/Installer.cs:98)
Meta.XR.Simulator.Editor.SyntheticEnvironments.Installer:BuildSyntheticEnvironments () (at ./Library/PackageCache/com.meta.xr.simulator@74.0.0/Editor/SyntheticEnvironments/Installer.cs:76)
Meta.XR.Simulator.Editor.SyntheticEnvironments.Registry:RegisterSyntheticEnvironments () (at ./Library/PackageCache/com.meta.xr.simulator@74.0.0/Editor/SyntheticEnvironments/Registry.cs:97)
Meta.XR.Simulator.Editor.SyntheticEnvironments.Registry:.cctor () (at ./Library/PackageCache/com.meta.xr.simulator@74.0.0/Editor/SyntheticEnvironments/Registry.cs:87)
System.Runtime.CompilerServices.RuntimeHelpers:RunClassConstructor (System.RuntimeTypeHandle)
UnityEditor.EditorAssemblies:ProcessInitializeOnLoadAttributes (System.Type[])

(Filename: ./Library/PackageCache/com.meta.xr.simulator@74.0.0/Editor/Utils.cs Line: 165)

[Synthetic Environments] got match start synth_env_server_extra_rooms.exe XRoom3_1
UnityEngine.StackTraceUtility:ExtractStackTrace ()
UnityEngine.DebugLogHandler:LogFormat (UnityEngine.LogType,UnityEngine.Object,string,object[])
UnityEngine.Logger:Log (UnityEngine.LogType,object)
UnityEngine.Debug:Log (object)
Meta.XR.Simulator.Utils:ReportInfo (string,string) (at ./Library/PackageCache/com.meta.xr.simulator@74.0.0/Editor/Utils.cs:165)
Meta.XR.Simulator.Editor.SyntheticEnvironments.Installer:ParseSynthEnvScript (string) (at ./Library/PackageCache/com.meta.xr.simulator@74.0.0/Editor/SyntheticEnvironments/Installer.cs:98)
Meta.XR.Simulator.Editor.SyntheticEnvironments.Installer:BuildSyntheticEnvironments () (at ./Library/PackageCache/com.meta.xr.simulator@74.0.0/Editor/SyntheticEnvironments/Installer.cs:76)
Meta.XR.Simulator.Editor.SyntheticEnvironments.Registry:RegisterSyntheticEnvironments () (at ./Library/PackageCache/com.meta.xr.simulator@74.0.0/Editor/SyntheticEnvironments/Registry.cs:97)
Meta.XR.Simulator.Editor.SyntheticEnvironments.Registry:.cctor () (at ./Library/PackageCache/com.meta.xr.simulator@74.0.0/Editor/SyntheticEnvironments/Registry.cs:87)
System.Runtime.CompilerServices.RuntimeHelpers:RunClassConstructor (System.RuntimeTypeHandle)
UnityEditor.EditorAssemblies:ProcessInitializeOnLoadAttributes (System.Type[])

(Filename: ./Library/PackageCache/com.meta.xr.simulator@74.0.0/Editor/Utils.cs Line: 165)

[Synthetic Environments] got match start synth_env_server_extra_rooms.exe XRoom1_2
UnityEngine.StackTraceUtility:ExtractStackTrace ()
UnityEngine.DebugLogHandler:LogFormat (UnityEngine.LogType,UnityEngine.Object,string,object[])
UnityEngine.Logger:Log (UnityEngine.LogType,object)
UnityEngine.Debug:Log (object)
Meta.XR.Simulator.Utils:ReportInfo (string,string) (at ./Library/PackageCache/com.meta.xr.simulator@74.0.0/Editor/Utils.cs:165)
Meta.XR.Simulator.Editor.SyntheticEnvironments.Installer:ParseSynthEnvScript (string) (at ./Library/PackageCache/com.meta.xr.simulator@74.0.0/Editor/SyntheticEnvironments/Installer.cs:98)
Meta.XR.Simulator.Editor.SyntheticEnvironments.Installer:BuildSyntheticEnvironments () (at ./Library/PackageCache/com.meta.xr.simulator@74.0.0/Editor/SyntheticEnvironments/Installer.cs:76)
Meta.XR.Simulator.Editor.SyntheticEnvironments.Registry:RegisterSyntheticEnvironments () (at ./Library/PackageCache/com.meta.xr.simulator@74.0.0/Editor/SyntheticEnvironments/Registry.cs:97)
Meta.XR.Simulator.Editor.SyntheticEnvironments.Registry:.cctor () (at ./Library/PackageCache/com.meta.xr.simulator@74.0.0/Editor/SyntheticEnvironments/Registry.cs:87)
System.Runtime.CompilerServices.RuntimeHelpers:RunClassConstructor (System.RuntimeTypeHandle)
UnityEditor.EditorAssemblies:ProcessInitializeOnLoadAttributes (System.Type[])

(Filename: ./Library/PackageCache/com.meta.xr.simulator@74.0.0/Editor/Utils.cs Line: 165)

[Synthetic Environments] got match start synth_env_server_extra_rooms.exe XRoom1_1
UnityEngine.StackTraceUtility:ExtractStackTrace ()
UnityEngine.DebugLogHandler:LogFormat (UnityEngine.LogType,UnityEngine.Object,string,object[])
UnityEngine.Logger:Log (UnityEngine.LogType,object)
UnityEngine.Debug:Log (object)
Meta.XR.Simulator.Utils:ReportInfo (string,string) (at ./Library/PackageCache/com.meta.xr.simulator@74.0.0/Editor/Utils.cs:165)
Meta.XR.Simulator.Editor.SyntheticEnvironments.Installer:ParseSynthEnvScript (string) (at ./Library/PackageCache/com.meta.xr.simulator@74.0.0/Editor/SyntheticEnvironments/Installer.cs:98)
Meta.XR.Simulator.Editor.SyntheticEnvironments.Installer:BuildSyntheticEnvironments () (at ./Library/PackageCache/com.meta.xr.simulator@74.0.0/Editor/SyntheticEnvironments/Installer.cs:76)
Meta.XR.Simulator.Editor.SyntheticEnvironments.Registry:RegisterSyntheticEnvironments () (at ./Library/PackageCache/com.meta.xr.simulator@74.0.0/Editor/SyntheticEnvironments/Registry.cs:97)
Meta.XR.Simulator.Editor.SyntheticEnvironments.Registry:.cctor () (at ./Library/PackageCache/com.meta.xr.simulator@74.0.0/Editor/SyntheticEnvironments/Registry.cs:87)
System.Runtime.CompilerServices.RuntimeHelpers:RunClassConstructor (System.RuntimeTypeHandle)
UnityEditor.EditorAssemblies:ProcessInitializeOnLoadAttributes (System.Type[])

(Filename: ./Library/PackageCache/com.meta.xr.simulator@74.0.0/Editor/Utils.cs Line: 165)

[Synthetic Environments] got match start synth_env_server_extra_rooms.exe XRoom1_4
UnityEngine.StackTraceUtility:ExtractStackTrace ()
UnityEngine.DebugLogHandler:LogFormat (UnityEngine.LogType,UnityEngine.Object,string,object[])
UnityEngine.Logger:Log (UnityEngine.LogType,object)
UnityEngine.Debug:Log (object)
Meta.XR.Simulator.Utils:ReportInfo (string,string) (at ./Library/PackageCache/com.meta.xr.simulator@74.0.0/Editor/Utils.cs:165)
Meta.XR.Simulator.Editor.SyntheticEnvironments.Installer:ParseSynthEnvScript (string) (at ./Library/PackageCache/com.meta.xr.simulator@74.0.0/Editor/SyntheticEnvironments/Installer.cs:98)
Meta.XR.Simulator.Editor.SyntheticEnvironments.Installer:BuildSyntheticEnvironments () (at ./Library/PackageCache/com.meta.xr.simulator@74.0.0/Editor/SyntheticEnvironments/Installer.cs:76)
Meta.XR.Simulator.Editor.SyntheticEnvironments.Registry:RegisterSyntheticEnvironments () (at ./Library/PackageCache/com.meta.xr.simulator@74.0.0/Editor/SyntheticEnvironments/Registry.cs:97)
Meta.XR.Simulator.Editor.SyntheticEnvironments.Registry:.cctor () (at ./Library/PackageCache/com.meta.xr.simulator@74.0.0/Editor/SyntheticEnvironments/Registry.cs:87)
System.Runtime.CompilerServices.RuntimeHelpers:RunClassConstructor (System.RuntimeTypeHandle)
UnityEditor.EditorAssemblies:ProcessInitializeOnLoadAttributes (System.Type[])

(Filename: ./Library/PackageCache/com.meta.xr.simulator@74.0.0/Editor/Utils.cs Line: 165)

[Package Manager] Server::EnsureServerProcessIsRunning -- launch failed, reason: Unity was launched with the -noUpm command-line argument
[Package Manager] UpmClient::Send -- Unable to send message (not connected to UPM process).
[Package Manager] Cannot connect to Unity Package Manager local server
Mono: successfully reloaded assembly
[Package Manager] Server::EnsureServerProcessIsRunning -- launch failed, reason: Unity was launched with the -noUpm command-line argument
[Package Manager] UpmClient::Send -- Unable to send message (not connected to UPM process).
[Package Manager] Cannot connect to Unity Package Manager local server
- Finished resetting the current domain, in  1.412 seconds
Domain Reload Profiling: 1941ms
	BeginReloadAssembly (155ms)
		ExecutionOrderSort (0ms)
		DisableScriptedObjects (3ms)
		BackupInstance (0ms)
		ReleaseScriptingObjects (0ms)
		CreateAndSetChildDomain (39ms)
	RebuildCommonClasses (27ms)
	RebuildNativeTypeToScriptingClass (10ms)
	initialDomainReloadingComplete (28ms)
	LoadAllAssembliesAndSetupDomain (309ms)
		LoadAssemblies (357ms)
		RebuildTransferFunctionScriptingTraits (0ms)
		AnalyzeDomain (28ms)
			TypeCache.Refresh (8ms)
				TypeCache.ScanAssembly (0ms)
			ScanForSourceGeneratedMonoScriptInfo (0ms)
			ResolveRequiredComponents (19ms)
	FinalizeReload (1412ms)
		ReleaseScriptCaches (0ms)
		RebuildScriptCaches (0ms)
		SetupLoadedEditorAssemblies (766ms)
			LogAssemblyErrors (0ms)
			InitializePlatformSupportModulesInManaged (19ms)
			SetLoadedEditorAssemblies (6ms)
			RefreshPlugins (0ms)
			BeforeProcessingInitializeOnLoad (111ms)
			ProcessInitializeOnLoadAttributes (568ms)
			ProcessInitializeOnLoadMethodAttributes (55ms)
			AfterProcessingInitializeOnLoad (7ms)
			EditorAssembliesLoaded (0ms)
		ExecutionOrderSort2 (0ms)
		AwakeInstancesAfterBackupRestoration (6ms)
Shader 'Meta/MRUK/Scene/HighlightsAndShadows': fallback shader 'Off' not found
Shader 'Oculus/OVRMRCameraFrameLit': fallback shader 'Alpha-Diffuse' not found
Refreshing native plugins compatible for Editor in 18.98 ms, found 17 plugins.
Preloading 2 native plugins for Editor in 0.09 ms.
Unloading 6995 Unused Serialized files (Serialized files now loaded: 0)
Unloading 112 unused Assets / (475.0 KB). Loaded Objects now: 7607.
Memory consumption went from 231.1 MB to 230.6 MB.
Total: 6.544000 ms (FindLiveObjects: 0.380100 ms CreateObjectMapping: 0.250600 ms MarkObjects: 5.608300 ms  DeleteObjects: 0.304000 ms)

Prepare: number of updated asset objects reloaded= 0
AssetImportParameters requested are different than current active one (requested -> active):
  custom:container-demuxer-ogg: 62fdf1f143b41e24485cea50d1cbac27 -> 
  custom:framework-win-MediaFoundation: 216162199b28c13a410421893ffa2e32 -> 
  custom:container-muxer-webm: aa71ff27fc2769a1b78a27578f13a17b -> 
  custom:video-decoder-webm-vp8: 9c59270c3fd7afecdb556c50c9e8de78 -> 
  custom:SearchIndexIgnoredProperties: e643bd26f0fe6173181afceb89e7c659 -> 
  custom:AudioImporter_EditorPlatform: d09bf68614088b80899f8185d706f6e7 -> 
  custom:audio-decoder-ogg-vorbis: bf7c407c2cedff20999df2af8eb42d56 -> 
  custom:audio-encoder-webm-vorbis: bf7c407c2cedff20999df2af8eb42d56 -> 
  custom:video-codec-MediaFoundation-h265: 746d11721c4dcdbdad8f713fa42b33f4 -> 
  custom:video-decoder-ogg-theora: a1e56fd34408186e4bbccfd4996cb3dc -> 
  custom:CustomObjectIndexerAttribute: 9a22284fe3817be447336de3de66b15e -> 
  custom:container-demuxer-webm: 4f35f7cbe854078d1ac9338744f61a02 -> 
  custom:video-encoder-webm-vp8: eb34c28f22e8b96e1ab97ce403110664 -> 
========================================================================
Received Prepare
Caller must complete domain reload
Begin MonoManager ReloadAssembly
- Loaded All Assemblies, in  0.543 seconds
Native extension for UWP target not found
Native extension for WindowsStandalone target not found
Native extension for Android target not found
[Package Manager] Server::EnsureServerProcessIsRunning -- launch failed, reason: Unity was launched with the -noUpm command-line argument
[Package Manager] UpmClient::Send -- Unable to send message (not connected to UPM process).
[Package Manager] Cannot connect to Unity Package Manager local server
[Package Manager] Server::EnsureServerProcessIsRunning -- launch failed, reason: Unity was launched with the -noUpm command-line argument
[Package Manager] UpmClient::Send -- Unable to send message (not connected to UPM process).
[Package Manager] Cannot connect to Unity Package Manager local server
[Synthetic Environments] got match start synth_env_server.exe Bedroom
UnityEngine.StackTraceUtility:ExtractStackTrace ()
UnityEngine.DebugLogHandler:LogFormat (UnityEngine.LogType,UnityEngine.Object,string,object[])
UnityEngine.Logger:Log (UnityEngine.LogType,object)
UnityEngine.Debug:Log (object)
Meta.XR.Simulator.Utils:ReportInfo (string,string) (at ./Library/PackageCache/com.meta.xr.simulator@74.0.0/Editor/Utils.cs:165)
Meta.XR.Simulator.Editor.SyntheticEnvironments.Installer:ParseSynthEnvScript (string) (at ./Library/PackageCache/com.meta.xr.simulator@74.0.0/Editor/SyntheticEnvironments/Installer.cs:98)
Meta.XR.Simulator.Editor.SyntheticEnvironments.Installer:BuildSyntheticEnvironments () (at ./Library/PackageCache/com.meta.xr.simulator@74.0.0/Editor/SyntheticEnvironments/Installer.cs:76)
Meta.XR.Simulator.Editor.SyntheticEnvironments.Registry:RegisterSyntheticEnvironments () (at ./Library/PackageCache/com.meta.xr.simulator@74.0.0/Editor/SyntheticEnvironments/Registry.cs:97)
Meta.XR.Simulator.Editor.SyntheticEnvironments.Registry:.cctor () (at ./Library/PackageCache/com.meta.xr.simulator@74.0.0/Editor/SyntheticEnvironments/Registry.cs:87)
System.Runtime.CompilerServices.RuntimeHelpers:RunClassConstructor (System.RuntimeTypeHandle)
UnityEditor.EditorAssemblies:ProcessInitializeOnLoadAttributes (System.Type[])

(Filename: ./Library/PackageCache/com.meta.xr.simulator@74.0.0/Editor/Utils.cs Line: 165)

[Synthetic Environments] got match start synth_env_server.exe GameRoom
UnityEngine.StackTraceUtility:ExtractStackTrace ()
UnityEngine.DebugLogHandler:LogFormat (UnityEngine.LogType,UnityEngine.Object,string,object[])
UnityEngine.Logger:Log (UnityEngine.LogType,object)
UnityEngine.Debug:Log (object)
Meta.XR.Simulator.Utils:ReportInfo (string,string) (at ./Library/PackageCache/com.meta.xr.simulator@74.0.0/Editor/Utils.cs:165)
Meta.XR.Simulator.Editor.SyntheticEnvironments.Installer:ParseSynthEnvScript (string) (at ./Library/PackageCache/com.meta.xr.simulator@74.0.0/Editor/SyntheticEnvironments/Installer.cs:98)
Meta.XR.Simulator.Editor.SyntheticEnvironments.Installer:BuildSyntheticEnvironments () (at ./Library/PackageCache/com.meta.xr.simulator@74.0.0/Editor/SyntheticEnvironments/Installer.cs:76)
Meta.XR.Simulator.Editor.SyntheticEnvironments.Registry:RegisterSyntheticEnvironments () (at ./Library/PackageCache/com.meta.xr.simulator@74.0.0/Editor/SyntheticEnvironments/Registry.cs:97)
Meta.XR.Simulator.Editor.SyntheticEnvironments.Registry:.cctor () (at ./Library/PackageCache/com.meta.xr.simulator@74.0.0/Editor/SyntheticEnvironments/Registry.cs:87)
System.Runtime.CompilerServices.RuntimeHelpers:RunClassConstructor (System.RuntimeTypeHandle)
UnityEditor.EditorAssemblies:ProcessInitializeOnLoadAttributes (System.Type[])

(Filename: ./Library/PackageCache/com.meta.xr.simulator@74.0.0/Editor/Utils.cs Line: 165)

[Synthetic Environments] got match start synth_env_server.exe LivingRoom
UnityEngine.StackTraceUtility:ExtractStackTrace ()
UnityEngine.DebugLogHandler:LogFormat (UnityEngine.LogType,UnityEngine.Object,string,object[])
UnityEngine.Logger:Log (UnityEngine.LogType,object)
UnityEngine.Debug:Log (object)
Meta.XR.Simulator.Utils:ReportInfo (string,string) (at ./Library/PackageCache/com.meta.xr.simulator@74.0.0/Editor/Utils.cs:165)
Meta.XR.Simulator.Editor.SyntheticEnvironments.Installer:ParseSynthEnvScript (string) (at ./Library/PackageCache/com.meta.xr.simulator@74.0.0/Editor/SyntheticEnvironments/Installer.cs:98)
Meta.XR.Simulator.Editor.SyntheticEnvironments.Installer:BuildSyntheticEnvironments () (at ./Library/PackageCache/com.meta.xr.simulator@74.0.0/Editor/SyntheticEnvironments/Installer.cs:76)
Meta.XR.Simulator.Editor.SyntheticEnvironments.Registry:RegisterSyntheticEnvironments () (at ./Library/PackageCache/com.meta.xr.simulator@74.0.0/Editor/SyntheticEnvironments/Registry.cs:97)
Meta.XR.Simulator.Editor.SyntheticEnvironments.Registry:.cctor () (at ./Library/PackageCache/com.meta.xr.simulator@74.0.0/Editor/SyntheticEnvironments/Registry.cs:87)
System.Runtime.CompilerServices.RuntimeHelpers:RunClassConstructor (System.RuntimeTypeHandle)
UnityEditor.EditorAssemblies:ProcessInitializeOnLoadAttributes (System.Type[])

(Filename: ./Library/PackageCache/com.meta.xr.simulator@74.0.0/Editor/Utils.cs Line: 165)

[Synthetic Environments] got match start synth_env_server_extra_rooms.exe XRoom2_3
UnityEngine.StackTraceUtility:ExtractStackTrace ()
UnityEngine.DebugLogHandler:LogFormat (UnityEngine.LogType,UnityEngine.Object,string,object[])
UnityEngine.Logger:Log (UnityEngine.LogType,object)
UnityEngine.Debug:Log (object)
Meta.XR.Simulator.Utils:ReportInfo (string,string) (at ./Library/PackageCache/com.meta.xr.simulator@74.0.0/Editor/Utils.cs:165)
Meta.XR.Simulator.Editor.SyntheticEnvironments.Installer:ParseSynthEnvScript (string) (at ./Library/PackageCache/com.meta.xr.simulator@74.0.0/Editor/SyntheticEnvironments/Installer.cs:98)
Meta.XR.Simulator.Editor.SyntheticEnvironments.Installer:BuildSyntheticEnvironments () (at ./Library/PackageCache/com.meta.xr.simulator@74.0.0/Editor/SyntheticEnvironments/Installer.cs:76)
Meta.XR.Simulator.Editor.SyntheticEnvironments.Registry:RegisterSyntheticEnvironments () (at ./Library/PackageCache/com.meta.xr.simulator@74.0.0/Editor/SyntheticEnvironments/Registry.cs:97)
Meta.XR.Simulator.Editor.SyntheticEnvironments.Registry:.cctor () (at ./Library/PackageCache/com.meta.xr.simulator@74.0.0/Editor/SyntheticEnvironments/Registry.cs:87)
System.Runtime.CompilerServices.RuntimeHelpers:RunClassConstructor (System.RuntimeTypeHandle)
UnityEditor.EditorAssemblies:ProcessInitializeOnLoadAttributes (System.Type[])

(Filename: ./Library/PackageCache/com.meta.xr.simulator@74.0.0/Editor/Utils.cs Line: 165)

[Synthetic Environments] got match start synth_env_server_extra_rooms.exe XRoom2_4
UnityEngine.StackTraceUtility:ExtractStackTrace ()
UnityEngine.DebugLogHandler:LogFormat (UnityEngine.LogType,UnityEngine.Object,string,object[])
UnityEngine.Logger:Log (UnityEngine.LogType,object)
UnityEngine.Debug:Log (object)
Meta.XR.Simulator.Utils:ReportInfo (string,string) (at ./Library/PackageCache/com.meta.xr.simulator@74.0.0/Editor/Utils.cs:165)
Meta.XR.Simulator.Editor.SyntheticEnvironments.Installer:ParseSynthEnvScript (string) (at ./Library/PackageCache/com.meta.xr.simulator@74.0.0/Editor/SyntheticEnvironments/Installer.cs:98)
Meta.XR.Simulator.Editor.SyntheticEnvironments.Installer:BuildSyntheticEnvironments () (at ./Library/PackageCache/com.meta.xr.simulator@74.0.0/Editor/SyntheticEnvironments/Installer.cs:76)
Meta.XR.Simulator.Editor.SyntheticEnvironments.Registry:RegisterSyntheticEnvironments () (at ./Library/PackageCache/com.meta.xr.simulator@74.0.0/Editor/SyntheticEnvironments/Registry.cs:97)
Meta.XR.Simulator.Editor.SyntheticEnvironments.Registry:.cctor () (at ./Library/PackageCache/com.meta.xr.simulator@74.0.0/Editor/SyntheticEnvironments/Registry.cs:87)
System.Runtime.CompilerServices.RuntimeHelpers:RunClassConstructor (System.RuntimeTypeHandle)
UnityEditor.EditorAssemblies:ProcessInitializeOnLoadAttributes (System.Type[])

(Filename: ./Library/PackageCache/com.meta.xr.simulator@74.0.0/Editor/Utils.cs Line: 165)

[Synthetic Environments] got match start synth_env_server_extra_rooms.exe XRoom5_6
UnityEngine.StackTraceUtility:ExtractStackTrace ()
UnityEngine.DebugLogHandler:LogFormat (UnityEngine.LogType,UnityEngine.Object,string,object[])
UnityEngine.Logger:Log (UnityEngine.LogType,object)
UnityEngine.Debug:Log (object)
Meta.XR.Simulator.Utils:ReportInfo (string,string) (at ./Library/PackageCache/com.meta.xr.simulator@74.0.0/Editor/Utils.cs:165)
Meta.XR.Simulator.Editor.SyntheticEnvironments.Installer:ParseSynthEnvScript (string) (at ./Library/PackageCache/com.meta.xr.simulator@74.0.0/Editor/SyntheticEnvironments/Installer.cs:98)
Meta.XR.Simulator.Editor.SyntheticEnvironments.Installer:BuildSyntheticEnvironments () (at ./Library/PackageCache/com.meta.xr.simulator@74.0.0/Editor/SyntheticEnvironments/Installer.cs:76)
Meta.XR.Simulator.Editor.SyntheticEnvironments.Registry:RegisterSyntheticEnvironments () (at ./Library/PackageCache/com.meta.xr.simulator@74.0.0/Editor/SyntheticEnvironments/Registry.cs:97)
Meta.XR.Simulator.Editor.SyntheticEnvironments.Registry:.cctor () (at ./Library/PackageCache/com.meta.xr.simulator@74.0.0/Editor/SyntheticEnvironments/Registry.cs:87)
System.Runtime.CompilerServices.RuntimeHelpers:RunClassConstructor (System.RuntimeTypeHandle)
UnityEditor.EditorAssemblies:ProcessInitializeOnLoadAttributes (System.Type[])

(Filename: ./Library/PackageCache/com.meta.xr.simulator@74.0.0/Editor/Utils.cs Line: 165)

[Synthetic Environments] got match start synth_env_server_extra_rooms.exe XRoom5_1
UnityEngine.StackTraceUtility:ExtractStackTrace ()
UnityEngine.DebugLogHandler:LogFormat (UnityEngine.LogType,UnityEngine.Object,string,object[])
UnityEngine.Logger:Log (UnityEngine.LogType,object)
UnityEngine.Debug:Log (object)
Meta.XR.Simulator.Utils:ReportInfo (string,string) (at ./Library/PackageCache/com.meta.xr.simulator@74.0.0/Editor/Utils.cs:165)
Meta.XR.Simulator.Editor.SyntheticEnvironments.Installer:ParseSynthEnvScript (string) (at ./Library/PackageCache/com.meta.xr.simulator@74.0.0/Editor/SyntheticEnvironments/Installer.cs:98)
Meta.XR.Simulator.Editor.SyntheticEnvironments.Installer:BuildSyntheticEnvironments () (at ./Library/PackageCache/com.meta.xr.simulator@74.0.0/Editor/SyntheticEnvironments/Installer.cs:76)
Meta.XR.Simulator.Editor.SyntheticEnvironments.Registry:RegisterSyntheticEnvironments () (at ./Library/PackageCache/com.meta.xr.simulator@74.0.0/Editor/SyntheticEnvironments/Registry.cs:97)
Meta.XR.Simulator.Editor.SyntheticEnvironments.Registry:.cctor () (at ./Library/PackageCache/com.meta.xr.simulator@74.0.0/Editor/SyntheticEnvironments/Registry.cs:87)
System.Runtime.CompilerServices.RuntimeHelpers:RunClassConstructor (System.RuntimeTypeHandle)
UnityEditor.EditorAssemblies:ProcessInitializeOnLoadAttributes (System.Type[])

(Filename: ./Library/PackageCache/com.meta.xr.simulator@74.0.0/Editor/Utils.cs Line: 165)

[Synthetic Environments] got match start synth_env_server_extra_rooms.exe XRoom3_1
UnityEngine.StackTraceUtility:ExtractStackTrace ()
UnityEngine.DebugLogHandler:LogFormat (UnityEngine.LogType,UnityEngine.Object,string,object[])
UnityEngine.Logger:Log (UnityEngine.LogType,object)
UnityEngine.Debug:Log (object)
Meta.XR.Simulator.Utils:ReportInfo (string,string) (at ./Library/PackageCache/com.meta.xr.simulator@74.0.0/Editor/Utils.cs:165)
Meta.XR.Simulator.Editor.SyntheticEnvironments.Installer:ParseSynthEnvScript (string) (at ./Library/PackageCache/com.meta.xr.simulator@74.0.0/Editor/SyntheticEnvironments/Installer.cs:98)
Meta.XR.Simulator.Editor.SyntheticEnvironments.Installer:BuildSyntheticEnvironments () (at ./Library/PackageCache/com.meta.xr.simulator@74.0.0/Editor/SyntheticEnvironments/Installer.cs:76)
Meta.XR.Simulator.Editor.SyntheticEnvironments.Registry:RegisterSyntheticEnvironments () (at ./Library/PackageCache/com.meta.xr.simulator@74.0.0/Editor/SyntheticEnvironments/Registry.cs:97)
Meta.XR.Simulator.Editor.SyntheticEnvironments.Registry:.cctor () (at ./Library/PackageCache/com.meta.xr.simulator@74.0.0/Editor/SyntheticEnvironments/Registry.cs:87)
System.Runtime.CompilerServices.RuntimeHelpers:RunClassConstructor (System.RuntimeTypeHandle)
UnityEditor.EditorAssemblies:ProcessInitializeOnLoadAttributes (System.Type[])

(Filename: ./Library/PackageCache/com.meta.xr.simulator@74.0.0/Editor/Utils.cs Line: 165)

[Synthetic Environments] got match start synth_env_server_extra_rooms.exe XRoom1_2
UnityEngine.StackTraceUtility:ExtractStackTrace ()
UnityEngine.DebugLogHandler:LogFormat (UnityEngine.LogType,UnityEngine.Object,string,object[])
UnityEngine.Logger:Log (UnityEngine.LogType,object)
UnityEngine.Debug:Log (object)
Meta.XR.Simulator.Utils:ReportInfo (string,string) (at ./Library/PackageCache/com.meta.xr.simulator@74.0.0/Editor/Utils.cs:165)
Meta.XR.Simulator.Editor.SyntheticEnvironments.Installer:ParseSynthEnvScript (string) (at ./Library/PackageCache/com.meta.xr.simulator@74.0.0/Editor/SyntheticEnvironments/Installer.cs:98)
Meta.XR.Simulator.Editor.SyntheticEnvironments.Installer:BuildSyntheticEnvironments () (at ./Library/PackageCache/com.meta.xr.simulator@74.0.0/Editor/SyntheticEnvironments/Installer.cs:76)
Meta.XR.Simulator.Editor.SyntheticEnvironments.Registry:RegisterSyntheticEnvironments () (at ./Library/PackageCache/com.meta.xr.simulator@74.0.0/Editor/SyntheticEnvironments/Registry.cs:97)
Meta.XR.Simulator.Editor.SyntheticEnvironments.Registry:.cctor () (at ./Library/PackageCache/com.meta.xr.simulator@74.0.0/Editor/SyntheticEnvironments/Registry.cs:87)
System.Runtime.CompilerServices.RuntimeHelpers:RunClassConstructor (System.RuntimeTypeHandle)
UnityEditor.EditorAssemblies:ProcessInitializeOnLoadAttributes (System.Type[])

(Filename: ./Library/PackageCache/com.meta.xr.simulator@74.0.0/Editor/Utils.cs Line: 165)

[Synthetic Environments] got match start synth_env_server_extra_rooms.exe XRoom1_1
UnityEngine.StackTraceUtility:ExtractStackTrace ()
UnityEngine.DebugLogHandler:LogFormat (UnityEngine.LogType,UnityEngine.Object,string,object[])
UnityEngine.Logger:Log (UnityEngine.LogType,object)
UnityEngine.Debug:Log (object)
Meta.XR.Simulator.Utils:ReportInfo (string,string) (at ./Library/PackageCache/com.meta.xr.simulator@74.0.0/Editor/Utils.cs:165)
Meta.XR.Simulator.Editor.SyntheticEnvironments.Installer:ParseSynthEnvScript (string) (at ./Library/PackageCache/com.meta.xr.simulator@74.0.0/Editor/SyntheticEnvironments/Installer.cs:98)
Meta.XR.Simulator.Editor.SyntheticEnvironments.Installer:BuildSyntheticEnvironments () (at ./Library/PackageCache/com.meta.xr.simulator@74.0.0/Editor/SyntheticEnvironments/Installer.cs:76)
Meta.XR.Simulator.Editor.SyntheticEnvironments.Registry:RegisterSyntheticEnvironments () (at ./Library/PackageCache/com.meta.xr.simulator@74.0.0/Editor/SyntheticEnvironments/Registry.cs:97)
Meta.XR.Simulator.Editor.SyntheticEnvironments.Registry:.cctor () (at ./Library/PackageCache/com.meta.xr.simulator@74.0.0/Editor/SyntheticEnvironments/Registry.cs:87)
System.Runtime.CompilerServices.RuntimeHelpers:RunClassConstructor (System.RuntimeTypeHandle)
UnityEditor.EditorAssemblies:ProcessInitializeOnLoadAttributes (System.Type[])

(Filename: ./Library/PackageCache/com.meta.xr.simulator@74.0.0/Editor/Utils.cs Line: 165)

[Synthetic Environments] got match start synth_env_server_extra_rooms.exe XRoom1_4
UnityEngine.StackTraceUtility:ExtractStackTrace ()
UnityEngine.DebugLogHandler:LogFormat (UnityEngine.LogType,UnityEngine.Object,string,object[])
UnityEngine.Logger:Log (UnityEngine.LogType,object)
UnityEngine.Debug:Log (object)
Meta.XR.Simulator.Utils:ReportInfo (string,string) (at ./Library/PackageCache/com.meta.xr.simulator@74.0.0/Editor/Utils.cs:165)
Meta.XR.Simulator.Editor.SyntheticEnvironments.Installer:ParseSynthEnvScript (string) (at ./Library/PackageCache/com.meta.xr.simulator@74.0.0/Editor/SyntheticEnvironments/Installer.cs:98)
Meta.XR.Simulator.Editor.SyntheticEnvironments.Installer:BuildSyntheticEnvironments () (at ./Library/PackageCache/com.meta.xr.simulator@74.0.0/Editor/SyntheticEnvironments/Installer.cs:76)
Meta.XR.Simulator.Editor.SyntheticEnvironments.Registry:RegisterSyntheticEnvironments () (at ./Library/PackageCache/com.meta.xr.simulator@74.0.0/Editor/SyntheticEnvironments/Registry.cs:97)
Meta.XR.Simulator.Editor.SyntheticEnvironments.Registry:.cctor () (at ./Library/PackageCache/com.meta.xr.simulator@74.0.0/Editor/SyntheticEnvironments/Registry.cs:87)
System.Runtime.CompilerServices.RuntimeHelpers:RunClassConstructor (System.RuntimeTypeHandle)
UnityEditor.EditorAssemblies:ProcessInitializeOnLoadAttributes (System.Type[])

(Filename: ./Library/PackageCache/com.meta.xr.simulator@74.0.0/Editor/Utils.cs Line: 165)

[Package Manager] Server::EnsureServerProcessIsRunning -- launch failed, reason: Unity was launched with the -noUpm command-line argument
[Package Manager] UpmClient::Send -- Unable to send message (not connected to UPM process).
[Package Manager] Cannot connect to Unity Package Manager local server
Mono: successfully reloaded assembly
[Package Manager] Server::EnsureServerProcessIsRunning -- launch failed, reason: Unity was launched with the -noUpm command-line argument
[Package Manager] UpmClient::Send -- Unable to send message (not connected to UPM process).
[Package Manager] Cannot connect to Unity Package Manager local server
- Finished resetting the current domain, in  1.493 seconds
Domain Reload Profiling: 2030ms
	BeginReloadAssembly (163ms)
		ExecutionOrderSort (0ms)
		DisableScriptedObjects (3ms)
		BackupInstance (0ms)
		ReleaseScriptingObjects (0ms)
		CreateAndSetChildDomain (42ms)
	RebuildCommonClasses (27ms)
	RebuildNativeTypeToScriptingClass (10ms)
	initialDomainReloadingComplete (29ms)
	LoadAllAssembliesAndSetupDomain (308ms)
		LoadAssemblies (359ms)
		RebuildTransferFunctionScriptingTraits (0ms)
		AnalyzeDomain (30ms)
			TypeCache.Refresh (8ms)
				TypeCache.ScanAssembly (0ms)
			ScanForSourceGeneratedMonoScriptInfo (0ms)
			ResolveRequiredComponents (20ms)
	FinalizeReload (1493ms)
		ReleaseScriptCaches (0ms)
		RebuildScriptCaches (0ms)
		SetupLoadedEditorAssemblies (837ms)
			LogAssemblyErrors (0ms)
			InitializePlatformSupportModulesInManaged (20ms)
			SetLoadedEditorAssemblies (7ms)
			RefreshPlugins (0ms)
			BeforeProcessingInitializeOnLoad (118ms)
			ProcessInitializeOnLoadAttributes (620ms)
			ProcessInitializeOnLoadMethodAttributes (64ms)
			AfterProcessingInitializeOnLoad (8ms)
			EditorAssembliesLoaded (0ms)
		ExecutionOrderSort2 (0ms)
		AwakeInstancesAfterBackupRestoration (7ms)
Shader 'Meta/MRUK/Scene/HighlightsAndShadows': fallback shader 'Off' not found
Shader 'Oculus/OVRMRCameraFrameLit': fallback shader 'Alpha-Diffuse' not found
Refreshing native plugins compatible for Editor in 20.54 ms, found 17 plugins.
Preloading 2 native plugins for Editor in 0.09 ms.
Unloading 6995 Unused Serialized files (Serialized files now loaded: 0)
Unloading 112 unused Assets / (475.0 KB). Loaded Objects now: 7611.
Memory consumption went from 231.1 MB to 230.6 MB.
Total: 5.977600 ms (FindLiveObjects: 0.374000 ms CreateObjectMapping: 0.247500 ms MarkObjects: 5.077100 ms  DeleteObjects: 0.277700 ms)

Prepare: number of updated asset objects reloaded= 0
AssetImportParameters requested are different than current active one (requested -> active):
  custom:container-demuxer-ogg: 62fdf1f143b41e24485cea50d1cbac27 -> 
  custom:framework-win-MediaFoundation: 216162199b28c13a410421893ffa2e32 -> 
  custom:container-muxer-webm: aa71ff27fc2769a1b78a27578f13a17b -> 
  custom:video-decoder-webm-vp8: 9c59270c3fd7afecdb556c50c9e8de78 -> 
  custom:SearchIndexIgnoredProperties: e643bd26f0fe6173181afceb89e7c659 -> 
  custom:AudioImporter_EditorPlatform: d09bf68614088b80899f8185d706f6e7 -> 
  custom:audio-decoder-ogg-vorbis: bf7c407c2cedff20999df2af8eb42d56 -> 
  custom:audio-encoder-webm-vorbis: bf7c407c2cedff20999df2af8eb42d56 -> 
  custom:video-codec-MediaFoundation-h265: 746d11721c4dcdbdad8f713fa42b33f4 -> 
  custom:video-decoder-ogg-theora: a1e56fd34408186e4bbccfd4996cb3dc -> 
  custom:CustomObjectIndexerAttribute: 9a22284fe3817be447336de3de66b15e -> 
  custom:container-demuxer-webm: 4f35f7cbe854078d1ac9338744f61a02 -> 
  custom:video-encoder-webm-vp8: eb34c28f22e8b96e1ab97ce403110664 -> 
========================================================================
Received Prepare
Caller must complete domain reload
Begin MonoManager ReloadAssembly
- Loaded All Assemblies, in  0.485 seconds
Native extension for UWP target not found
Native extension for WindowsStandalone target not found
Native extension for Android target not found
[Package Manager] Server::EnsureServerProcessIsRunning -- launch failed, reason: Unity was launched with the -noUpm command-line argument
[Package Manager] UpmClient::Send -- Unable to send message (not connected to UPM process).
[Package Manager] Cannot connect to Unity Package Manager local server
[Package Manager] Server::EnsureServerProcessIsRunning -- launch failed, reason: Unity was launched with the -noUpm command-line argument
[Package Manager] UpmClient::Send -- Unable to send message (not connected to UPM process).
[Package Manager] Cannot connect to Unity Package Manager local server
[Synthetic Environments] got match start synth_env_server.exe Bedroom
UnityEngine.StackTraceUtility:ExtractStackTrace ()
UnityEngine.DebugLogHandler:LogFormat (UnityEngine.LogType,UnityEngine.Object,string,object[])
UnityEngine.Logger:Log (UnityEngine.LogType,object)
UnityEngine.Debug:Log (object)
Meta.XR.Simulator.Utils:ReportInfo (string,string) (at ./Library/PackageCache/com.meta.xr.simulator@74.0.0/Editor/Utils.cs:165)
Meta.XR.Simulator.Editor.SyntheticEnvironments.Installer:ParseSynthEnvScript (string) (at ./Library/PackageCache/com.meta.xr.simulator@74.0.0/Editor/SyntheticEnvironments/Installer.cs:98)
Meta.XR.Simulator.Editor.SyntheticEnvironments.Installer:BuildSyntheticEnvironments () (at ./Library/PackageCache/com.meta.xr.simulator@74.0.0/Editor/SyntheticEnvironments/Installer.cs:76)
Meta.XR.Simulator.Editor.SyntheticEnvironments.Registry:RegisterSyntheticEnvironments () (at ./Library/PackageCache/com.meta.xr.simulator@74.0.0/Editor/SyntheticEnvironments/Registry.cs:97)
Meta.XR.Simulator.Editor.SyntheticEnvironments.Registry:.cctor () (at ./Library/PackageCache/com.meta.xr.simulator@74.0.0/Editor/SyntheticEnvironments/Registry.cs:87)
System.Runtime.CompilerServices.RuntimeHelpers:RunClassConstructor (System.RuntimeTypeHandle)
UnityEditor.EditorAssemblies:ProcessInitializeOnLoadAttributes (System.Type[])

(Filename: ./Library/PackageCache/com.meta.xr.simulator@74.0.0/Editor/Utils.cs Line: 165)

[Synthetic Environments] got match start synth_env_server.exe GameRoom
UnityEngine.StackTraceUtility:ExtractStackTrace ()
UnityEngine.DebugLogHandler:LogFormat (UnityEngine.LogType,UnityEngine.Object,string,object[])
UnityEngine.Logger:Log (UnityEngine.LogType,object)
UnityEngine.Debug:Log (object)
Meta.XR.Simulator.Utils:ReportInfo (string,string) (at ./Library/PackageCache/com.meta.xr.simulator@74.0.0/Editor/Utils.cs:165)
Meta.XR.Simulator.Editor.SyntheticEnvironments.Installer:ParseSynthEnvScript (string) (at ./Library/PackageCache/com.meta.xr.simulator@74.0.0/Editor/SyntheticEnvironments/Installer.cs:98)
Meta.XR.Simulator.Editor.SyntheticEnvironments.Installer:BuildSyntheticEnvironments () (at ./Library/PackageCache/com.meta.xr.simulator@74.0.0/Editor/SyntheticEnvironments/Installer.cs:76)
Meta.XR.Simulator.Editor.SyntheticEnvironments.Registry:RegisterSyntheticEnvironments () (at ./Library/PackageCache/com.meta.xr.simulator@74.0.0/Editor/SyntheticEnvironments/Registry.cs:97)
Meta.XR.Simulator.Editor.SyntheticEnvironments.Registry:.cctor () (at ./Library/PackageCache/com.meta.xr.simulator@74.0.0/Editor/SyntheticEnvironments/Registry.cs:87)
System.Runtime.CompilerServices.RuntimeHelpers:RunClassConstructor (System.RuntimeTypeHandle)
UnityEditor.EditorAssemblies:ProcessInitializeOnLoadAttributes (System.Type[])

(Filename: ./Library/PackageCache/com.meta.xr.simulator@74.0.0/Editor/Utils.cs Line: 165)

[Synthetic Environments] got match start synth_env_server.exe LivingRoom
UnityEngine.StackTraceUtility:ExtractStackTrace ()
UnityEngine.DebugLogHandler:LogFormat (UnityEngine.LogType,UnityEngine.Object,string,object[])
UnityEngine.Logger:Log (UnityEngine.LogType,object)
UnityEngine.Debug:Log (object)
Meta.XR.Simulator.Utils:ReportInfo (string,string) (at ./Library/PackageCache/com.meta.xr.simulator@74.0.0/Editor/Utils.cs:165)
Meta.XR.Simulator.Editor.SyntheticEnvironments.Installer:ParseSynthEnvScript (string) (at ./Library/PackageCache/com.meta.xr.simulator@74.0.0/Editor/SyntheticEnvironments/Installer.cs:98)
Meta.XR.Simulator.Editor.SyntheticEnvironments.Installer:BuildSyntheticEnvironments () (at ./Library/PackageCache/com.meta.xr.simulator@74.0.0/Editor/SyntheticEnvironments/Installer.cs:76)
Meta.XR.Simulator.Editor.SyntheticEnvironments.Registry:RegisterSyntheticEnvironments () (at ./Library/PackageCache/com.meta.xr.simulator@74.0.0/Editor/SyntheticEnvironments/Registry.cs:97)
Meta.XR.Simulator.Editor.SyntheticEnvironments.Registry:.cctor () (at ./Library/PackageCache/com.meta.xr.simulator@74.0.0/Editor/SyntheticEnvironments/Registry.cs:87)
System.Runtime.CompilerServices.RuntimeHelpers:RunClassConstructor (System.RuntimeTypeHandle)
UnityEditor.EditorAssemblies:ProcessInitializeOnLoadAttributes (System.Type[])

(Filename: ./Library/PackageCache/com.meta.xr.simulator@74.0.0/Editor/Utils.cs Line: 165)

[Synthetic Environments] got match start synth_env_server_extra_rooms.exe XRoom2_3
UnityEngine.StackTraceUtility:ExtractStackTrace ()
UnityEngine.DebugLogHandler:LogFormat (UnityEngine.LogType,UnityEngine.Object,string,object[])
UnityEngine.Logger:Log (UnityEngine.LogType,object)
UnityEngine.Debug:Log (object)
Meta.XR.Simulator.Utils:ReportInfo (string,string) (at ./Library/PackageCache/com.meta.xr.simulator@74.0.0/Editor/Utils.cs:165)
Meta.XR.Simulator.Editor.SyntheticEnvironments.Installer:ParseSynthEnvScript (string) (at ./Library/PackageCache/com.meta.xr.simulator@74.0.0/Editor/SyntheticEnvironments/Installer.cs:98)
Meta.XR.Simulator.Editor.SyntheticEnvironments.Installer:BuildSyntheticEnvironments () (at ./Library/PackageCache/com.meta.xr.simulator@74.0.0/Editor/SyntheticEnvironments/Installer.cs:76)
Meta.XR.Simulator.Editor.SyntheticEnvironments.Registry:RegisterSyntheticEnvironments () (at ./Library/PackageCache/com.meta.xr.simulator@74.0.0/Editor/SyntheticEnvironments/Registry.cs:97)
Meta.XR.Simulator.Editor.SyntheticEnvironments.Registry:.cctor () (at ./Library/PackageCache/com.meta.xr.simulator@74.0.0/Editor/SyntheticEnvironments/Registry.cs:87)
System.Runtime.CompilerServices.RuntimeHelpers:RunClassConstructor (System.RuntimeTypeHandle)
UnityEditor.EditorAssemblies:ProcessInitializeOnLoadAttributes (System.Type[])

(Filename: ./Library/PackageCache/com.meta.xr.simulator@74.0.0/Editor/Utils.cs Line: 165)

[Synthetic Environments] got match start synth_env_server_extra_rooms.exe XRoom2_4
UnityEngine.StackTraceUtility:ExtractStackTrace ()
UnityEngine.DebugLogHandler:LogFormat (UnityEngine.LogType,UnityEngine.Object,string,object[])
UnityEngine.Logger:Log (UnityEngine.LogType,object)
UnityEngine.Debug:Log (object)
Meta.XR.Simulator.Utils:ReportInfo (string,string) (at ./Library/PackageCache/com.meta.xr.simulator@74.0.0/Editor/Utils.cs:165)
Meta.XR.Simulator.Editor.SyntheticEnvironments.Installer:ParseSynthEnvScript (string) (at ./Library/PackageCache/com.meta.xr.simulator@74.0.0/Editor/SyntheticEnvironments/Installer.cs:98)
Meta.XR.Simulator.Editor.SyntheticEnvironments.Installer:BuildSyntheticEnvironments () (at ./Library/PackageCache/com.meta.xr.simulator@74.0.0/Editor/SyntheticEnvironments/Installer.cs:76)
Meta.XR.Simulator.Editor.SyntheticEnvironments.Registry:RegisterSyntheticEnvironments () (at ./Library/PackageCache/com.meta.xr.simulator@74.0.0/Editor/SyntheticEnvironments/Registry.cs:97)
Meta.XR.Simulator.Editor.SyntheticEnvironments.Registry:.cctor () (at ./Library/PackageCache/com.meta.xr.simulator@74.0.0/Editor/SyntheticEnvironments/Registry.cs:87)
System.Runtime.CompilerServices.RuntimeHelpers:RunClassConstructor (System.RuntimeTypeHandle)
UnityEditor.EditorAssemblies:ProcessInitializeOnLoadAttributes (System.Type[])

(Filename: ./Library/PackageCache/com.meta.xr.simulator@74.0.0/Editor/Utils.cs Line: 165)

[Synthetic Environments] got match start synth_env_server_extra_rooms.exe XRoom5_6
UnityEngine.StackTraceUtility:ExtractStackTrace ()
UnityEngine.DebugLogHandler:LogFormat (UnityEngine.LogType,UnityEngine.Object,string,object[])
UnityEngine.Logger:Log (UnityEngine.LogType,object)
UnityEngine.Debug:Log (object)
Meta.XR.Simulator.Utils:ReportInfo (string,string) (at ./Library/PackageCache/com.meta.xr.simulator@74.0.0/Editor/Utils.cs:165)
Meta.XR.Simulator.Editor.SyntheticEnvironments.Installer:ParseSynthEnvScript (string) (at ./Library/PackageCache/com.meta.xr.simulator@74.0.0/Editor/SyntheticEnvironments/Installer.cs:98)
Meta.XR.Simulator.Editor.SyntheticEnvironments.Installer:BuildSyntheticEnvironments () (at ./Library/PackageCache/com.meta.xr.simulator@74.0.0/Editor/SyntheticEnvironments/Installer.cs:76)
Meta.XR.Simulator.Editor.SyntheticEnvironments.Registry:RegisterSyntheticEnvironments () (at ./Library/PackageCache/com.meta.xr.simulator@74.0.0/Editor/SyntheticEnvironments/Registry.cs:97)
Meta.XR.Simulator.Editor.SyntheticEnvironments.Registry:.cctor () (at ./Library/PackageCache/com.meta.xr.simulator@74.0.0/Editor/SyntheticEnvironments/Registry.cs:87)
System.Runtime.CompilerServices.RuntimeHelpers:RunClassConstructor (System.RuntimeTypeHandle)
UnityEditor.EditorAssemblies:ProcessInitializeOnLoadAttributes (System.Type[])

(Filename: ./Library/PackageCache/com.meta.xr.simulator@74.0.0/Editor/Utils.cs Line: 165)

[Synthetic Environments] got match start synth_env_server_extra_rooms.exe XRoom5_1
UnityEngine.StackTraceUtility:ExtractStackTrace ()
UnityEngine.DebugLogHandler:LogFormat (UnityEngine.LogType,UnityEngine.Object,string,object[])
UnityEngine.Logger:Log (UnityEngine.LogType,object)
UnityEngine.Debug:Log (object)
Meta.XR.Simulator.Utils:ReportInfo (string,string) (at ./Library/PackageCache/com.meta.xr.simulator@74.0.0/Editor/Utils.cs:165)
Meta.XR.Simulator.Editor.SyntheticEnvironments.Installer:ParseSynthEnvScript (string) (at ./Library/PackageCache/com.meta.xr.simulator@74.0.0/Editor/SyntheticEnvironments/Installer.cs:98)
Meta.XR.Simulator.Editor.SyntheticEnvironments.Installer:BuildSyntheticEnvironments () (at ./Library/PackageCache/com.meta.xr.simulator@74.0.0/Editor/SyntheticEnvironments/Installer.cs:76)
Meta.XR.Simulator.Editor.SyntheticEnvironments.Registry:RegisterSyntheticEnvironments () (at ./Library/PackageCache/com.meta.xr.simulator@74.0.0/Editor/SyntheticEnvironments/Registry.cs:97)
Meta.XR.Simulator.Editor.SyntheticEnvironments.Registry:.cctor () (at ./Library/PackageCache/com.meta.xr.simulator@74.0.0/Editor/SyntheticEnvironments/Registry.cs:87)
System.Runtime.CompilerServices.RuntimeHelpers:RunClassConstructor (System.RuntimeTypeHandle)
UnityEditor.EditorAssemblies:ProcessInitializeOnLoadAttributes (System.Type[])

(Filename: ./Library/PackageCache/com.meta.xr.simulator@74.0.0/Editor/Utils.cs Line: 165)

[Synthetic Environments] got match start synth_env_server_extra_rooms.exe XRoom3_1
UnityEngine.StackTraceUtility:ExtractStackTrace ()
UnityEngine.DebugLogHandler:LogFormat (UnityEngine.LogType,UnityEngine.Object,string,object[])
UnityEngine.Logger:Log (UnityEngine.LogType,object)
UnityEngine.Debug:Log (object)
Meta.XR.Simulator.Utils:ReportInfo (string,string) (at ./Library/PackageCache/com.meta.xr.simulator@74.0.0/Editor/Utils.cs:165)
Meta.XR.Simulator.Editor.SyntheticEnvironments.Installer:ParseSynthEnvScript (string) (at ./Library/PackageCache/com.meta.xr.simulator@74.0.0/Editor/SyntheticEnvironments/Installer.cs:98)
Meta.XR.Simulator.Editor.SyntheticEnvironments.Installer:BuildSyntheticEnvironments () (at ./Library/PackageCache/com.meta.xr.simulator@74.0.0/Editor/SyntheticEnvironments/Installer.cs:76)
Meta.XR.Simulator.Editor.SyntheticEnvironments.Registry:RegisterSyntheticEnvironments () (at ./Library/PackageCache/com.meta.xr.simulator@74.0.0/Editor/SyntheticEnvironments/Registry.cs:97)
Meta.XR.Simulator.Editor.SyntheticEnvironments.Registry:.cctor () (at ./Library/PackageCache/com.meta.xr.simulator@74.0.0/Editor/SyntheticEnvironments/Registry.cs:87)
System.Runtime.CompilerServices.RuntimeHelpers:RunClassConstructor (System.RuntimeTypeHandle)
UnityEditor.EditorAssemblies:ProcessInitializeOnLoadAttributes (System.Type[])

(Filename: ./Library/PackageCache/com.meta.xr.simulator@74.0.0/Editor/Utils.cs Line: 165)

[Synthetic Environments] got match start synth_env_server_extra_rooms.exe XRoom1_2
UnityEngine.StackTraceUtility:ExtractStackTrace ()
UnityEngine.DebugLogHandler:LogFormat (UnityEngine.LogType,UnityEngine.Object,string,object[])
UnityEngine.Logger:Log (UnityEngine.LogType,object)
UnityEngine.Debug:Log (object)
Meta.XR.Simulator.Utils:ReportInfo (string,string) (at ./Library/PackageCache/com.meta.xr.simulator@74.0.0/Editor/Utils.cs:165)
Meta.XR.Simulator.Editor.SyntheticEnvironments.Installer:ParseSynthEnvScript (string) (at ./Library/PackageCache/com.meta.xr.simulator@74.0.0/Editor/SyntheticEnvironments/Installer.cs:98)
Meta.XR.Simulator.Editor.SyntheticEnvironments.Installer:BuildSyntheticEnvironments () (at ./Library/PackageCache/com.meta.xr.simulator@74.0.0/Editor/SyntheticEnvironments/Installer.cs:76)
Meta.XR.Simulator.Editor.SyntheticEnvironments.Registry:RegisterSyntheticEnvironments () (at ./Library/PackageCache/com.meta.xr.simulator@74.0.0/Editor/SyntheticEnvironments/Registry.cs:97)
Meta.XR.Simulator.Editor.SyntheticEnvironments.Registry:.cctor () (at ./Library/PackageCache/com.meta.xr.simulator@74.0.0/Editor/SyntheticEnvironments/Registry.cs:87)
System.Runtime.CompilerServices.RuntimeHelpers:RunClassConstructor (System.RuntimeTypeHandle)
UnityEditor.EditorAssemblies:ProcessInitializeOnLoadAttributes (System.Type[])

(Filename: ./Library/PackageCache/com.meta.xr.simulator@74.0.0/Editor/Utils.cs Line: 165)

[Synthetic Environments] got match start synth_env_server_extra_rooms.exe XRoom1_1
UnityEngine.StackTraceUtility:ExtractStackTrace ()
UnityEngine.DebugLogHandler:LogFormat (UnityEngine.LogType,UnityEngine.Object,string,object[])
UnityEngine.Logger:Log (UnityEngine.LogType,object)
UnityEngine.Debug:Log (object)
Meta.XR.Simulator.Utils:ReportInfo (string,string) (at ./Library/PackageCache/com.meta.xr.simulator@74.0.0/Editor/Utils.cs:165)
Meta.XR.Simulator.Editor.SyntheticEnvironments.Installer:ParseSynthEnvScript (string) (at ./Library/PackageCache/com.meta.xr.simulator@74.0.0/Editor/SyntheticEnvironments/Installer.cs:98)
Meta.XR.Simulator.Editor.SyntheticEnvironments.Installer:BuildSyntheticEnvironments () (at ./Library/PackageCache/com.meta.xr.simulator@74.0.0/Editor/SyntheticEnvironments/Installer.cs:76)
Meta.XR.Simulator.Editor.SyntheticEnvironments.Registry:RegisterSyntheticEnvironments () (at ./Library/PackageCache/com.meta.xr.simulator@74.0.0/Editor/SyntheticEnvironments/Registry.cs:97)
Meta.XR.Simulator.Editor.SyntheticEnvironments.Registry:.cctor () (at ./Library/PackageCache/com.meta.xr.simulator@74.0.0/Editor/SyntheticEnvironments/Registry.cs:87)
System.Runtime.CompilerServices.RuntimeHelpers:RunClassConstructor (System.RuntimeTypeHandle)
UnityEditor.EditorAssemblies:ProcessInitializeOnLoadAttributes (System.Type[])

(Filename: ./Library/PackageCache/com.meta.xr.simulator@74.0.0/Editor/Utils.cs Line: 165)

[Synthetic Environments] got match start synth_env_server_extra_rooms.exe XRoom1_4
UnityEngine.StackTraceUtility:ExtractStackTrace ()
UnityEngine.DebugLogHandler:LogFormat (UnityEngine.LogType,UnityEngine.Object,string,object[])
UnityEngine.Logger:Log (UnityEngine.LogType,object)
UnityEngine.Debug:Log (object)
Meta.XR.Simulator.Utils:ReportInfo (string,string) (at ./Library/PackageCache/com.meta.xr.simulator@74.0.0/Editor/Utils.cs:165)
Meta.XR.Simulator.Editor.SyntheticEnvironments.Installer:ParseSynthEnvScript (string) (at ./Library/PackageCache/com.meta.xr.simulator@74.0.0/Editor/SyntheticEnvironments/Installer.cs:98)
Meta.XR.Simulator.Editor.SyntheticEnvironments.Installer:BuildSyntheticEnvironments () (at ./Library/PackageCache/com.meta.xr.simulator@74.0.0/Editor/SyntheticEnvironments/Installer.cs:76)
Meta.XR.Simulator.Editor.SyntheticEnvironments.Registry:RegisterSyntheticEnvironments () (at ./Library/PackageCache/com.meta.xr.simulator@74.0.0/Editor/SyntheticEnvironments/Registry.cs:97)
Meta.XR.Simulator.Editor.SyntheticEnvironments.Registry:.cctor () (at ./Library/PackageCache/com.meta.xr.simulator@74.0.0/Editor/SyntheticEnvironments/Registry.cs:87)
System.Runtime.CompilerServices.RuntimeHelpers:RunClassConstructor (System.RuntimeTypeHandle)
UnityEditor.EditorAssemblies:ProcessInitializeOnLoadAttributes (System.Type[])

(Filename: ./Library/PackageCache/com.meta.xr.simulator@74.0.0/Editor/Utils.cs Line: 165)

[Package Manager] Server::EnsureServerProcessIsRunning -- launch failed, reason: Unity was launched with the -noUpm command-line argument
[Package Manager] UpmClient::Send -- Unable to send message (not connected to UPM process).
[Package Manager] Cannot connect to Unity Package Manager local server
Mono: successfully reloaded assembly
[Package Manager] Server::EnsureServerProcessIsRunning -- launch failed, reason: Unity was launched with the -noUpm command-line argument
[Package Manager] UpmClient::Send -- Unable to send message (not connected to UPM process).
[Package Manager] Cannot connect to Unity Package Manager local server
- Finished resetting the current domain, in  1.296 seconds
Domain Reload Profiling: 1777ms
	BeginReloadAssembly (143ms)
		ExecutionOrderSort (0ms)
		DisableScriptedObjects (3ms)
		BackupInstance (0ms)
		ReleaseScriptingObjects (0ms)
		CreateAndSetChildDomain (38ms)
	RebuildCommonClasses (23ms)
	RebuildNativeTypeToScriptingClass (8ms)
	initialDomainReloadingComplete (25ms)
	LoadAllAssembliesAndSetupDomain (280ms)
		LoadAssemblies (325ms)
		RebuildTransferFunctionScriptingTraits (0ms)
		AnalyzeDomain (25ms)
			TypeCache.Refresh (8ms)
				TypeCache.ScanAssembly (0ms)
			ScanForSourceGeneratedMonoScriptInfo (0ms)
			ResolveRequiredComponents (15ms)
	FinalizeReload (1297ms)
		ReleaseScriptCaches (0ms)
		RebuildScriptCaches (0ms)
		SetupLoadedEditorAssemblies (708ms)
			LogAssemblyErrors (0ms)
			InitializePlatformSupportModulesInManaged (17ms)
			SetLoadedEditorAssemblies (5ms)
			RefreshPlugins (0ms)
			BeforeProcessingInitializeOnLoad (102ms)
			ProcessInitializeOnLoadAttributes (524ms)
			ProcessInitializeOnLoadMethodAttributes (55ms)
			AfterProcessingInitializeOnLoad (6ms)
			EditorAssembliesLoaded (0ms)
		ExecutionOrderSort2 (0ms)
		AwakeInstancesAfterBackupRestoration (5ms)
Shader 'Meta/MRUK/Scene/HighlightsAndShadows': fallback shader 'Off' not found
Shader 'Oculus/OVRMRCameraFrameLit': fallback shader 'Alpha-Diffuse' not found
Refreshing native plugins compatible for Editor in 18.75 ms, found 17 plugins.
Preloading 2 native plugins for Editor in 0.08 ms.
Unloading 6995 Unused Serialized files (Serialized files now loaded: 0)
Unloading 112 unused Assets / (467.1 KB). Loaded Objects now: 7615.
Memory consumption went from 231.0 MB to 230.5 MB.
Total: 5.587300 ms (FindLiveObjects: 0.355400 ms CreateObjectMapping: 0.229100 ms MarkObjects: 4.743200 ms  DeleteObjects: 0.258700 ms)

Prepare: number of updated asset objects reloaded= 0
AssetImportParameters requested are different than current active one (requested -> active):
  custom:container-demuxer-ogg: 62fdf1f143b41e24485cea50d1cbac27 -> 
  custom:framework-win-MediaFoundation: 216162199b28c13a410421893ffa2e32 -> 
  custom:container-muxer-webm: aa71ff27fc2769a1b78a27578f13a17b -> 
  custom:video-decoder-webm-vp8: 9c59270c3fd7afecdb556c50c9e8de78 -> 
  custom:SearchIndexIgnoredProperties: e643bd26f0fe6173181afceb89e7c659 -> 
  custom:AudioImporter_EditorPlatform: d09bf68614088b80899f8185d706f6e7 -> 
  custom:audio-decoder-ogg-vorbis: bf7c407c2cedff20999df2af8eb42d56 -> 
  custom:audio-encoder-webm-vorbis: bf7c407c2cedff20999df2af8eb42d56 -> 
  custom:video-codec-MediaFoundation-h265: 746d11721c4dcdbdad8f713fa42b33f4 -> 
  custom:video-decoder-ogg-theora: a1e56fd34408186e4bbccfd4996cb3dc -> 
  custom:CustomObjectIndexerAttribute: 9a22284fe3817be447336de3de66b15e -> 
  custom:container-demuxer-webm: 4f35f7cbe854078d1ac9338744f61a02 -> 
  custom:video-encoder-webm-vp8: eb34c28f22e8b96e1ab97ce403110664 -> 
========================================================================
Received Prepare
Caller must complete domain reload
Begin MonoManager ReloadAssembly
- Loaded All Assemblies, in  0.445 seconds
Native extension for UWP target not found
Native extension for WindowsStandalone target not found
Native extension for Android target not found
[Package Manager] Server::EnsureServerProcessIsRunning -- launch failed, reason: Unity was launched with the -noUpm command-line argument
[Package Manager] UpmClient::Send -- Unable to send message (not connected to UPM process).
[Package Manager] Cannot connect to Unity Package Manager local server
[Package Manager] Server::EnsureServerProcessIsRunning -- launch failed, reason: Unity was launched with the -noUpm command-line argument
[Package Manager] UpmClient::Send -- Unable to send message (not connected to UPM process).
[Package Manager] Cannot connect to Unity Package Manager local server
[Synthetic Environments] got match start synth_env_server.exe Bedroom
UnityEngine.StackTraceUtility:ExtractStackTrace ()
UnityEngine.DebugLogHandler:LogFormat (UnityEngine.LogType,UnityEngine.Object,string,object[])
UnityEngine.Logger:Log (UnityEngine.LogType,object)
UnityEngine.Debug:Log (object)
Meta.XR.Simulator.Utils:ReportInfo (string,string) (at ./Library/PackageCache/com.meta.xr.simulator@74.0.0/Editor/Utils.cs:165)
Meta.XR.Simulator.Editor.SyntheticEnvironments.Installer:ParseSynthEnvScript (string) (at ./Library/PackageCache/com.meta.xr.simulator@74.0.0/Editor/SyntheticEnvironments/Installer.cs:98)
Meta.XR.Simulator.Editor.SyntheticEnvironments.Installer:BuildSyntheticEnvironments () (at ./Library/PackageCache/com.meta.xr.simulator@74.0.0/Editor/SyntheticEnvironments/Installer.cs:76)
Meta.XR.Simulator.Editor.SyntheticEnvironments.Registry:RegisterSyntheticEnvironments () (at ./Library/PackageCache/com.meta.xr.simulator@74.0.0/Editor/SyntheticEnvironments/Registry.cs:97)
Meta.XR.Simulator.Editor.SyntheticEnvironments.Registry:.cctor () (at ./Library/PackageCache/com.meta.xr.simulator@74.0.0/Editor/SyntheticEnvironments/Registry.cs:87)
System.Runtime.CompilerServices.RuntimeHelpers:RunClassConstructor (System.RuntimeTypeHandle)
UnityEditor.EditorAssemblies:ProcessInitializeOnLoadAttributes (System.Type[])

(Filename: ./Library/PackageCache/com.meta.xr.simulator@74.0.0/Editor/Utils.cs Line: 165)

[Synthetic Environments] got match start synth_env_server.exe GameRoom
UnityEngine.StackTraceUtility:ExtractStackTrace ()
UnityEngine.DebugLogHandler:LogFormat (UnityEngine.LogType,UnityEngine.Object,string,object[])
UnityEngine.Logger:Log (UnityEngine.LogType,object)
UnityEngine.Debug:Log (object)
Meta.XR.Simulator.Utils:ReportInfo (string,string) (at ./Library/PackageCache/com.meta.xr.simulator@74.0.0/Editor/Utils.cs:165)
Meta.XR.Simulator.Editor.SyntheticEnvironments.Installer:ParseSynthEnvScript (string) (at ./Library/PackageCache/com.meta.xr.simulator@74.0.0/Editor/SyntheticEnvironments/Installer.cs:98)
Meta.XR.Simulator.Editor.SyntheticEnvironments.Installer:BuildSyntheticEnvironments () (at ./Library/PackageCache/com.meta.xr.simulator@74.0.0/Editor/SyntheticEnvironments/Installer.cs:76)
Meta.XR.Simulator.Editor.SyntheticEnvironments.Registry:RegisterSyntheticEnvironments () (at ./Library/PackageCache/com.meta.xr.simulator@74.0.0/Editor/SyntheticEnvironments/Registry.cs:97)
Meta.XR.Simulator.Editor.SyntheticEnvironments.Registry:.cctor () (at ./Library/PackageCache/com.meta.xr.simulator@74.0.0/Editor/SyntheticEnvironments/Registry.cs:87)
System.Runtime.CompilerServices.RuntimeHelpers:RunClassConstructor (System.RuntimeTypeHandle)
UnityEditor.EditorAssemblies:ProcessInitializeOnLoadAttributes (System.Type[])

(Filename: ./Library/PackageCache/com.meta.xr.simulator@74.0.0/Editor/Utils.cs Line: 165)

[Synthetic Environments] got match start synth_env_server.exe LivingRoom
UnityEngine.StackTraceUtility:ExtractStackTrace ()
UnityEngine.DebugLogHandler:LogFormat (UnityEngine.LogType,UnityEngine.Object,string,object[])
UnityEngine.Logger:Log (UnityEngine.LogType,object)
UnityEngine.Debug:Log (object)
Meta.XR.Simulator.Utils:ReportInfo (string,string) (at ./Library/PackageCache/com.meta.xr.simulator@74.0.0/Editor/Utils.cs:165)
Meta.XR.Simulator.Editor.SyntheticEnvironments.Installer:ParseSynthEnvScript (string) (at ./Library/PackageCache/com.meta.xr.simulator@74.0.0/Editor/SyntheticEnvironments/Installer.cs:98)
Meta.XR.Simulator.Editor.SyntheticEnvironments.Installer:BuildSyntheticEnvironments () (at ./Library/PackageCache/com.meta.xr.simulator@74.0.0/Editor/SyntheticEnvironments/Installer.cs:76)
Meta.XR.Simulator.Editor.SyntheticEnvironments.Registry:RegisterSyntheticEnvironments () (at ./Library/PackageCache/com.meta.xr.simulator@74.0.0/Editor/SyntheticEnvironments/Registry.cs:97)
Meta.XR.Simulator.Editor.SyntheticEnvironments.Registry:.cctor () (at ./Library/PackageCache/com.meta.xr.simulator@74.0.0/Editor/SyntheticEnvironments/Registry.cs:87)
System.Runtime.CompilerServices.RuntimeHelpers:RunClassConstructor (System.RuntimeTypeHandle)
UnityEditor.EditorAssemblies:ProcessInitializeOnLoadAttributes (System.Type[])

(Filename: ./Library/PackageCache/com.meta.xr.simulator@74.0.0/Editor/Utils.cs Line: 165)

[Synthetic Environments] got match start synth_env_server_extra_rooms.exe XRoom2_3
UnityEngine.StackTraceUtility:ExtractStackTrace ()
UnityEngine.DebugLogHandler:LogFormat (UnityEngine.LogType,UnityEngine.Object,string,object[])
UnityEngine.Logger:Log (UnityEngine.LogType,object)
UnityEngine.Debug:Log (object)
Meta.XR.Simulator.Utils:ReportInfo (string,string) (at ./Library/PackageCache/com.meta.xr.simulator@74.0.0/Editor/Utils.cs:165)
Meta.XR.Simulator.Editor.SyntheticEnvironments.Installer:ParseSynthEnvScript (string) (at ./Library/PackageCache/com.meta.xr.simulator@74.0.0/Editor/SyntheticEnvironments/Installer.cs:98)
Meta.XR.Simulator.Editor.SyntheticEnvironments.Installer:BuildSyntheticEnvironments () (at ./Library/PackageCache/com.meta.xr.simulator@74.0.0/Editor/SyntheticEnvironments/Installer.cs:76)
Meta.XR.Simulator.Editor.SyntheticEnvironments.Registry:RegisterSyntheticEnvironments () (at ./Library/PackageCache/com.meta.xr.simulator@74.0.0/Editor/SyntheticEnvironments/Registry.cs:97)
Meta.XR.Simulator.Editor.SyntheticEnvironments.Registry:.cctor () (at ./Library/PackageCache/com.meta.xr.simulator@74.0.0/Editor/SyntheticEnvironments/Registry.cs:87)
System.Runtime.CompilerServices.RuntimeHelpers:RunClassConstructor (System.RuntimeTypeHandle)
UnityEditor.EditorAssemblies:ProcessInitializeOnLoadAttributes (System.Type[])

(Filename: ./Library/PackageCache/com.meta.xr.simulator@74.0.0/Editor/Utils.cs Line: 165)

[Synthetic Environments] got match start synth_env_server_extra_rooms.exe XRoom2_4
UnityEngine.StackTraceUtility:ExtractStackTrace ()
UnityEngine.DebugLogHandler:LogFormat (UnityEngine.LogType,UnityEngine.Object,string,object[])
UnityEngine.Logger:Log (UnityEngine.LogType,object)
UnityEngine.Debug:Log (object)
Meta.XR.Simulator.Utils:ReportInfo (string,string) (at ./Library/PackageCache/com.meta.xr.simulator@74.0.0/Editor/Utils.cs:165)
Meta.XR.Simulator.Editor.SyntheticEnvironments.Installer:ParseSynthEnvScript (string) (at ./Library/PackageCache/com.meta.xr.simulator@74.0.0/Editor/SyntheticEnvironments/Installer.cs:98)
Meta.XR.Simulator.Editor.SyntheticEnvironments.Installer:BuildSyntheticEnvironments () (at ./Library/PackageCache/com.meta.xr.simulator@74.0.0/Editor/SyntheticEnvironments/Installer.cs:76)
Meta.XR.Simulator.Editor.SyntheticEnvironments.Registry:RegisterSyntheticEnvironments () (at ./Library/PackageCache/com.meta.xr.simulator@74.0.0/Editor/SyntheticEnvironments/Registry.cs:97)
Meta.XR.Simulator.Editor.SyntheticEnvironments.Registry:.cctor () (at ./Library/PackageCache/com.meta.xr.simulator@74.0.0/Editor/SyntheticEnvironments/Registry.cs:87)
System.Runtime.CompilerServices.RuntimeHelpers:RunClassConstructor (System.RuntimeTypeHandle)
UnityEditor.EditorAssemblies:ProcessInitializeOnLoadAttributes (System.Type[])

(Filename: ./Library/PackageCache/com.meta.xr.simulator@74.0.0/Editor/Utils.cs Line: 165)

[Synthetic Environments] got match start synth_env_server_extra_rooms.exe XRoom5_6
UnityEngine.StackTraceUtility:ExtractStackTrace ()
UnityEngine.DebugLogHandler:LogFormat (UnityEngine.LogType,UnityEngine.Object,string,object[])
UnityEngine.Logger:Log (UnityEngine.LogType,object)
UnityEngine.Debug:Log (object)
Meta.XR.Simulator.Utils:ReportInfo (string,string) (at ./Library/PackageCache/com.meta.xr.simulator@74.0.0/Editor/Utils.cs:165)
Meta.XR.Simulator.Editor.SyntheticEnvironments.Installer:ParseSynthEnvScript (string) (at ./Library/PackageCache/com.meta.xr.simulator@74.0.0/Editor/SyntheticEnvironments/Installer.cs:98)
Meta.XR.Simulator.Editor.SyntheticEnvironments.Installer:BuildSyntheticEnvironments () (at ./Library/PackageCache/com.meta.xr.simulator@74.0.0/Editor/SyntheticEnvironments/Installer.cs:76)
Meta.XR.Simulator.Editor.SyntheticEnvironments.Registry:RegisterSyntheticEnvironments () (at ./Library/PackageCache/com.meta.xr.simulator@74.0.0/Editor/SyntheticEnvironments/Registry.cs:97)
Meta.XR.Simulator.Editor.SyntheticEnvironments.Registry:.cctor () (at ./Library/PackageCache/com.meta.xr.simulator@74.0.0/Editor/SyntheticEnvironments/Registry.cs:87)
System.Runtime.CompilerServices.RuntimeHelpers:RunClassConstructor (System.RuntimeTypeHandle)
UnityEditor.EditorAssemblies:ProcessInitializeOnLoadAttributes (System.Type[])

(Filename: ./Library/PackageCache/com.meta.xr.simulator@74.0.0/Editor/Utils.cs Line: 165)

[Synthetic Environments] got match start synth_env_server_extra_rooms.exe XRoom5_1
UnityEngine.StackTraceUtility:ExtractStackTrace ()
UnityEngine.DebugLogHandler:LogFormat (UnityEngine.LogType,UnityEngine.Object,string,object[])
UnityEngine.Logger:Log (UnityEngine.LogType,object)
UnityEngine.Debug:Log (object)
Meta.XR.Simulator.Utils:ReportInfo (string,string) (at ./Library/PackageCache/com.meta.xr.simulator@74.0.0/Editor/Utils.cs:165)
Meta.XR.Simulator.Editor.SyntheticEnvironments.Installer:ParseSynthEnvScript (string) (at ./Library/PackageCache/com.meta.xr.simulator@74.0.0/Editor/SyntheticEnvironments/Installer.cs:98)
Meta.XR.Simulator.Editor.SyntheticEnvironments.Installer:BuildSyntheticEnvironments () (at ./Library/PackageCache/com.meta.xr.simulator@74.0.0/Editor/SyntheticEnvironments/Installer.cs:76)
Meta.XR.Simulator.Editor.SyntheticEnvironments.Registry:RegisterSyntheticEnvironments () (at ./Library/PackageCache/com.meta.xr.simulator@74.0.0/Editor/SyntheticEnvironments/Registry.cs:97)
Meta.XR.Simulator.Editor.SyntheticEnvironments.Registry:.cctor () (at ./Library/PackageCache/com.meta.xr.simulator@74.0.0/Editor/SyntheticEnvironments/Registry.cs:87)
System.Runtime.CompilerServices.RuntimeHelpers:RunClassConstructor (System.RuntimeTypeHandle)
UnityEditor.EditorAssemblies:ProcessInitializeOnLoadAttributes (System.Type[])

(Filename: ./Library/PackageCache/com.meta.xr.simulator@74.0.0/Editor/Utils.cs Line: 165)

[Synthetic Environments] got match start synth_env_server_extra_rooms.exe XRoom3_1
UnityEngine.StackTraceUtility:ExtractStackTrace ()
UnityEngine.DebugLogHandler:LogFormat (UnityEngine.LogType,UnityEngine.Object,string,object[])
UnityEngine.Logger:Log (UnityEngine.LogType,object)
UnityEngine.Debug:Log (object)
Meta.XR.Simulator.Utils:ReportInfo (string,string) (at ./Library/PackageCache/com.meta.xr.simulator@74.0.0/Editor/Utils.cs:165)
Meta.XR.Simulator.Editor.SyntheticEnvironments.Installer:ParseSynthEnvScript (string) (at ./Library/PackageCache/com.meta.xr.simulator@74.0.0/Editor/SyntheticEnvironments/Installer.cs:98)
Meta.XR.Simulator.Editor.SyntheticEnvironments.Installer:BuildSyntheticEnvironments () (at ./Library/PackageCache/com.meta.xr.simulator@74.0.0/Editor/SyntheticEnvironments/Installer.cs:76)
Meta.XR.Simulator.Editor.SyntheticEnvironments.Registry:RegisterSyntheticEnvironments () (at ./Library/PackageCache/com.meta.xr.simulator@74.0.0/Editor/SyntheticEnvironments/Registry.cs:97)
Meta.XR.Simulator.Editor.SyntheticEnvironments.Registry:.cctor () (at ./Library/PackageCache/com.meta.xr.simulator@74.0.0/Editor/SyntheticEnvironments/Registry.cs:87)
System.Runtime.CompilerServices.RuntimeHelpers:RunClassConstructor (System.RuntimeTypeHandle)
UnityEditor.EditorAssemblies:ProcessInitializeOnLoadAttributes (System.Type[])

(Filename: ./Library/PackageCache/com.meta.xr.simulator@74.0.0/Editor/Utils.cs Line: 165)

[Synthetic Environments] got match start synth_env_server_extra_rooms.exe XRoom1_2
UnityEngine.StackTraceUtility:ExtractStackTrace ()
UnityEngine.DebugLogHandler:LogFormat (UnityEngine.LogType,UnityEngine.Object,string,object[])
UnityEngine.Logger:Log (UnityEngine.LogType,object)
UnityEngine.Debug:Log (object)
Meta.XR.Simulator.Utils:ReportInfo (string,string) (at ./Library/PackageCache/com.meta.xr.simulator@74.0.0/Editor/Utils.cs:165)
Meta.XR.Simulator.Editor.SyntheticEnvironments.Installer:ParseSynthEnvScript (string) (at ./Library/PackageCache/com.meta.xr.simulator@74.0.0/Editor/SyntheticEnvironments/Installer.cs:98)
Meta.XR.Simulator.Editor.SyntheticEnvironments.Installer:BuildSyntheticEnvironments () (at ./Library/PackageCache/com.meta.xr.simulator@74.0.0/Editor/SyntheticEnvironments/Installer.cs:76)
Meta.XR.Simulator.Editor.SyntheticEnvironments.Registry:RegisterSyntheticEnvironments () (at ./Library/PackageCache/com.meta.xr.simulator@74.0.0/Editor/SyntheticEnvironments/Registry.cs:97)
Meta.XR.Simulator.Editor.SyntheticEnvironments.Registry:.cctor () (at ./Library/PackageCache/com.meta.xr.simulator@74.0.0/Editor/SyntheticEnvironments/Registry.cs:87)
System.Runtime.CompilerServices.RuntimeHelpers:RunClassConstructor (System.RuntimeTypeHandle)
UnityEditor.EditorAssemblies:ProcessInitializeOnLoadAttributes (System.Type[])

(Filename: ./Library/PackageCache/com.meta.xr.simulator@74.0.0/Editor/Utils.cs Line: 165)

[Synthetic Environments] got match start synth_env_server_extra_rooms.exe XRoom1_1
UnityEngine.StackTraceUtility:ExtractStackTrace ()
UnityEngine.DebugLogHandler:LogFormat (UnityEngine.LogType,UnityEngine.Object,string,object[])
UnityEngine.Logger:Log (UnityEngine.LogType,object)
UnityEngine.Debug:Log (object)
Meta.XR.Simulator.Utils:ReportInfo (string,string) (at ./Library/PackageCache/com.meta.xr.simulator@74.0.0/Editor/Utils.cs:165)
Meta.XR.Simulator.Editor.SyntheticEnvironments.Installer:ParseSynthEnvScript (string) (at ./Library/PackageCache/com.meta.xr.simulator@74.0.0/Editor/SyntheticEnvironments/Installer.cs:98)
Meta.XR.Simulator.Editor.SyntheticEnvironments.Installer:BuildSyntheticEnvironments () (at ./Library/PackageCache/com.meta.xr.simulator@74.0.0/Editor/SyntheticEnvironments/Installer.cs:76)
Meta.XR.Simulator.Editor.SyntheticEnvironments.Registry:RegisterSyntheticEnvironments () (at ./Library/PackageCache/com.meta.xr.simulator@74.0.0/Editor/SyntheticEnvironments/Registry.cs:97)
Meta.XR.Simulator.Editor.SyntheticEnvironments.Registry:.cctor () (at ./Library/PackageCache/com.meta.xr.simulator@74.0.0/Editor/SyntheticEnvironments/Registry.cs:87)
System.Runtime.CompilerServices.RuntimeHelpers:RunClassConstructor (System.RuntimeTypeHandle)
UnityEditor.EditorAssemblies:ProcessInitializeOnLoadAttributes (System.Type[])

(Filename: ./Library/PackageCache/com.meta.xr.simulator@74.0.0/Editor/Utils.cs Line: 165)

[Synthetic Environments] got match start synth_env_server_extra_rooms.exe XRoom1_4
UnityEngine.StackTraceUtility:ExtractStackTrace ()
UnityEngine.DebugLogHandler:LogFormat (UnityEngine.LogType,UnityEngine.Object,string,object[])
UnityEngine.Logger:Log (UnityEngine.LogType,object)
UnityEngine.Debug:Log (object)
Meta.XR.Simulator.Utils:ReportInfo (string,string) (at ./Library/PackageCache/com.meta.xr.simulator@74.0.0/Editor/Utils.cs:165)
Meta.XR.Simulator.Editor.SyntheticEnvironments.Installer:ParseSynthEnvScript (string) (at ./Library/PackageCache/com.meta.xr.simulator@74.0.0/Editor/SyntheticEnvironments/Installer.cs:98)
Meta.XR.Simulator.Editor.SyntheticEnvironments.Installer:BuildSyntheticEnvironments () (at ./Library/PackageCache/com.meta.xr.simulator@74.0.0/Editor/SyntheticEnvironments/Installer.cs:76)
Meta.XR.Simulator.Editor.SyntheticEnvironments.Registry:RegisterSyntheticEnvironments () (at ./Library/PackageCache/com.meta.xr.simulator@74.0.0/Editor/SyntheticEnvironments/Registry.cs:97)
Meta.XR.Simulator.Editor.SyntheticEnvironments.Registry:.cctor () (at ./Library/PackageCache/com.meta.xr.simulator@74.0.0/Editor/SyntheticEnvironments/Registry.cs:87)
System.Runtime.CompilerServices.RuntimeHelpers:RunClassConstructor (System.RuntimeTypeHandle)
UnityEditor.EditorAssemblies:ProcessInitializeOnLoadAttributes (System.Type[])

(Filename: ./Library/PackageCache/com.meta.xr.simulator@74.0.0/Editor/Utils.cs Line: 165)

[Package Manager] Server::EnsureServerProcessIsRunning -- launch failed, reason: Unity was launched with the -noUpm command-line argument
[Package Manager] UpmClient::Send -- Unable to send message (not connected to UPM process).
[Package Manager] Cannot connect to Unity Package Manager local server
Mono: successfully reloaded assembly
[Package Manager] Server::EnsureServerProcessIsRunning -- launch failed, reason: Unity was launched with the -noUpm command-line argument
[Package Manager] UpmClient::Send -- Unable to send message (not connected to UPM process).
[Package Manager] Cannot connect to Unity Package Manager local server
- Finished resetting the current domain, in  1.266 seconds
Domain Reload Profiling: 1706ms
	BeginReloadAssembly (132ms)
		ExecutionOrderSort (0ms)
		DisableScriptedObjects (4ms)
		BackupInstance (0ms)
		ReleaseScriptingObjects (0ms)
		CreateAndSetChildDomain (38ms)
	RebuildCommonClasses (23ms)
	RebuildNativeTypeToScriptingClass (8ms)
	initialDomainReloadingComplete (22ms)
	LoadAllAssembliesAndSetupDomain (256ms)
		LoadAssemblies (297ms)
		RebuildTransferFunctionScriptingTraits (0ms)
		AnalyzeDomain (25ms)
			TypeCache.Refresh (7ms)
				TypeCache.ScanAssembly (0ms)
			ScanForSourceGeneratedMonoScriptInfo (0ms)
			ResolveRequiredComponents (16ms)
	FinalizeReload (1266ms)
		ReleaseScriptCaches (0ms)
		RebuildScriptCaches (0ms)
		SetupLoadedEditorAssemblies (662ms)
			LogAssemblyErrors (0ms)
			InitializePlatformSupportModulesInManaged (16ms)
			SetLoadedEditorAssemblies (5ms)
			RefreshPlugins (0ms)
			BeforeProcessingInitializeOnLoad (90ms)
			ProcessInitializeOnLoadAttributes (490ms)
			ProcessInitializeOnLoadMethodAttributes (55ms)
			AfterProcessingInitializeOnLoad (6ms)
			EditorAssembliesLoaded (0ms)
		ExecutionOrderSort2 (0ms)
		AwakeInstancesAfterBackupRestoration (5ms)
Shader 'Meta/MRUK/Scene/HighlightsAndShadows': fallback shader 'Off' not found
Shader 'Oculus/OVRMRCameraFrameLit': fallback shader 'Alpha-Diffuse' not found
Refreshing native plugins compatible for Editor in 19.21 ms, found 17 plugins.
Preloading 2 native plugins for Editor in 0.09 ms.
Unloading 6995 Unused Serialized files (Serialized files now loaded: 0)
Unloading 112 unused Assets / (467.1 KB). Loaded Objects now: 7619.
Memory consumption went from 231.2 MB to 230.7 MB.
Total: 5.111500 ms (FindLiveObjects: 0.340500 ms CreateObjectMapping: 0.224800 ms MarkObjects: 4.306700 ms  DeleteObjects: 0.238700 ms)

Prepare: number of updated asset objects reloaded= 0
AssetImportParameters requested are different than current active one (requested -> active):
  custom:container-demuxer-ogg: 62fdf1f143b41e24485cea50d1cbac27 -> 
  custom:framework-win-MediaFoundation: 216162199b28c13a410421893ffa2e32 -> 
  custom:container-muxer-webm: aa71ff27fc2769a1b78a27578f13a17b -> 
  custom:video-decoder-webm-vp8: 9c59270c3fd7afecdb556c50c9e8de78 -> 
  custom:SearchIndexIgnoredProperties: e643bd26f0fe6173181afceb89e7c659 -> 
  custom:AudioImporter_EditorPlatform: d09bf68614088b80899f8185d706f6e7 -> 
  custom:audio-decoder-ogg-vorbis: bf7c407c2cedff20999df2af8eb42d56 -> 
  custom:audio-encoder-webm-vorbis: bf7c407c2cedff20999df2af8eb42d56 -> 
  custom:video-codec-MediaFoundation-h265: 746d11721c4dcdbdad8f713fa42b33f4 -> 
  custom:video-decoder-ogg-theora: a1e56fd34408186e4bbccfd4996cb3dc -> 
  custom:CustomObjectIndexerAttribute: 9a22284fe3817be447336de3de66b15e -> 
  custom:container-demuxer-webm: 4f35f7cbe854078d1ac9338744f61a02 -> 
  custom:video-encoder-webm-vp8: eb34c28f22e8b96e1ab97ce403110664 -> 
========================================================================
Received Prepare
Caller must complete domain reload
Begin MonoManager ReloadAssembly
- Loaded All Assemblies, in  0.476 seconds
Native extension for UWP target not found
Native extension for WindowsStandalone target not found
Native extension for Android target not found
[Package Manager] Server::EnsureServerProcessIsRunning -- launch failed, reason: Unity was launched with the -noUpm command-line argument
[Package Manager] UpmClient::Send -- Unable to send message (not connected to UPM process).
[Package Manager] Cannot connect to Unity Package Manager local server
[Package Manager] Server::EnsureServerProcessIsRunning -- launch failed, reason: Unity was launched with the -noUpm command-line argument
[Package Manager] UpmClient::Send -- Unable to send message (not connected to UPM process).
[Package Manager] Cannot connect to Unity Package Manager local server
[Synthetic Environments] got match start synth_env_server.exe Bedroom
UnityEngine.StackTraceUtility:ExtractStackTrace ()
UnityEngine.DebugLogHandler:LogFormat (UnityEngine.LogType,UnityEngine.Object,string,object[])
UnityEngine.Logger:Log (UnityEngine.LogType,object)
UnityEngine.Debug:Log (object)
Meta.XR.Simulator.Utils:ReportInfo (string,string) (at ./Library/PackageCache/com.meta.xr.simulator@74.0.0/Editor/Utils.cs:165)
Meta.XR.Simulator.Editor.SyntheticEnvironments.Installer:ParseSynthEnvScript (string) (at ./Library/PackageCache/com.meta.xr.simulator@74.0.0/Editor/SyntheticEnvironments/Installer.cs:98)
Meta.XR.Simulator.Editor.SyntheticEnvironments.Installer:BuildSyntheticEnvironments () (at ./Library/PackageCache/com.meta.xr.simulator@74.0.0/Editor/SyntheticEnvironments/Installer.cs:76)
Meta.XR.Simulator.Editor.SyntheticEnvironments.Registry:RegisterSyntheticEnvironments () (at ./Library/PackageCache/com.meta.xr.simulator@74.0.0/Editor/SyntheticEnvironments/Registry.cs:97)
Meta.XR.Simulator.Editor.SyntheticEnvironments.Registry:.cctor () (at ./Library/PackageCache/com.meta.xr.simulator@74.0.0/Editor/SyntheticEnvironments/Registry.cs:87)
System.Runtime.CompilerServices.RuntimeHelpers:RunClassConstructor (System.RuntimeTypeHandle)
UnityEditor.EditorAssemblies:ProcessInitializeOnLoadAttributes (System.Type[])

(Filename: ./Library/PackageCache/com.meta.xr.simulator@74.0.0/Editor/Utils.cs Line: 165)

[Synthetic Environments] got match start synth_env_server.exe GameRoom
UnityEngine.StackTraceUtility:ExtractStackTrace ()
UnityEngine.DebugLogHandler:LogFormat (UnityEngine.LogType,UnityEngine.Object,string,object[])
UnityEngine.Logger:Log (UnityEngine.LogType,object)
UnityEngine.Debug:Log (object)
Meta.XR.Simulator.Utils:ReportInfo (string,string) (at ./Library/PackageCache/com.meta.xr.simulator@74.0.0/Editor/Utils.cs:165)
Meta.XR.Simulator.Editor.SyntheticEnvironments.Installer:ParseSynthEnvScript (string) (at ./Library/PackageCache/com.meta.xr.simulator@74.0.0/Editor/SyntheticEnvironments/Installer.cs:98)
Meta.XR.Simulator.Editor.SyntheticEnvironments.Installer:BuildSyntheticEnvironments () (at ./Library/PackageCache/com.meta.xr.simulator@74.0.0/Editor/SyntheticEnvironments/Installer.cs:76)
Meta.XR.Simulator.Editor.SyntheticEnvironments.Registry:RegisterSyntheticEnvironments () (at ./Library/PackageCache/com.meta.xr.simulator@74.0.0/Editor/SyntheticEnvironments/Registry.cs:97)
Meta.XR.Simulator.Editor.SyntheticEnvironments.Registry:.cctor () (at ./Library/PackageCache/com.meta.xr.simulator@74.0.0/Editor/SyntheticEnvironments/Registry.cs:87)
System.Runtime.CompilerServices.RuntimeHelpers:RunClassConstructor (System.RuntimeTypeHandle)
UnityEditor.EditorAssemblies:ProcessInitializeOnLoadAttributes (System.Type[])

(Filename: ./Library/PackageCache/com.meta.xr.simulator@74.0.0/Editor/Utils.cs Line: 165)

[Synthetic Environments] got match start synth_env_server.exe LivingRoom
UnityEngine.StackTraceUtility:ExtractStackTrace ()
UnityEngine.DebugLogHandler:LogFormat (UnityEngine.LogType,UnityEngine.Object,string,object[])
UnityEngine.Logger:Log (UnityEngine.LogType,object)
UnityEngine.Debug:Log (object)
Meta.XR.Simulator.Utils:ReportInfo (string,string) (at ./Library/PackageCache/com.meta.xr.simulator@74.0.0/Editor/Utils.cs:165)
Meta.XR.Simulator.Editor.SyntheticEnvironments.Installer:ParseSynthEnvScript (string) (at ./Library/PackageCache/com.meta.xr.simulator@74.0.0/Editor/SyntheticEnvironments/Installer.cs:98)
Meta.XR.Simulator.Editor.SyntheticEnvironments.Installer:BuildSyntheticEnvironments () (at ./Library/PackageCache/com.meta.xr.simulator@74.0.0/Editor/SyntheticEnvironments/Installer.cs:76)
Meta.XR.Simulator.Editor.SyntheticEnvironments.Registry:RegisterSyntheticEnvironments () (at ./Library/PackageCache/com.meta.xr.simulator@74.0.0/Editor/SyntheticEnvironments/Registry.cs:97)
Meta.XR.Simulator.Editor.SyntheticEnvironments.Registry:.cctor () (at ./Library/PackageCache/com.meta.xr.simulator@74.0.0/Editor/SyntheticEnvironments/Registry.cs:87)
System.Runtime.CompilerServices.RuntimeHelpers:RunClassConstructor (System.RuntimeTypeHandle)
UnityEditor.EditorAssemblies:ProcessInitializeOnLoadAttributes (System.Type[])

(Filename: ./Library/PackageCache/com.meta.xr.simulator@74.0.0/Editor/Utils.cs Line: 165)

[Synthetic Environments] got match start synth_env_server_extra_rooms.exe XRoom2_3
UnityEngine.StackTraceUtility:ExtractStackTrace ()
UnityEngine.DebugLogHandler:LogFormat (UnityEngine.LogType,UnityEngine.Object,string,object[])
UnityEngine.Logger:Log (UnityEngine.LogType,object)
UnityEngine.Debug:Log (object)
Meta.XR.Simulator.Utils:ReportInfo (string,string) (at ./Library/PackageCache/com.meta.xr.simulator@74.0.0/Editor/Utils.cs:165)
Meta.XR.Simulator.Editor.SyntheticEnvironments.Installer:ParseSynthEnvScript (string) (at ./Library/PackageCache/com.meta.xr.simulator@74.0.0/Editor/SyntheticEnvironments/Installer.cs:98)
Meta.XR.Simulator.Editor.SyntheticEnvironments.Installer:BuildSyntheticEnvironments () (at ./Library/PackageCache/com.meta.xr.simulator@74.0.0/Editor/SyntheticEnvironments/Installer.cs:76)
Meta.XR.Simulator.Editor.SyntheticEnvironments.Registry:RegisterSyntheticEnvironments () (at ./Library/PackageCache/com.meta.xr.simulator@74.0.0/Editor/SyntheticEnvironments/Registry.cs:97)
Meta.XR.Simulator.Editor.SyntheticEnvironments.Registry:.cctor () (at ./Library/PackageCache/com.meta.xr.simulator@74.0.0/Editor/SyntheticEnvironments/Registry.cs:87)
System.Runtime.CompilerServices.RuntimeHelpers:RunClassConstructor (System.RuntimeTypeHandle)
UnityEditor.EditorAssemblies:ProcessInitializeOnLoadAttributes (System.Type[])

(Filename: ./Library/PackageCache/com.meta.xr.simulator@74.0.0/Editor/Utils.cs Line: 165)

[Synthetic Environments] got match start synth_env_server_extra_rooms.exe XRoom2_4
UnityEngine.StackTraceUtility:ExtractStackTrace ()
UnityEngine.DebugLogHandler:LogFormat (UnityEngine.LogType,UnityEngine.Object,string,object[])
UnityEngine.Logger:Log (UnityEngine.LogType,object)
UnityEngine.Debug:Log (object)
Meta.XR.Simulator.Utils:ReportInfo (string,string) (at ./Library/PackageCache/com.meta.xr.simulator@74.0.0/Editor/Utils.cs:165)
Meta.XR.Simulator.Editor.SyntheticEnvironments.Installer:ParseSynthEnvScript (string) (at ./Library/PackageCache/com.meta.xr.simulator@74.0.0/Editor/SyntheticEnvironments/Installer.cs:98)
Meta.XR.Simulator.Editor.SyntheticEnvironments.Installer:BuildSyntheticEnvironments () (at ./Library/PackageCache/com.meta.xr.simulator@74.0.0/Editor/SyntheticEnvironments/Installer.cs:76)
Meta.XR.Simulator.Editor.SyntheticEnvironments.Registry:RegisterSyntheticEnvironments () (at ./Library/PackageCache/com.meta.xr.simulator@74.0.0/Editor/SyntheticEnvironments/Registry.cs:97)
Meta.XR.Simulator.Editor.SyntheticEnvironments.Registry:.cctor () (at ./Library/PackageCache/com.meta.xr.simulator@74.0.0/Editor/SyntheticEnvironments/Registry.cs:87)
System.Runtime.CompilerServices.RuntimeHelpers:RunClassConstructor (System.RuntimeTypeHandle)
UnityEditor.EditorAssemblies:ProcessInitializeOnLoadAttributes (System.Type[])

(Filename: ./Library/PackageCache/com.meta.xr.simulator@74.0.0/Editor/Utils.cs Line: 165)

[Synthetic Environments] got match start synth_env_server_extra_rooms.exe XRoom5_6
UnityEngine.StackTraceUtility:ExtractStackTrace ()
UnityEngine.DebugLogHandler:LogFormat (UnityEngine.LogType,UnityEngine.Object,string,object[])
UnityEngine.Logger:Log (UnityEngine.LogType,object)
UnityEngine.Debug:Log (object)
Meta.XR.Simulator.Utils:ReportInfo (string,string) (at ./Library/PackageCache/com.meta.xr.simulator@74.0.0/Editor/Utils.cs:165)
Meta.XR.Simulator.Editor.SyntheticEnvironments.Installer:ParseSynthEnvScript (string) (at ./Library/PackageCache/com.meta.xr.simulator@74.0.0/Editor/SyntheticEnvironments/Installer.cs:98)
Meta.XR.Simulator.Editor.SyntheticEnvironments.Installer:BuildSyntheticEnvironments () (at ./Library/PackageCache/com.meta.xr.simulator@74.0.0/Editor/SyntheticEnvironments/Installer.cs:76)
Meta.XR.Simulator.Editor.SyntheticEnvironments.Registry:RegisterSyntheticEnvironments () (at ./Library/PackageCache/com.meta.xr.simulator@74.0.0/Editor/SyntheticEnvironments/Registry.cs:97)
Meta.XR.Simulator.Editor.SyntheticEnvironments.Registry:.cctor () (at ./Library/PackageCache/com.meta.xr.simulator@74.0.0/Editor/SyntheticEnvironments/Registry.cs:87)
System.Runtime.CompilerServices.RuntimeHelpers:RunClassConstructor (System.RuntimeTypeHandle)
UnityEditor.EditorAssemblies:ProcessInitializeOnLoadAttributes (System.Type[])

(Filename: ./Library/PackageCache/com.meta.xr.simulator@74.0.0/Editor/Utils.cs Line: 165)

[Synthetic Environments] got match start synth_env_server_extra_rooms.exe XRoom5_1
UnityEngine.StackTraceUtility:ExtractStackTrace ()
UnityEngine.DebugLogHandler:LogFormat (UnityEngine.LogType,UnityEngine.Object,string,object[])
UnityEngine.Logger:Log (UnityEngine.LogType,object)
UnityEngine.Debug:Log (object)
Meta.XR.Simulator.Utils:ReportInfo (string,string) (at ./Library/PackageCache/com.meta.xr.simulator@74.0.0/Editor/Utils.cs:165)
Meta.XR.Simulator.Editor.SyntheticEnvironments.Installer:ParseSynthEnvScript (string) (at ./Library/PackageCache/com.meta.xr.simulator@74.0.0/Editor/SyntheticEnvironments/Installer.cs:98)
Meta.XR.Simulator.Editor.SyntheticEnvironments.Installer:BuildSyntheticEnvironments () (at ./Library/PackageCache/com.meta.xr.simulator@74.0.0/Editor/SyntheticEnvironments/Installer.cs:76)
Meta.XR.Simulator.Editor.SyntheticEnvironments.Registry:RegisterSyntheticEnvironments () (at ./Library/PackageCache/com.meta.xr.simulator@74.0.0/Editor/SyntheticEnvironments/Registry.cs:97)
Meta.XR.Simulator.Editor.SyntheticEnvironments.Registry:.cctor () (at ./Library/PackageCache/com.meta.xr.simulator@74.0.0/Editor/SyntheticEnvironments/Registry.cs:87)
System.Runtime.CompilerServices.RuntimeHelpers:RunClassConstructor (System.RuntimeTypeHandle)
UnityEditor.EditorAssemblies:ProcessInitializeOnLoadAttributes (System.Type[])

(Filename: ./Library/PackageCache/com.meta.xr.simulator@74.0.0/Editor/Utils.cs Line: 165)

[Synthetic Environments] got match start synth_env_server_extra_rooms.exe XRoom3_1
UnityEngine.StackTraceUtility:ExtractStackTrace ()
UnityEngine.DebugLogHandler:LogFormat (UnityEngine.LogType,UnityEngine.Object,string,object[])
UnityEngine.Logger:Log (UnityEngine.LogType,object)
UnityEngine.Debug:Log (object)
Meta.XR.Simulator.Utils:ReportInfo (string,string) (at ./Library/PackageCache/com.meta.xr.simulator@74.0.0/Editor/Utils.cs:165)
Meta.XR.Simulator.Editor.SyntheticEnvironments.Installer:ParseSynthEnvScript (string) (at ./Library/PackageCache/com.meta.xr.simulator@74.0.0/Editor/SyntheticEnvironments/Installer.cs:98)
Meta.XR.Simulator.Editor.SyntheticEnvironments.Installer:BuildSyntheticEnvironments () (at ./Library/PackageCache/com.meta.xr.simulator@74.0.0/Editor/SyntheticEnvironments/Installer.cs:76)
Meta.XR.Simulator.Editor.SyntheticEnvironments.Registry:RegisterSyntheticEnvironments () (at ./Library/PackageCache/com.meta.xr.simulator@74.0.0/Editor/SyntheticEnvironments/Registry.cs:97)
Meta.XR.Simulator.Editor.SyntheticEnvironments.Registry:.cctor () (at ./Library/PackageCache/com.meta.xr.simulator@74.0.0/Editor/SyntheticEnvironments/Registry.cs:87)
System.Runtime.CompilerServices.RuntimeHelpers:RunClassConstructor (System.RuntimeTypeHandle)
UnityEditor.EditorAssemblies:ProcessInitializeOnLoadAttributes (System.Type[])

(Filename: ./Library/PackageCache/com.meta.xr.simulator@74.0.0/Editor/Utils.cs Line: 165)

[Synthetic Environments] got match start synth_env_server_extra_rooms.exe XRoom1_2
UnityEngine.StackTraceUtility:ExtractStackTrace ()
UnityEngine.DebugLogHandler:LogFormat (UnityEngine.LogType,UnityEngine.Object,string,object[])
UnityEngine.Logger:Log (UnityEngine.LogType,object)
UnityEngine.Debug:Log (object)
Meta.XR.Simulator.Utils:ReportInfo (string,string) (at ./Library/PackageCache/com.meta.xr.simulator@74.0.0/Editor/Utils.cs:165)
Meta.XR.Simulator.Editor.SyntheticEnvironments.Installer:ParseSynthEnvScript (string) (at ./Library/PackageCache/com.meta.xr.simulator@74.0.0/Editor/SyntheticEnvironments/Installer.cs:98)
Meta.XR.Simulator.Editor.SyntheticEnvironments.Installer:BuildSyntheticEnvironments () (at ./Library/PackageCache/com.meta.xr.simulator@74.0.0/Editor/SyntheticEnvironments/Installer.cs:76)
Meta.XR.Simulator.Editor.SyntheticEnvironments.Registry:RegisterSyntheticEnvironments () (at ./Library/PackageCache/com.meta.xr.simulator@74.0.0/Editor/SyntheticEnvironments/Registry.cs:97)
Meta.XR.Simulator.Editor.SyntheticEnvironments.Registry:.cctor () (at ./Library/PackageCache/com.meta.xr.simulator@74.0.0/Editor/SyntheticEnvironments/Registry.cs:87)
System.Runtime.CompilerServices.RuntimeHelpers:RunClassConstructor (System.RuntimeTypeHandle)
UnityEditor.EditorAssemblies:ProcessInitializeOnLoadAttributes (System.Type[])

(Filename: ./Library/PackageCache/com.meta.xr.simulator@74.0.0/Editor/Utils.cs Line: 165)

[Synthetic Environments] got match start synth_env_server_extra_rooms.exe XRoom1_1
UnityEngine.StackTraceUtility:ExtractStackTrace ()
UnityEngine.DebugLogHandler:LogFormat (UnityEngine.LogType,UnityEngine.Object,string,object[])
UnityEngine.Logger:Log (UnityEngine.LogType,object)
UnityEngine.Debug:Log (object)
Meta.XR.Simulator.Utils:ReportInfo (string,string) (at ./Library/PackageCache/com.meta.xr.simulator@74.0.0/Editor/Utils.cs:165)
Meta.XR.Simulator.Editor.SyntheticEnvironments.Installer:ParseSynthEnvScript (string) (at ./Library/PackageCache/com.meta.xr.simulator@74.0.0/Editor/SyntheticEnvironments/Installer.cs:98)
Meta.XR.Simulator.Editor.SyntheticEnvironments.Installer:BuildSyntheticEnvironments () (at ./Library/PackageCache/com.meta.xr.simulator@74.0.0/Editor/SyntheticEnvironments/Installer.cs:76)
Meta.XR.Simulator.Editor.SyntheticEnvironments.Registry:RegisterSyntheticEnvironments () (at ./Library/PackageCache/com.meta.xr.simulator@74.0.0/Editor/SyntheticEnvironments/Registry.cs:97)
Meta.XR.Simulator.Editor.SyntheticEnvironments.Registry:.cctor () (at ./Library/PackageCache/com.meta.xr.simulator@74.0.0/Editor/SyntheticEnvironments/Registry.cs:87)
System.Runtime.CompilerServices.RuntimeHelpers:RunClassConstructor (System.RuntimeTypeHandle)
UnityEditor.EditorAssemblies:ProcessInitializeOnLoadAttributes (System.Type[])

(Filename: ./Library/PackageCache/com.meta.xr.simulator@74.0.0/Editor/Utils.cs Line: 165)

[Synthetic Environments] got match start synth_env_server_extra_rooms.exe XRoom1_4
UnityEngine.StackTraceUtility:ExtractStackTrace ()
UnityEngine.DebugLogHandler:LogFormat (UnityEngine.LogType,UnityEngine.Object,string,object[])
UnityEngine.Logger:Log (UnityEngine.LogType,object)
UnityEngine.Debug:Log (object)
Meta.XR.Simulator.Utils:ReportInfo (string,string) (at ./Library/PackageCache/com.meta.xr.simulator@74.0.0/Editor/Utils.cs:165)
Meta.XR.Simulator.Editor.SyntheticEnvironments.Installer:ParseSynthEnvScript (string) (at ./Library/PackageCache/com.meta.xr.simulator@74.0.0/Editor/SyntheticEnvironments/Installer.cs:98)
Meta.XR.Simulator.Editor.SyntheticEnvironments.Installer:BuildSyntheticEnvironments () (at ./Library/PackageCache/com.meta.xr.simulator@74.0.0/Editor/SyntheticEnvironments/Installer.cs:76)
Meta.XR.Simulator.Editor.SyntheticEnvironments.Registry:RegisterSyntheticEnvironments () (at ./Library/PackageCache/com.meta.xr.simulator@74.0.0/Editor/SyntheticEnvironments/Registry.cs:97)
Meta.XR.Simulator.Editor.SyntheticEnvironments.Registry:.cctor () (at ./Library/PackageCache/com.meta.xr.simulator@74.0.0/Editor/SyntheticEnvironments/Registry.cs:87)
System.Runtime.CompilerServices.RuntimeHelpers:RunClassConstructor (System.RuntimeTypeHandle)
UnityEditor.EditorAssemblies:ProcessInitializeOnLoadAttributes (System.Type[])

(Filename: ./Library/PackageCache/com.meta.xr.simulator@74.0.0/Editor/Utils.cs Line: 165)

[Package Manager] Server::EnsureServerProcessIsRunning -- launch failed, reason: Unity was launched with the -noUpm command-line argument
[Package Manager] UpmClient::Send -- Unable to send message (not connected to UPM process).
[Package Manager] Cannot connect to Unity Package Manager local server
Mono: successfully reloaded assembly
[Package Manager] Server::EnsureServerProcessIsRunning -- launch failed, reason: Unity was launched with the -noUpm command-line argument
[Package Manager] UpmClient::Send -- Unable to send message (not connected to UPM process).
[Package Manager] Cannot connect to Unity Package Manager local server
- Finished resetting the current domain, in  1.345 seconds
Domain Reload Profiling: 1815ms
	BeginReloadAssembly (139ms)
		ExecutionOrderSort (0ms)
		DisableScriptedObjects (3ms)
		BackupInstance (0ms)
		ReleaseScriptingObjects (0ms)
		CreateAndSetChildDomain (35ms)
	RebuildCommonClasses (24ms)
	RebuildNativeTypeToScriptingClass (9ms)
	initialDomainReloadingComplete (25ms)
	LoadAllAssembliesAndSetupDomain (275ms)
		LoadAssemblies (318ms)
		RebuildTransferFunctionScriptingTraits (0ms)
		AnalyzeDomain (26ms)
			TypeCache.Refresh (7ms)
				TypeCache.ScanAssembly (0ms)
			ScanForSourceGeneratedMonoScriptInfo (0ms)
			ResolveRequiredComponents (17ms)
	FinalizeReload (1345ms)
		ReleaseScriptCaches (0ms)
		RebuildScriptCaches (0ms)
		SetupLoadedEditorAssemblies (732ms)
			LogAssemblyErrors (0ms)
			InitializePlatformSupportModulesInManaged (18ms)
			SetLoadedEditorAssemblies (5ms)
			RefreshPlugins (0ms)
			BeforeProcessingInitializeOnLoad (107ms)
			ProcessInitializeOnLoadAttributes (542ms)
			ProcessInitializeOnLoadMethodAttributes (53ms)
			AfterProcessingInitializeOnLoad (7ms)
			EditorAssembliesLoaded (0ms)
		ExecutionOrderSort2 (0ms)
		AwakeInstancesAfterBackupRestoration (6ms)
Shader 'Meta/MRUK/Scene/HighlightsAndShadows': fallback shader 'Off' not found
Shader 'Oculus/OVRMRCameraFrameLit': fallback shader 'Alpha-Diffuse' not found
Refreshing native plugins compatible for Editor in 18.63 ms, found 17 plugins.
Preloading 2 native plugins for Editor in 0.10 ms.
Unloading 6995 Unused Serialized files (Serialized files now loaded: 0)
Unloading 112 unused Assets / (467.1 KB). Loaded Objects now: 7623.
Memory consumption went from 231.2 MB to 230.7 MB.
Total: 5.604100 ms (FindLiveObjects: 0.386600 ms CreateObjectMapping: 0.265400 ms MarkObjects: 4.682200 ms  DeleteObjects: 0.268000 ms)

Prepare: number of updated asset objects reloaded= 0
AssetImportParameters requested are different than current active one (requested -> active):
  custom:container-demuxer-ogg: 62fdf1f143b41e24485cea50d1cbac27 -> 
  custom:framework-win-MediaFoundation: 216162199b28c13a410421893ffa2e32 -> 
  custom:container-muxer-webm: aa71ff27fc2769a1b78a27578f13a17b -> 
  custom:video-decoder-webm-vp8: 9c59270c3fd7afecdb556c50c9e8de78 -> 
  custom:SearchIndexIgnoredProperties: e643bd26f0fe6173181afceb89e7c659 -> 
  custom:AudioImporter_EditorPlatform: d09bf68614088b80899f8185d706f6e7 -> 
  custom:audio-decoder-ogg-vorbis: bf7c407c2cedff20999df2af8eb42d56 -> 
  custom:audio-encoder-webm-vorbis: bf7c407c2cedff20999df2af8eb42d56 -> 
  custom:video-codec-MediaFoundation-h265: 746d11721c4dcdbdad8f713fa42b33f4 -> 
  custom:video-decoder-ogg-theora: a1e56fd34408186e4bbccfd4996cb3dc -> 
  custom:CustomObjectIndexerAttribute: 9a22284fe3817be447336de3de66b15e -> 
  custom:container-demuxer-webm: 4f35f7cbe854078d1ac9338744f61a02 -> 
  custom:video-encoder-webm-vp8: eb34c28f22e8b96e1ab97ce403110664 -> 
========================================================================
Received Prepare
Caller must complete domain reload
Begin MonoManager ReloadAssembly
- Loaded All Assemblies, in  0.513 seconds
Native extension for UWP target not found
Native extension for WindowsStandalone target not found
Native extension for Android target not found
[Package Manager] Server::EnsureServerProcessIsRunning -- launch failed, reason: Unity was launched with the -noUpm command-line argument
[Package Manager] UpmClient::Send -- Unable to send message (not connected to UPM process).
[Package Manager] Cannot connect to Unity Package Manager local server
[Package Manager] Server::EnsureServerProcessIsRunning -- launch failed, reason: Unity was launched with the -noUpm command-line argument
[Package Manager] UpmClient::Send -- Unable to send message (not connected to UPM process).
[Package Manager] Cannot connect to Unity Package Manager local server
[Synthetic Environments] got match start synth_env_server.exe Bedroom
UnityEngine.StackTraceUtility:ExtractStackTrace ()
UnityEngine.DebugLogHandler:LogFormat (UnityEngine.LogType,UnityEngine.Object,string,object[])
UnityEngine.Logger:Log (UnityEngine.LogType,object)
UnityEngine.Debug:Log (object)
Meta.XR.Simulator.Utils:ReportInfo (string,string) (at ./Library/PackageCache/com.meta.xr.simulator@74.0.0/Editor/Utils.cs:165)
Meta.XR.Simulator.Editor.SyntheticEnvironments.Installer:ParseSynthEnvScript (string) (at ./Library/PackageCache/com.meta.xr.simulator@74.0.0/Editor/SyntheticEnvironments/Installer.cs:98)
Meta.XR.Simulator.Editor.SyntheticEnvironments.Installer:BuildSyntheticEnvironments () (at ./Library/PackageCache/com.meta.xr.simulator@74.0.0/Editor/SyntheticEnvironments/Installer.cs:76)
Meta.XR.Simulator.Editor.SyntheticEnvironments.Registry:RegisterSyntheticEnvironments () (at ./Library/PackageCache/com.meta.xr.simulator@74.0.0/Editor/SyntheticEnvironments/Registry.cs:97)
Meta.XR.Simulator.Editor.SyntheticEnvironments.Registry:.cctor () (at ./Library/PackageCache/com.meta.xr.simulator@74.0.0/Editor/SyntheticEnvironments/Registry.cs:87)
System.Runtime.CompilerServices.RuntimeHelpers:RunClassConstructor (System.RuntimeTypeHandle)
UnityEditor.EditorAssemblies:ProcessInitializeOnLoadAttributes (System.Type[])

(Filename: ./Library/PackageCache/com.meta.xr.simulator@74.0.0/Editor/Utils.cs Line: 165)

[Synthetic Environments] got match start synth_env_server.exe GameRoom
UnityEngine.StackTraceUtility:ExtractStackTrace ()
UnityEngine.DebugLogHandler:LogFormat (UnityEngine.LogType,UnityEngine.Object,string,object[])
UnityEngine.Logger:Log (UnityEngine.LogType,object)
UnityEngine.Debug:Log (object)
Meta.XR.Simulator.Utils:ReportInfo (string,string) (at ./Library/PackageCache/com.meta.xr.simulator@74.0.0/Editor/Utils.cs:165)
Meta.XR.Simulator.Editor.SyntheticEnvironments.Installer:ParseSynthEnvScript (string) (at ./Library/PackageCache/com.meta.xr.simulator@74.0.0/Editor/SyntheticEnvironments/Installer.cs:98)
Meta.XR.Simulator.Editor.SyntheticEnvironments.Installer:BuildSyntheticEnvironments () (at ./Library/PackageCache/com.meta.xr.simulator@74.0.0/Editor/SyntheticEnvironments/Installer.cs:76)
Meta.XR.Simulator.Editor.SyntheticEnvironments.Registry:RegisterSyntheticEnvironments () (at ./Library/PackageCache/com.meta.xr.simulator@74.0.0/Editor/SyntheticEnvironments/Registry.cs:97)
Meta.XR.Simulator.Editor.SyntheticEnvironments.Registry:.cctor () (at ./Library/PackageCache/com.meta.xr.simulator@74.0.0/Editor/SyntheticEnvironments/Registry.cs:87)
System.Runtime.CompilerServices.RuntimeHelpers:RunClassConstructor (System.RuntimeTypeHandle)
UnityEditor.EditorAssemblies:ProcessInitializeOnLoadAttributes (System.Type[])

(Filename: ./Library/PackageCache/com.meta.xr.simulator@74.0.0/Editor/Utils.cs Line: 165)

[Synthetic Environments] got match start synth_env_server.exe LivingRoom
UnityEngine.StackTraceUtility:ExtractStackTrace ()
UnityEngine.DebugLogHandler:LogFormat (UnityEngine.LogType,UnityEngine.Object,string,object[])
UnityEngine.Logger:Log (UnityEngine.LogType,object)
UnityEngine.Debug:Log (object)
Meta.XR.Simulator.Utils:ReportInfo (string,string) (at ./Library/PackageCache/com.meta.xr.simulator@74.0.0/Editor/Utils.cs:165)
Meta.XR.Simulator.Editor.SyntheticEnvironments.Installer:ParseSynthEnvScript (string) (at ./Library/PackageCache/com.meta.xr.simulator@74.0.0/Editor/SyntheticEnvironments/Installer.cs:98)
Meta.XR.Simulator.Editor.SyntheticEnvironments.Installer:BuildSyntheticEnvironments () (at ./Library/PackageCache/com.meta.xr.simulator@74.0.0/Editor/SyntheticEnvironments/Installer.cs:76)
Meta.XR.Simulator.Editor.SyntheticEnvironments.Registry:RegisterSyntheticEnvironments () (at ./Library/PackageCache/com.meta.xr.simulator@74.0.0/Editor/SyntheticEnvironments/Registry.cs:97)
Meta.XR.Simulator.Editor.SyntheticEnvironments.Registry:.cctor () (at ./Library/PackageCache/com.meta.xr.simulator@74.0.0/Editor/SyntheticEnvironments/Registry.cs:87)
System.Runtime.CompilerServices.RuntimeHelpers:RunClassConstructor (System.RuntimeTypeHandle)
UnityEditor.EditorAssemblies:ProcessInitializeOnLoadAttributes (System.Type[])

(Filename: ./Library/PackageCache/com.meta.xr.simulator@74.0.0/Editor/Utils.cs Line: 165)

[Synthetic Environments] got match start synth_env_server_extra_rooms.exe XRoom2_3
UnityEngine.StackTraceUtility:ExtractStackTrace ()
UnityEngine.DebugLogHandler:LogFormat (UnityEngine.LogType,UnityEngine.Object,string,object[])
UnityEngine.Logger:Log (UnityEngine.LogType,object)
UnityEngine.Debug:Log (object)
Meta.XR.Simulator.Utils:ReportInfo (string,string) (at ./Library/PackageCache/com.meta.xr.simulator@74.0.0/Editor/Utils.cs:165)
Meta.XR.Simulator.Editor.SyntheticEnvironments.Installer:ParseSynthEnvScript (string) (at ./Library/PackageCache/com.meta.xr.simulator@74.0.0/Editor/SyntheticEnvironments/Installer.cs:98)
Meta.XR.Simulator.Editor.SyntheticEnvironments.Installer:BuildSyntheticEnvironments () (at ./Library/PackageCache/com.meta.xr.simulator@74.0.0/Editor/SyntheticEnvironments/Installer.cs:76)
Meta.XR.Simulator.Editor.SyntheticEnvironments.Registry:RegisterSyntheticEnvironments () (at ./Library/PackageCache/com.meta.xr.simulator@74.0.0/Editor/SyntheticEnvironments/Registry.cs:97)
Meta.XR.Simulator.Editor.SyntheticEnvironments.Registry:.cctor () (at ./Library/PackageCache/com.meta.xr.simulator@74.0.0/Editor/SyntheticEnvironments/Registry.cs:87)
System.Runtime.CompilerServices.RuntimeHelpers:RunClassConstructor (System.RuntimeTypeHandle)
UnityEditor.EditorAssemblies:ProcessInitializeOnLoadAttributes (System.Type[])

(Filename: ./Library/PackageCache/com.meta.xr.simulator@74.0.0/Editor/Utils.cs Line: 165)

[Synthetic Environments] got match start synth_env_server_extra_rooms.exe XRoom2_4
UnityEngine.StackTraceUtility:ExtractStackTrace ()
UnityEngine.DebugLogHandler:LogFormat (UnityEngine.LogType,UnityEngine.Object,string,object[])
UnityEngine.Logger:Log (UnityEngine.LogType,object)
UnityEngine.Debug:Log (object)
Meta.XR.Simulator.Utils:ReportInfo (string,string) (at ./Library/PackageCache/com.meta.xr.simulator@74.0.0/Editor/Utils.cs:165)
Meta.XR.Simulator.Editor.SyntheticEnvironments.Installer:ParseSynthEnvScript (string) (at ./Library/PackageCache/com.meta.xr.simulator@74.0.0/Editor/SyntheticEnvironments/Installer.cs:98)
Meta.XR.Simulator.Editor.SyntheticEnvironments.Installer:BuildSyntheticEnvironments () (at ./Library/PackageCache/com.meta.xr.simulator@74.0.0/Editor/SyntheticEnvironments/Installer.cs:76)
Meta.XR.Simulator.Editor.SyntheticEnvironments.Registry:RegisterSyntheticEnvironments () (at ./Library/PackageCache/com.meta.xr.simulator@74.0.0/Editor/SyntheticEnvironments/Registry.cs:97)
Meta.XR.Simulator.Editor.SyntheticEnvironments.Registry:.cctor () (at ./Library/PackageCache/com.meta.xr.simulator@74.0.0/Editor/SyntheticEnvironments/Registry.cs:87)
System.Runtime.CompilerServices.RuntimeHelpers:RunClassConstructor (System.RuntimeTypeHandle)
UnityEditor.EditorAssemblies:ProcessInitializeOnLoadAttributes (System.Type[])

(Filename: ./Library/PackageCache/com.meta.xr.simulator@74.0.0/Editor/Utils.cs Line: 165)

[Synthetic Environments] got match start synth_env_server_extra_rooms.exe XRoom5_6
UnityEngine.StackTraceUtility:ExtractStackTrace ()
UnityEngine.DebugLogHandler:LogFormat (UnityEngine.LogType,UnityEngine.Object,string,object[])
UnityEngine.Logger:Log (UnityEngine.LogType,object)
UnityEngine.Debug:Log (object)
Meta.XR.Simulator.Utils:ReportInfo (string,string) (at ./Library/PackageCache/com.meta.xr.simulator@74.0.0/Editor/Utils.cs:165)
Meta.XR.Simulator.Editor.SyntheticEnvironments.Installer:ParseSynthEnvScript (string) (at ./Library/PackageCache/com.meta.xr.simulator@74.0.0/Editor/SyntheticEnvironments/Installer.cs:98)
Meta.XR.Simulator.Editor.SyntheticEnvironments.Installer:BuildSyntheticEnvironments () (at ./Library/PackageCache/com.meta.xr.simulator@74.0.0/Editor/SyntheticEnvironments/Installer.cs:76)
Meta.XR.Simulator.Editor.SyntheticEnvironments.Registry:RegisterSyntheticEnvironments () (at ./Library/PackageCache/com.meta.xr.simulator@74.0.0/Editor/SyntheticEnvironments/Registry.cs:97)
Meta.XR.Simulator.Editor.SyntheticEnvironments.Registry:.cctor () (at ./Library/PackageCache/com.meta.xr.simulator@74.0.0/Editor/SyntheticEnvironments/Registry.cs:87)
System.Runtime.CompilerServices.RuntimeHelpers:RunClassConstructor (System.RuntimeTypeHandle)
UnityEditor.EditorAssemblies:ProcessInitializeOnLoadAttributes (System.Type[])

(Filename: ./Library/PackageCache/com.meta.xr.simulator@74.0.0/Editor/Utils.cs Line: 165)

[Synthetic Environments] got match start synth_env_server_extra_rooms.exe XRoom5_1
UnityEngine.StackTraceUtility:ExtractStackTrace ()
UnityEngine.DebugLogHandler:LogFormat (UnityEngine.LogType,UnityEngine.Object,string,object[])
UnityEngine.Logger:Log (UnityEngine.LogType,object)
UnityEngine.Debug:Log (object)
Meta.XR.Simulator.Utils:ReportInfo (string,string) (at ./Library/PackageCache/com.meta.xr.simulator@74.0.0/Editor/Utils.cs:165)
Meta.XR.Simulator.Editor.SyntheticEnvironments.Installer:ParseSynthEnvScript (string) (at ./Library/PackageCache/com.meta.xr.simulator@74.0.0/Editor/SyntheticEnvironments/Installer.cs:98)
Meta.XR.Simulator.Editor.SyntheticEnvironments.Installer:BuildSyntheticEnvironments () (at ./Library/PackageCache/com.meta.xr.simulator@74.0.0/Editor/SyntheticEnvironments/Installer.cs:76)
Meta.XR.Simulator.Editor.SyntheticEnvironments.Registry:RegisterSyntheticEnvironments () (at ./Library/PackageCache/com.meta.xr.simulator@74.0.0/Editor/SyntheticEnvironments/Registry.cs:97)
Meta.XR.Simulator.Editor.SyntheticEnvironments.Registry:.cctor () (at ./Library/PackageCache/com.meta.xr.simulator@74.0.0/Editor/SyntheticEnvironments/Registry.cs:87)
System.Runtime.CompilerServices.RuntimeHelpers:RunClassConstructor (System.RuntimeTypeHandle)
UnityEditor.EditorAssemblies:ProcessInitializeOnLoadAttributes (System.Type[])

(Filename: ./Library/PackageCache/com.meta.xr.simulator@74.0.0/Editor/Utils.cs Line: 165)

[Synthetic Environments] got match start synth_env_server_extra_rooms.exe XRoom3_1
UnityEngine.StackTraceUtility:ExtractStackTrace ()
UnityEngine.DebugLogHandler:LogFormat (UnityEngine.LogType,UnityEngine.Object,string,object[])
UnityEngine.Logger:Log (UnityEngine.LogType,object)
UnityEngine.Debug:Log (object)
Meta.XR.Simulator.Utils:ReportInfo (string,string) (at ./Library/PackageCache/com.meta.xr.simulator@74.0.0/Editor/Utils.cs:165)
Meta.XR.Simulator.Editor.SyntheticEnvironments.Installer:ParseSynthEnvScript (string) (at ./Library/PackageCache/com.meta.xr.simulator@74.0.0/Editor/SyntheticEnvironments/Installer.cs:98)
Meta.XR.Simulator.Editor.SyntheticEnvironments.Installer:BuildSyntheticEnvironments () (at ./Library/PackageCache/com.meta.xr.simulator@74.0.0/Editor/SyntheticEnvironments/Installer.cs:76)
Meta.XR.Simulator.Editor.SyntheticEnvironments.Registry:RegisterSyntheticEnvironments () (at ./Library/PackageCache/com.meta.xr.simulator@74.0.0/Editor/SyntheticEnvironments/Registry.cs:97)
Meta.XR.Simulator.Editor.SyntheticEnvironments.Registry:.cctor () (at ./Library/PackageCache/com.meta.xr.simulator@74.0.0/Editor/SyntheticEnvironments/Registry.cs:87)
System.Runtime.CompilerServices.RuntimeHelpers:RunClassConstructor (System.RuntimeTypeHandle)
UnityEditor.EditorAssemblies:ProcessInitializeOnLoadAttributes (System.Type[])

(Filename: ./Library/PackageCache/com.meta.xr.simulator@74.0.0/Editor/Utils.cs Line: 165)

[Synthetic Environments] got match start synth_env_server_extra_rooms.exe XRoom1_2
UnityEngine.StackTraceUtility:ExtractStackTrace ()
UnityEngine.DebugLogHandler:LogFormat (UnityEngine.LogType,UnityEngine.Object,string,object[])
UnityEngine.Logger:Log (UnityEngine.LogType,object)
UnityEngine.Debug:Log (object)
Meta.XR.Simulator.Utils:ReportInfo (string,string) (at ./Library/PackageCache/com.meta.xr.simulator@74.0.0/Editor/Utils.cs:165)
Meta.XR.Simulator.Editor.SyntheticEnvironments.Installer:ParseSynthEnvScript (string) (at ./Library/PackageCache/com.meta.xr.simulator@74.0.0/Editor/SyntheticEnvironments/Installer.cs:98)
Meta.XR.Simulator.Editor.SyntheticEnvironments.Installer:BuildSyntheticEnvironments () (at ./Library/PackageCache/com.meta.xr.simulator@74.0.0/Editor/SyntheticEnvironments/Installer.cs:76)
Meta.XR.Simulator.Editor.SyntheticEnvironments.Registry:RegisterSyntheticEnvironments () (at ./Library/PackageCache/com.meta.xr.simulator@74.0.0/Editor/SyntheticEnvironments/Registry.cs:97)
Meta.XR.Simulator.Editor.SyntheticEnvironments.Registry:.cctor () (at ./Library/PackageCache/com.meta.xr.simulator@74.0.0/Editor/SyntheticEnvironments/Registry.cs:87)
System.Runtime.CompilerServices.RuntimeHelpers:RunClassConstructor (System.RuntimeTypeHandle)
UnityEditor.EditorAssemblies:ProcessInitializeOnLoadAttributes (System.Type[])

(Filename: ./Library/PackageCache/com.meta.xr.simulator@74.0.0/Editor/Utils.cs Line: 165)

[Synthetic Environments] got match start synth_env_server_extra_rooms.exe XRoom1_1
UnityEngine.StackTraceUtility:ExtractStackTrace ()
UnityEngine.DebugLogHandler:LogFormat (UnityEngine.LogType,UnityEngine.Object,string,object[])
UnityEngine.Logger:Log (UnityEngine.LogType,object)
UnityEngine.Debug:Log (object)
Meta.XR.Simulator.Utils:ReportInfo (string,string) (at ./Library/PackageCache/com.meta.xr.simulator@74.0.0/Editor/Utils.cs:165)
Meta.XR.Simulator.Editor.SyntheticEnvironments.Installer:ParseSynthEnvScript (string) (at ./Library/PackageCache/com.meta.xr.simulator@74.0.0/Editor/SyntheticEnvironments/Installer.cs:98)
Meta.XR.Simulator.Editor.SyntheticEnvironments.Installer:BuildSyntheticEnvironments () (at ./Library/PackageCache/com.meta.xr.simulator@74.0.0/Editor/SyntheticEnvironments/Installer.cs:76)
Meta.XR.Simulator.Editor.SyntheticEnvironments.Registry:RegisterSyntheticEnvironments () (at ./Library/PackageCache/com.meta.xr.simulator@74.0.0/Editor/SyntheticEnvironments/Registry.cs:97)
Meta.XR.Simulator.Editor.SyntheticEnvironments.Registry:.cctor () (at ./Library/PackageCache/com.meta.xr.simulator@74.0.0/Editor/SyntheticEnvironments/Registry.cs:87)
System.Runtime.CompilerServices.RuntimeHelpers:RunClassConstructor (System.RuntimeTypeHandle)
UnityEditor.EditorAssemblies:ProcessInitializeOnLoadAttributes (System.Type[])

(Filename: ./Library/PackageCache/com.meta.xr.simulator@74.0.0/Editor/Utils.cs Line: 165)

[Synthetic Environments] got match start synth_env_server_extra_rooms.exe XRoom1_4
UnityEngine.StackTraceUtility:ExtractStackTrace ()
UnityEngine.DebugLogHandler:LogFormat (UnityEngine.LogType,UnityEngine.Object,string,object[])
UnityEngine.Logger:Log (UnityEngine.LogType,object)
UnityEngine.Debug:Log (object)
Meta.XR.Simulator.Utils:ReportInfo (string,string) (at ./Library/PackageCache/com.meta.xr.simulator@74.0.0/Editor/Utils.cs:165)
Meta.XR.Simulator.Editor.SyntheticEnvironments.Installer:ParseSynthEnvScript (string) (at ./Library/PackageCache/com.meta.xr.simulator@74.0.0/Editor/SyntheticEnvironments/Installer.cs:98)
Meta.XR.Simulator.Editor.SyntheticEnvironments.Installer:BuildSyntheticEnvironments () (at ./Library/PackageCache/com.meta.xr.simulator@74.0.0/Editor/SyntheticEnvironments/Installer.cs:76)
Meta.XR.Simulator.Editor.SyntheticEnvironments.Registry:RegisterSyntheticEnvironments () (at ./Library/PackageCache/com.meta.xr.simulator@74.0.0/Editor/SyntheticEnvironments/Registry.cs:97)
Meta.XR.Simulator.Editor.SyntheticEnvironments.Registry:.cctor () (at ./Library/PackageCache/com.meta.xr.simulator@74.0.0/Editor/SyntheticEnvironments/Registry.cs:87)
System.Runtime.CompilerServices.RuntimeHelpers:RunClassConstructor (System.RuntimeTypeHandle)
UnityEditor.EditorAssemblies:ProcessInitializeOnLoadAttributes (System.Type[])

(Filename: ./Library/PackageCache/com.meta.xr.simulator@74.0.0/Editor/Utils.cs Line: 165)

[Package Manager] Server::EnsureServerProcessIsRunning -- launch failed, reason: Unity was launched with the -noUpm command-line argument
[Package Manager] UpmClient::Send -- Unable to send message (not connected to UPM process).
[Package Manager] Cannot connect to Unity Package Manager local server
Mono: successfully reloaded assembly
[Package Manager] Server::EnsureServerProcessIsRunning -- launch failed, reason: Unity was launched with the -noUpm command-line argument
[Package Manager] UpmClient::Send -- Unable to send message (not connected to UPM process).
[Package Manager] Cannot connect to Unity Package Manager local server
- Finished resetting the current domain, in  1.386 seconds
Domain Reload Profiling: 1895ms
	BeginReloadAssembly (148ms)
		ExecutionOrderSort (0ms)
		DisableScriptedObjects (3ms)
		BackupInstance (0ms)
		ReleaseScriptingObjects (0ms)
		CreateAndSetChildDomain (38ms)
	RebuildCommonClasses (27ms)
	RebuildNativeTypeToScriptingClass (11ms)
	initialDomainReloadingComplete (25ms)
	LoadAllAssembliesAndSetupDomain (297ms)
		LoadAssemblies (342ms)
		RebuildTransferFunctionScriptingTraits (0ms)
		AnalyzeDomain (28ms)
			TypeCache.Refresh (7ms)
				TypeCache.ScanAssembly (0ms)
			ScanForSourceGeneratedMonoScriptInfo (0ms)
			ResolveRequiredComponents (19ms)
	FinalizeReload (1387ms)
		ReleaseScriptCaches (0ms)
		RebuildScriptCaches (0ms)
		SetupLoadedEditorAssemblies (765ms)
			LogAssemblyErrors (0ms)
			InitializePlatformSupportModulesInManaged (19ms)
			SetLoadedEditorAssemblies (6ms)
			RefreshPlugins (0ms)
			BeforeProcessingInitializeOnLoad (110ms)
			ProcessInitializeOnLoadAttributes (557ms)
			ProcessInitializeOnLoadMethodAttributes (66ms)
			AfterProcessingInitializeOnLoad (7ms)
			EditorAssembliesLoaded (0ms)
		ExecutionOrderSort2 (0ms)
		AwakeInstancesAfterBackupRestoration (6ms)
Shader 'Meta/MRUK/Scene/HighlightsAndShadows': fallback shader 'Off' not found
Shader 'Oculus/OVRMRCameraFrameLit': fallback shader 'Alpha-Diffuse' not found
Refreshing native plugins compatible for Editor in 19.34 ms, found 17 plugins.
Preloading 2 native plugins for Editor in 0.11 ms.
Unloading 6995 Unused Serialized files (Serialized files now loaded: 0)
Unloading 112 unused Assets / (475.1 KB). Loaded Objects now: 7627.
Memory consumption went from 231.2 MB to 230.7 MB.
Total: 6.089500 ms (FindLiveObjects: 0.383700 ms CreateObjectMapping: 0.232900 ms MarkObjects: 5.193700 ms  DeleteObjects: 0.278100 ms)

Prepare: number of updated asset objects reloaded= 0
AssetImportParameters requested are different than current active one (requested -> active):
  custom:container-demuxer-ogg: 62fdf1f143b41e24485cea50d1cbac27 -> 
  custom:framework-win-MediaFoundation: 216162199b28c13a410421893ffa2e32 -> 
  custom:container-muxer-webm: aa71ff27fc2769a1b78a27578f13a17b -> 
  custom:video-decoder-webm-vp8: 9c59270c3fd7afecdb556c50c9e8de78 -> 
  custom:SearchIndexIgnoredProperties: e643bd26f0fe6173181afceb89e7c659 -> 
  custom:AudioImporter_EditorPlatform: d09bf68614088b80899f8185d706f6e7 -> 
  custom:audio-decoder-ogg-vorbis: bf7c407c2cedff20999df2af8eb42d56 -> 
  custom:audio-encoder-webm-vorbis: bf7c407c2cedff20999df2af8eb42d56 -> 
  custom:video-codec-MediaFoundation-h265: 746d11721c4dcdbdad8f713fa42b33f4 -> 
  custom:video-decoder-ogg-theora: a1e56fd34408186e4bbccfd4996cb3dc -> 
  custom:CustomObjectIndexerAttribute: 9a22284fe3817be447336de3de66b15e -> 
  custom:container-demuxer-webm: 4f35f7cbe854078d1ac9338744f61a02 -> 
  custom:video-encoder-webm-vp8: eb34c28f22e8b96e1ab97ce403110664 -> 
========================================================================
Received Prepare
Caller must complete domain reload
Begin MonoManager ReloadAssembly
- Loaded All Assemblies, in  0.468 seconds
Native extension for UWP target not found
Native extension for WindowsStandalone target not found
Native extension for Android target not found
[Package Manager] Server::EnsureServerProcessIsRunning -- launch failed, reason: Unity was launched with the -noUpm command-line argument
[Package Manager] UpmClient::Send -- Unable to send message (not connected to UPM process).
[Package Manager] Cannot connect to Unity Package Manager local server
[Package Manager] Server::EnsureServerProcessIsRunning -- launch failed, reason: Unity was launched with the -noUpm command-line argument
[Package Manager] UpmClient::Send -- Unable to send message (not connected to UPM process).
[Package Manager] Cannot connect to Unity Package Manager local server
[Synthetic Environments] got match start synth_env_server.exe Bedroom
UnityEngine.StackTraceUtility:ExtractStackTrace ()
UnityEngine.DebugLogHandler:LogFormat (UnityEngine.LogType,UnityEngine.Object,string,object[])
UnityEngine.Logger:Log (UnityEngine.LogType,object)
UnityEngine.Debug:Log (object)
Meta.XR.Simulator.Utils:ReportInfo (string,string) (at ./Library/PackageCache/com.meta.xr.simulator@74.0.0/Editor/Utils.cs:165)
Meta.XR.Simulator.Editor.SyntheticEnvironments.Installer:ParseSynthEnvScript (string) (at ./Library/PackageCache/com.meta.xr.simulator@74.0.0/Editor/SyntheticEnvironments/Installer.cs:98)
Meta.XR.Simulator.Editor.SyntheticEnvironments.Installer:BuildSyntheticEnvironments () (at ./Library/PackageCache/com.meta.xr.simulator@74.0.0/Editor/SyntheticEnvironments/Installer.cs:76)
Meta.XR.Simulator.Editor.SyntheticEnvironments.Registry:RegisterSyntheticEnvironments () (at ./Library/PackageCache/com.meta.xr.simulator@74.0.0/Editor/SyntheticEnvironments/Registry.cs:97)
Meta.XR.Simulator.Editor.SyntheticEnvironments.Registry:.cctor () (at ./Library/PackageCache/com.meta.xr.simulator@74.0.0/Editor/SyntheticEnvironments/Registry.cs:87)
System.Runtime.CompilerServices.RuntimeHelpers:RunClassConstructor (System.RuntimeTypeHandle)
UnityEditor.EditorAssemblies:ProcessInitializeOnLoadAttributes (System.Type[])

(Filename: ./Library/PackageCache/com.meta.xr.simulator@74.0.0/Editor/Utils.cs Line: 165)

[Synthetic Environments] got match start synth_env_server.exe GameRoom
UnityEngine.StackTraceUtility:ExtractStackTrace ()
UnityEngine.DebugLogHandler:LogFormat (UnityEngine.LogType,UnityEngine.Object,string,object[])
UnityEngine.Logger:Log (UnityEngine.LogType,object)
UnityEngine.Debug:Log (object)
Meta.XR.Simulator.Utils:ReportInfo (string,string) (at ./Library/PackageCache/com.meta.xr.simulator@74.0.0/Editor/Utils.cs:165)
Meta.XR.Simulator.Editor.SyntheticEnvironments.Installer:ParseSynthEnvScript (string) (at ./Library/PackageCache/com.meta.xr.simulator@74.0.0/Editor/SyntheticEnvironments/Installer.cs:98)
Meta.XR.Simulator.Editor.SyntheticEnvironments.Installer:BuildSyntheticEnvironments () (at ./Library/PackageCache/com.meta.xr.simulator@74.0.0/Editor/SyntheticEnvironments/Installer.cs:76)
Meta.XR.Simulator.Editor.SyntheticEnvironments.Registry:RegisterSyntheticEnvironments () (at ./Library/PackageCache/com.meta.xr.simulator@74.0.0/Editor/SyntheticEnvironments/Registry.cs:97)
Meta.XR.Simulator.Editor.SyntheticEnvironments.Registry:.cctor () (at ./Library/PackageCache/com.meta.xr.simulator@74.0.0/Editor/SyntheticEnvironments/Registry.cs:87)
System.Runtime.CompilerServices.RuntimeHelpers:RunClassConstructor (System.RuntimeTypeHandle)
UnityEditor.EditorAssemblies:ProcessInitializeOnLoadAttributes (System.Type[])

(Filename: ./Library/PackageCache/com.meta.xr.simulator@74.0.0/Editor/Utils.cs Line: 165)

[Synthetic Environments] got match start synth_env_server.exe LivingRoom
UnityEngine.StackTraceUtility:ExtractStackTrace ()
UnityEngine.DebugLogHandler:LogFormat (UnityEngine.LogType,UnityEngine.Object,string,object[])
UnityEngine.Logger:Log (UnityEngine.LogType,object)
UnityEngine.Debug:Log (object)
Meta.XR.Simulator.Utils:ReportInfo (string,string) (at ./Library/PackageCache/com.meta.xr.simulator@74.0.0/Editor/Utils.cs:165)
Meta.XR.Simulator.Editor.SyntheticEnvironments.Installer:ParseSynthEnvScript (string) (at ./Library/PackageCache/com.meta.xr.simulator@74.0.0/Editor/SyntheticEnvironments/Installer.cs:98)
Meta.XR.Simulator.Editor.SyntheticEnvironments.Installer:BuildSyntheticEnvironments () (at ./Library/PackageCache/com.meta.xr.simulator@74.0.0/Editor/SyntheticEnvironments/Installer.cs:76)
Meta.XR.Simulator.Editor.SyntheticEnvironments.Registry:RegisterSyntheticEnvironments () (at ./Library/PackageCache/com.meta.xr.simulator@74.0.0/Editor/SyntheticEnvironments/Registry.cs:97)
Meta.XR.Simulator.Editor.SyntheticEnvironments.Registry:.cctor () (at ./Library/PackageCache/com.meta.xr.simulator@74.0.0/Editor/SyntheticEnvironments/Registry.cs:87)
System.Runtime.CompilerServices.RuntimeHelpers:RunClassConstructor (System.RuntimeTypeHandle)
UnityEditor.EditorAssemblies:ProcessInitializeOnLoadAttributes (System.Type[])

(Filename: ./Library/PackageCache/com.meta.xr.simulator@74.0.0/Editor/Utils.cs Line: 165)

[Synthetic Environments] got match start synth_env_server_extra_rooms.exe XRoom2_3
UnityEngine.StackTraceUtility:ExtractStackTrace ()
UnityEngine.DebugLogHandler:LogFormat (UnityEngine.LogType,UnityEngine.Object,string,object[])
UnityEngine.Logger:Log (UnityEngine.LogType,object)
UnityEngine.Debug:Log (object)
Meta.XR.Simulator.Utils:ReportInfo (string,string) (at ./Library/PackageCache/com.meta.xr.simulator@74.0.0/Editor/Utils.cs:165)
Meta.XR.Simulator.Editor.SyntheticEnvironments.Installer:ParseSynthEnvScript (string) (at ./Library/PackageCache/com.meta.xr.simulator@74.0.0/Editor/SyntheticEnvironments/Installer.cs:98)
Meta.XR.Simulator.Editor.SyntheticEnvironments.Installer:BuildSyntheticEnvironments () (at ./Library/PackageCache/com.meta.xr.simulator@74.0.0/Editor/SyntheticEnvironments/Installer.cs:76)
Meta.XR.Simulator.Editor.SyntheticEnvironments.Registry:RegisterSyntheticEnvironments () (at ./Library/PackageCache/com.meta.xr.simulator@74.0.0/Editor/SyntheticEnvironments/Registry.cs:97)
Meta.XR.Simulator.Editor.SyntheticEnvironments.Registry:.cctor () (at ./Library/PackageCache/com.meta.xr.simulator@74.0.0/Editor/SyntheticEnvironments/Registry.cs:87)
System.Runtime.CompilerServices.RuntimeHelpers:RunClassConstructor (System.RuntimeTypeHandle)
UnityEditor.EditorAssemblies:ProcessInitializeOnLoadAttributes (System.Type[])

(Filename: ./Library/PackageCache/com.meta.xr.simulator@74.0.0/Editor/Utils.cs Line: 165)

[Synthetic Environments] got match start synth_env_server_extra_rooms.exe XRoom2_4
UnityEngine.StackTraceUtility:ExtractStackTrace ()
UnityEngine.DebugLogHandler:LogFormat (UnityEngine.LogType,UnityEngine.Object,string,object[])
UnityEngine.Logger:Log (UnityEngine.LogType,object)
UnityEngine.Debug:Log (object)
Meta.XR.Simulator.Utils:ReportInfo (string,string) (at ./Library/PackageCache/com.meta.xr.simulator@74.0.0/Editor/Utils.cs:165)
Meta.XR.Simulator.Editor.SyntheticEnvironments.Installer:ParseSynthEnvScript (string) (at ./Library/PackageCache/com.meta.xr.simulator@74.0.0/Editor/SyntheticEnvironments/Installer.cs:98)
Meta.XR.Simulator.Editor.SyntheticEnvironments.Installer:BuildSyntheticEnvironments () (at ./Library/PackageCache/com.meta.xr.simulator@74.0.0/Editor/SyntheticEnvironments/Installer.cs:76)
Meta.XR.Simulator.Editor.SyntheticEnvironments.Registry:RegisterSyntheticEnvironments () (at ./Library/PackageCache/com.meta.xr.simulator@74.0.0/Editor/SyntheticEnvironments/Registry.cs:97)
Meta.XR.Simulator.Editor.SyntheticEnvironments.Registry:.cctor () (at ./Library/PackageCache/com.meta.xr.simulator@74.0.0/Editor/SyntheticEnvironments/Registry.cs:87)
System.Runtime.CompilerServices.RuntimeHelpers:RunClassConstructor (System.RuntimeTypeHandle)
UnityEditor.EditorAssemblies:ProcessInitializeOnLoadAttributes (System.Type[])

(Filename: ./Library/PackageCache/com.meta.xr.simulator@74.0.0/Editor/Utils.cs Line: 165)

[Synthetic Environments] got match start synth_env_server_extra_rooms.exe XRoom5_6
UnityEngine.StackTraceUtility:ExtractStackTrace ()
UnityEngine.DebugLogHandler:LogFormat (UnityEngine.LogType,UnityEngine.Object,string,object[])
UnityEngine.Logger:Log (UnityEngine.LogType,object)
UnityEngine.Debug:Log (object)
Meta.XR.Simulator.Utils:ReportInfo (string,string) (at ./Library/PackageCache/com.meta.xr.simulator@74.0.0/Editor/Utils.cs:165)
Meta.XR.Simulator.Editor.SyntheticEnvironments.Installer:ParseSynthEnvScript (string) (at ./Library/PackageCache/com.meta.xr.simulator@74.0.0/Editor/SyntheticEnvironments/Installer.cs:98)
Meta.XR.Simulator.Editor.SyntheticEnvironments.Installer:BuildSyntheticEnvironments () (at ./Library/PackageCache/com.meta.xr.simulator@74.0.0/Editor/SyntheticEnvironments/Installer.cs:76)
Meta.XR.Simulator.Editor.SyntheticEnvironments.Registry:RegisterSyntheticEnvironments () (at ./Library/PackageCache/com.meta.xr.simulator@74.0.0/Editor/SyntheticEnvironments/Registry.cs:97)
Meta.XR.Simulator.Editor.SyntheticEnvironments.Registry:.cctor () (at ./Library/PackageCache/com.meta.xr.simulator@74.0.0/Editor/SyntheticEnvironments/Registry.cs:87)
System.Runtime.CompilerServices.RuntimeHelpers:RunClassConstructor (System.RuntimeTypeHandle)
UnityEditor.EditorAssemblies:ProcessInitializeOnLoadAttributes (System.Type[])

(Filename: ./Library/PackageCache/com.meta.xr.simulator@74.0.0/Editor/Utils.cs Line: 165)

[Synthetic Environments] got match start synth_env_server_extra_rooms.exe XRoom5_1
UnityEngine.StackTraceUtility:ExtractStackTrace ()
UnityEngine.DebugLogHandler:LogFormat (UnityEngine.LogType,UnityEngine.Object,string,object[])
UnityEngine.Logger:Log (UnityEngine.LogType,object)
UnityEngine.Debug:Log (object)
Meta.XR.Simulator.Utils:ReportInfo (string,string) (at ./Library/PackageCache/com.meta.xr.simulator@74.0.0/Editor/Utils.cs:165)
Meta.XR.Simulator.Editor.SyntheticEnvironments.Installer:ParseSynthEnvScript (string) (at ./Library/PackageCache/com.meta.xr.simulator@74.0.0/Editor/SyntheticEnvironments/Installer.cs:98)
Meta.XR.Simulator.Editor.SyntheticEnvironments.Installer:BuildSyntheticEnvironments () (at ./Library/PackageCache/com.meta.xr.simulator@74.0.0/Editor/SyntheticEnvironments/Installer.cs:76)
Meta.XR.Simulator.Editor.SyntheticEnvironments.Registry:RegisterSyntheticEnvironments () (at ./Library/PackageCache/com.meta.xr.simulator@74.0.0/Editor/SyntheticEnvironments/Registry.cs:97)
Meta.XR.Simulator.Editor.SyntheticEnvironments.Registry:.cctor () (at ./Library/PackageCache/com.meta.xr.simulator@74.0.0/Editor/SyntheticEnvironments/Registry.cs:87)
System.Runtime.CompilerServices.RuntimeHelpers:RunClassConstructor (System.RuntimeTypeHandle)
UnityEditor.EditorAssemblies:ProcessInitializeOnLoadAttributes (System.Type[])

(Filename: ./Library/PackageCache/com.meta.xr.simulator@74.0.0/Editor/Utils.cs Line: 165)

[Synthetic Environments] got match start synth_env_server_extra_rooms.exe XRoom3_1
UnityEngine.StackTraceUtility:ExtractStackTrace ()
UnityEngine.DebugLogHandler:LogFormat (UnityEngine.LogType,UnityEngine.Object,string,object[])
UnityEngine.Logger:Log (UnityEngine.LogType,object)
UnityEngine.Debug:Log (object)
Meta.XR.Simulator.Utils:ReportInfo (string,string) (at ./Library/PackageCache/com.meta.xr.simulator@74.0.0/Editor/Utils.cs:165)
Meta.XR.Simulator.Editor.SyntheticEnvironments.Installer:ParseSynthEnvScript (string) (at ./Library/PackageCache/com.meta.xr.simulator@74.0.0/Editor/SyntheticEnvironments/Installer.cs:98)
Meta.XR.Simulator.Editor.SyntheticEnvironments.Installer:BuildSyntheticEnvironments () (at ./Library/PackageCache/com.meta.xr.simulator@74.0.0/Editor/SyntheticEnvironments/Installer.cs:76)
Meta.XR.Simulator.Editor.SyntheticEnvironments.Registry:RegisterSyntheticEnvironments () (at ./Library/PackageCache/com.meta.xr.simulator@74.0.0/Editor/SyntheticEnvironments/Registry.cs:97)
Meta.XR.Simulator.Editor.SyntheticEnvironments.Registry:.cctor () (at ./Library/PackageCache/com.meta.xr.simulator@74.0.0/Editor/SyntheticEnvironments/Registry.cs:87)
System.Runtime.CompilerServices.RuntimeHelpers:RunClassConstructor (System.RuntimeTypeHandle)
UnityEditor.EditorAssemblies:ProcessInitializeOnLoadAttributes (System.Type[])

(Filename: ./Library/PackageCache/com.meta.xr.simulator@74.0.0/Editor/Utils.cs Line: 165)

[Synthetic Environments] got match start synth_env_server_extra_rooms.exe XRoom1_2
UnityEngine.StackTraceUtility:ExtractStackTrace ()
UnityEngine.DebugLogHandler:LogFormat (UnityEngine.LogType,UnityEngine.Object,string,object[])
UnityEngine.Logger:Log (UnityEngine.LogType,object)
UnityEngine.Debug:Log (object)
Meta.XR.Simulator.Utils:ReportInfo (string,string) (at ./Library/PackageCache/com.meta.xr.simulator@74.0.0/Editor/Utils.cs:165)
Meta.XR.Simulator.Editor.SyntheticEnvironments.Installer:ParseSynthEnvScript (string) (at ./Library/PackageCache/com.meta.xr.simulator@74.0.0/Editor/SyntheticEnvironments/Installer.cs:98)
Meta.XR.Simulator.Editor.SyntheticEnvironments.Installer:BuildSyntheticEnvironments () (at ./Library/PackageCache/com.meta.xr.simulator@74.0.0/Editor/SyntheticEnvironments/Installer.cs:76)
Meta.XR.Simulator.Editor.SyntheticEnvironments.Registry:RegisterSyntheticEnvironments () (at ./Library/PackageCache/com.meta.xr.simulator@74.0.0/Editor/SyntheticEnvironments/Registry.cs:97)
Meta.XR.Simulator.Editor.SyntheticEnvironments.Registry:.cctor () (at ./Library/PackageCache/com.meta.xr.simulator@74.0.0/Editor/SyntheticEnvironments/Registry.cs:87)
System.Runtime.CompilerServices.RuntimeHelpers:RunClassConstructor (System.RuntimeTypeHandle)
UnityEditor.EditorAssemblies:ProcessInitializeOnLoadAttributes (System.Type[])

(Filename: ./Library/PackageCache/com.meta.xr.simulator@74.0.0/Editor/Utils.cs Line: 165)

[Synthetic Environments] got match start synth_env_server_extra_rooms.exe XRoom1_1
UnityEngine.StackTraceUtility:ExtractStackTrace ()
UnityEngine.DebugLogHandler:LogFormat (UnityEngine.LogType,UnityEngine.Object,string,object[])
UnityEngine.Logger:Log (UnityEngine.LogType,object)
UnityEngine.Debug:Log (object)
Meta.XR.Simulator.Utils:ReportInfo (string,string) (at ./Library/PackageCache/com.meta.xr.simulator@74.0.0/Editor/Utils.cs:165)
Meta.XR.Simulator.Editor.SyntheticEnvironments.Installer:ParseSynthEnvScript (string) (at ./Library/PackageCache/com.meta.xr.simulator@74.0.0/Editor/SyntheticEnvironments/Installer.cs:98)
Meta.XR.Simulator.Editor.SyntheticEnvironments.Installer:BuildSyntheticEnvironments () (at ./Library/PackageCache/com.meta.xr.simulator@74.0.0/Editor/SyntheticEnvironments/Installer.cs:76)
Meta.XR.Simulator.Editor.SyntheticEnvironments.Registry:RegisterSyntheticEnvironments () (at ./Library/PackageCache/com.meta.xr.simulator@74.0.0/Editor/SyntheticEnvironments/Registry.cs:97)
Meta.XR.Simulator.Editor.SyntheticEnvironments.Registry:.cctor () (at ./Library/PackageCache/com.meta.xr.simulator@74.0.0/Editor/SyntheticEnvironments/Registry.cs:87)
System.Runtime.CompilerServices.RuntimeHelpers:RunClassConstructor (System.RuntimeTypeHandle)
UnityEditor.EditorAssemblies:ProcessInitializeOnLoadAttributes (System.Type[])

(Filename: ./Library/PackageCache/com.meta.xr.simulator@74.0.0/Editor/Utils.cs Line: 165)

[Synthetic Environments] got match start synth_env_server_extra_rooms.exe XRoom1_4
UnityEngine.StackTraceUtility:ExtractStackTrace ()
UnityEngine.DebugLogHandler:LogFormat (UnityEngine.LogType,UnityEngine.Object,string,object[])
UnityEngine.Logger:Log (UnityEngine.LogType,object)
UnityEngine.Debug:Log (object)
Meta.XR.Simulator.Utils:ReportInfo (string,string) (at ./Library/PackageCache/com.meta.xr.simulator@74.0.0/Editor/Utils.cs:165)
Meta.XR.Simulator.Editor.SyntheticEnvironments.Installer:ParseSynthEnvScript (string) (at ./Library/PackageCache/com.meta.xr.simulator@74.0.0/Editor/SyntheticEnvironments/Installer.cs:98)
Meta.XR.Simulator.Editor.SyntheticEnvironments.Installer:BuildSyntheticEnvironments () (at ./Library/PackageCache/com.meta.xr.simulator@74.0.0/Editor/SyntheticEnvironments/Installer.cs:76)
Meta.XR.Simulator.Editor.SyntheticEnvironments.Registry:RegisterSyntheticEnvironments () (at ./Library/PackageCache/com.meta.xr.simulator@74.0.0/Editor/SyntheticEnvironments/Registry.cs:97)
Meta.XR.Simulator.Editor.SyntheticEnvironments.Registry:.cctor () (at ./Library/PackageCache/com.meta.xr.simulator@74.0.0/Editor/SyntheticEnvironments/Registry.cs:87)
System.Runtime.CompilerServices.RuntimeHelpers:RunClassConstructor (System.RuntimeTypeHandle)
UnityEditor.EditorAssemblies:ProcessInitializeOnLoadAttributes (System.Type[])

(Filename: ./Library/PackageCache/com.meta.xr.simulator@74.0.0/Editor/Utils.cs Line: 165)

[Package Manager] Server::EnsureServerProcessIsRunning -- launch failed, reason: Unity was launched with the -noUpm command-line argument
[Package Manager] UpmClient::Send -- Unable to send message (not connected to UPM process).
[Package Manager] Cannot connect to Unity Package Manager local server
Mono: successfully reloaded assembly
[Package Manager] Server::EnsureServerProcessIsRunning -- launch failed, reason: Unity was launched with the -noUpm command-line argument
[Package Manager] UpmClient::Send -- Unable to send message (not connected to UPM process).
[Package Manager] Cannot connect to Unity Package Manager local server
- Finished resetting the current domain, in  1.224 seconds
Domain Reload Profiling: 1688ms
	BeginReloadAssembly (141ms)
		ExecutionOrderSort (0ms)
		DisableScriptedObjects (3ms)
		BackupInstance (0ms)
		ReleaseScriptingObjects (0ms)
		CreateAndSetChildDomain (38ms)
	RebuildCommonClasses (24ms)
	RebuildNativeTypeToScriptingClass (10ms)
	initialDomainReloadingComplete (26ms)
	LoadAllAssembliesAndSetupDomain (263ms)
		LoadAssemblies (306ms)
		RebuildTransferFunctionScriptingTraits (0ms)
		AnalyzeDomain (25ms)
			TypeCache.Refresh (7ms)
				TypeCache.ScanAssembly (0ms)
			ScanForSourceGeneratedMonoScriptInfo (0ms)
			ResolveRequiredComponents (16ms)
	FinalizeReload (1225ms)
		ReleaseScriptCaches (0ms)
		RebuildScriptCaches (0ms)
		SetupLoadedEditorAssemblies (666ms)
			LogAssemblyErrors (0ms)
			InitializePlatformSupportModulesInManaged (16ms)
			SetLoadedEditorAssemblies (5ms)
			RefreshPlugins (0ms)
			BeforeProcessingInitializeOnLoad (95ms)
			ProcessInitializeOnLoadAttributes (488ms)
			ProcessInitializeOnLoadMethodAttributes (55ms)
			AfterProcessingInitializeOnLoad (6ms)
			EditorAssembliesLoaded (0ms)
		ExecutionOrderSort2 (0ms)
		AwakeInstancesAfterBackupRestoration (6ms)
Shader 'Meta/MRUK/Scene/HighlightsAndShadows': fallback shader 'Off' not found
Shader 'Oculus/OVRMRCameraFrameLit': fallback shader 'Alpha-Diffuse' not found
Refreshing native plugins compatible for Editor in 15.66 ms, found 17 plugins.
Preloading 2 native plugins for Editor in 0.07 ms.
Unloading 6995 Unused Serialized files (Serialized files now loaded: 0)
Unloading 112 unused Assets / (478.5 KB). Loaded Objects now: 7631.
Memory consumption went from 231.2 MB to 230.8 MB.
Total: 5.178400 ms (FindLiveObjects: 0.350600 ms CreateObjectMapping: 0.237500 ms MarkObjects: 4.318900 ms  DeleteObjects: 0.257000 ms)

Prepare: number of updated asset objects reloaded= 0
AssetImportParameters requested are different than current active one (requested -> active):
  custom:container-demuxer-ogg: 62fdf1f143b41e24485cea50d1cbac27 -> 
  custom:framework-win-MediaFoundation: 216162199b28c13a410421893ffa2e32 -> 
  custom:container-muxer-webm: aa71ff27fc2769a1b78a27578f13a17b -> 
  custom:video-decoder-webm-vp8: 9c59270c3fd7afecdb556c50c9e8de78 -> 
  custom:SearchIndexIgnoredProperties: e643bd26f0fe6173181afceb89e7c659 -> 
  custom:AudioImporter_EditorPlatform: d09bf68614088b80899f8185d706f6e7 -> 
  custom:audio-decoder-ogg-vorbis: bf7c407c2cedff20999df2af8eb42d56 -> 
  custom:audio-encoder-webm-vorbis: bf7c407c2cedff20999df2af8eb42d56 -> 
  custom:video-codec-MediaFoundation-h265: 746d11721c4dcdbdad8f713fa42b33f4 -> 
  custom:video-decoder-ogg-theora: a1e56fd34408186e4bbccfd4996cb3dc -> 
  custom:CustomObjectIndexerAttribute: 9a22284fe3817be447336de3de66b15e -> 
  custom:container-demuxer-webm: 4f35f7cbe854078d1ac9338744f61a02 -> 
  custom:video-encoder-webm-vp8: eb34c28f22e8b96e1ab97ce403110664 -> 
========================================================================
Received Prepare
Caller must complete domain reload
Begin MonoManager ReloadAssembly
- Loaded All Assemblies, in  2.506 seconds
Native extension for UWP target not found
Native extension for WindowsStandalone target not found
Native extension for Android target not found
[Package Manager] Server::EnsureServerProcessIsRunning -- launch failed, reason: Unity was launched with the -noUpm command-line argument
[Package Manager] UpmClient::Send -- Unable to send message (not connected to UPM process).
[Package Manager] Cannot connect to Unity Package Manager local server
[Package Manager] Server::EnsureServerProcessIsRunning -- launch failed, reason: Unity was launched with the -noUpm command-line argument
[Package Manager] UpmClient::Send -- Unable to send message (not connected to UPM process).
[Package Manager] Cannot connect to Unity Package Manager local server
[Synthetic Environments] got match start synth_env_server.exe Bedroom
UnityEngine.StackTraceUtility:ExtractStackTrace ()
UnityEngine.DebugLogHandler:LogFormat (UnityEngine.LogType,UnityEngine.Object,string,object[])
UnityEngine.Logger:Log (UnityEngine.LogType,object)
UnityEngine.Debug:Log (object)
Meta.XR.Simulator.Utils:ReportInfo (string,string) (at ./Library/PackageCache/com.meta.xr.simulator@74.0.0/Editor/Utils.cs:165)
Meta.XR.Simulator.Editor.SyntheticEnvironments.Installer:ParseSynthEnvScript (string) (at ./Library/PackageCache/com.meta.xr.simulator@74.0.0/Editor/SyntheticEnvironments/Installer.cs:98)
Meta.XR.Simulator.Editor.SyntheticEnvironments.Installer:BuildSyntheticEnvironments () (at ./Library/PackageCache/com.meta.xr.simulator@74.0.0/Editor/SyntheticEnvironments/Installer.cs:76)
Meta.XR.Simulator.Editor.SyntheticEnvironments.Registry:RegisterSyntheticEnvironments () (at ./Library/PackageCache/com.meta.xr.simulator@74.0.0/Editor/SyntheticEnvironments/Registry.cs:97)
Meta.XR.Simulator.Editor.SyntheticEnvironments.Registry:.cctor () (at ./Library/PackageCache/com.meta.xr.simulator@74.0.0/Editor/SyntheticEnvironments/Registry.cs:87)
System.Runtime.CompilerServices.RuntimeHelpers:RunClassConstructor (System.RuntimeTypeHandle)
UnityEditor.EditorAssemblies:ProcessInitializeOnLoadAttributes (System.Type[])

(Filename: ./Library/PackageCache/com.meta.xr.simulator@74.0.0/Editor/Utils.cs Line: 165)

[Synthetic Environments] got match start synth_env_server.exe GameRoom
UnityEngine.StackTraceUtility:ExtractStackTrace ()
UnityEngine.DebugLogHandler:LogFormat (UnityEngine.LogType,UnityEngine.Object,string,object[])
UnityEngine.Logger:Log (UnityEngine.LogType,object)
UnityEngine.Debug:Log (object)
Meta.XR.Simulator.Utils:ReportInfo (string,string) (at ./Library/PackageCache/com.meta.xr.simulator@74.0.0/Editor/Utils.cs:165)
Meta.XR.Simulator.Editor.SyntheticEnvironments.Installer:ParseSynthEnvScript (string) (at ./Library/PackageCache/com.meta.xr.simulator@74.0.0/Editor/SyntheticEnvironments/Installer.cs:98)
Meta.XR.Simulator.Editor.SyntheticEnvironments.Installer:BuildSyntheticEnvironments () (at ./Library/PackageCache/com.meta.xr.simulator@74.0.0/Editor/SyntheticEnvironments/Installer.cs:76)
Meta.XR.Simulator.Editor.SyntheticEnvironments.Registry:RegisterSyntheticEnvironments () (at ./Library/PackageCache/com.meta.xr.simulator@74.0.0/Editor/SyntheticEnvironments/Registry.cs:97)
Meta.XR.Simulator.Editor.SyntheticEnvironments.Registry:.cctor () (at ./Library/PackageCache/com.meta.xr.simulator@74.0.0/Editor/SyntheticEnvironments/Registry.cs:87)
System.Runtime.CompilerServices.RuntimeHelpers:RunClassConstructor (System.RuntimeTypeHandle)
UnityEditor.EditorAssemblies:ProcessInitializeOnLoadAttributes (System.Type[])

(Filename: ./Library/PackageCache/com.meta.xr.simulator@74.0.0/Editor/Utils.cs Line: 165)

[Synthetic Environments] got match start synth_env_server.exe LivingRoom
UnityEngine.StackTraceUtility:ExtractStackTrace ()
UnityEngine.DebugLogHandler:LogFormat (UnityEngine.LogType,UnityEngine.Object,string,object[])
UnityEngine.Logger:Log (UnityEngine.LogType,object)
UnityEngine.Debug:Log (object)
Meta.XR.Simulator.Utils:ReportInfo (string,string) (at ./Library/PackageCache/com.meta.xr.simulator@74.0.0/Editor/Utils.cs:165)
Meta.XR.Simulator.Editor.SyntheticEnvironments.Installer:ParseSynthEnvScript (string) (at ./Library/PackageCache/com.meta.xr.simulator@74.0.0/Editor/SyntheticEnvironments/Installer.cs:98)
Meta.XR.Simulator.Editor.SyntheticEnvironments.Installer:BuildSyntheticEnvironments () (at ./Library/PackageCache/com.meta.xr.simulator@74.0.0/Editor/SyntheticEnvironments/Installer.cs:76)
Meta.XR.Simulator.Editor.SyntheticEnvironments.Registry:RegisterSyntheticEnvironments () (at ./Library/PackageCache/com.meta.xr.simulator@74.0.0/Editor/SyntheticEnvironments/Registry.cs:97)
Meta.XR.Simulator.Editor.SyntheticEnvironments.Registry:.cctor () (at ./Library/PackageCache/com.meta.xr.simulator@74.0.0/Editor/SyntheticEnvironments/Registry.cs:87)
System.Runtime.CompilerServices.RuntimeHelpers:RunClassConstructor (System.RuntimeTypeHandle)
UnityEditor.EditorAssemblies:ProcessInitializeOnLoadAttributes (System.Type[])

(Filename: ./Library/PackageCache/com.meta.xr.simulator@74.0.0/Editor/Utils.cs Line: 165)

[Synthetic Environments] got match start synth_env_server_extra_rooms.exe XRoom2_3
UnityEngine.StackTraceUtility:ExtractStackTrace ()
UnityEngine.DebugLogHandler:LogFormat (UnityEngine.LogType,UnityEngine.Object,string,object[])
UnityEngine.Logger:Log (UnityEngine.LogType,object)
UnityEngine.Debug:Log (object)
Meta.XR.Simulator.Utils:ReportInfo (string,string) (at ./Library/PackageCache/com.meta.xr.simulator@74.0.0/Editor/Utils.cs:165)
Meta.XR.Simulator.Editor.SyntheticEnvironments.Installer:ParseSynthEnvScript (string) (at ./Library/PackageCache/com.meta.xr.simulator@74.0.0/Editor/SyntheticEnvironments/Installer.cs:98)
Meta.XR.Simulator.Editor.SyntheticEnvironments.Installer:BuildSyntheticEnvironments () (at ./Library/PackageCache/com.meta.xr.simulator@74.0.0/Editor/SyntheticEnvironments/Installer.cs:76)
Meta.XR.Simulator.Editor.SyntheticEnvironments.Registry:RegisterSyntheticEnvironments () (at ./Library/PackageCache/com.meta.xr.simulator@74.0.0/Editor/SyntheticEnvironments/Registry.cs:97)
Meta.XR.Simulator.Editor.SyntheticEnvironments.Registry:.cctor () (at ./Library/PackageCache/com.meta.xr.simulator@74.0.0/Editor/SyntheticEnvironments/Registry.cs:87)
System.Runtime.CompilerServices.RuntimeHelpers:RunClassConstructor (System.RuntimeTypeHandle)
UnityEditor.EditorAssemblies:ProcessInitializeOnLoadAttributes (System.Type[])

(Filename: ./Library/PackageCache/com.meta.xr.simulator@74.0.0/Editor/Utils.cs Line: 165)

[Synthetic Environments] got match start synth_env_server_extra_rooms.exe XRoom2_4
UnityEngine.StackTraceUtility:ExtractStackTrace ()
UnityEngine.DebugLogHandler:LogFormat (UnityEngine.LogType,UnityEngine.Object,string,object[])
UnityEngine.Logger:Log (UnityEngine.LogType,object)
UnityEngine.Debug:Log (object)
Meta.XR.Simulator.Utils:ReportInfo (string,string) (at ./Library/PackageCache/com.meta.xr.simulator@74.0.0/Editor/Utils.cs:165)
Meta.XR.Simulator.Editor.SyntheticEnvironments.Installer:ParseSynthEnvScript (string) (at ./Library/PackageCache/com.meta.xr.simulator@74.0.0/Editor/SyntheticEnvironments/Installer.cs:98)
Meta.XR.Simulator.Editor.SyntheticEnvironments.Installer:BuildSyntheticEnvironments () (at ./Library/PackageCache/com.meta.xr.simulator@74.0.0/Editor/SyntheticEnvironments/Installer.cs:76)
Meta.XR.Simulator.Editor.SyntheticEnvironments.Registry:RegisterSyntheticEnvironments () (at ./Library/PackageCache/com.meta.xr.simulator@74.0.0/Editor/SyntheticEnvironments/Registry.cs:97)
Meta.XR.Simulator.Editor.SyntheticEnvironments.Registry:.cctor () (at ./Library/PackageCache/com.meta.xr.simulator@74.0.0/Editor/SyntheticEnvironments/Registry.cs:87)
System.Runtime.CompilerServices.RuntimeHelpers:RunClassConstructor (System.RuntimeTypeHandle)
UnityEditor.EditorAssemblies:ProcessInitializeOnLoadAttributes (System.Type[])

(Filename: ./Library/PackageCache/com.meta.xr.simulator@74.0.0/Editor/Utils.cs Line: 165)

[Synthetic Environments] got match start synth_env_server_extra_rooms.exe XRoom5_6
UnityEngine.StackTraceUtility:ExtractStackTrace ()
UnityEngine.DebugLogHandler:LogFormat (UnityEngine.LogType,UnityEngine.Object,string,object[])
UnityEngine.Logger:Log (UnityEngine.LogType,object)
UnityEngine.Debug:Log (object)
Meta.XR.Simulator.Utils:ReportInfo (string,string) (at ./Library/PackageCache/com.meta.xr.simulator@74.0.0/Editor/Utils.cs:165)
Meta.XR.Simulator.Editor.SyntheticEnvironments.Installer:ParseSynthEnvScript (string) (at ./Library/PackageCache/com.meta.xr.simulator@74.0.0/Editor/SyntheticEnvironments/Installer.cs:98)
Meta.XR.Simulator.Editor.SyntheticEnvironments.Installer:BuildSyntheticEnvironments () (at ./Library/PackageCache/com.meta.xr.simulator@74.0.0/Editor/SyntheticEnvironments/Installer.cs:76)
Meta.XR.Simulator.Editor.SyntheticEnvironments.Registry:RegisterSyntheticEnvironments () (at ./Library/PackageCache/com.meta.xr.simulator@74.0.0/Editor/SyntheticEnvironments/Registry.cs:97)
Meta.XR.Simulator.Editor.SyntheticEnvironments.Registry:.cctor () (at ./Library/PackageCache/com.meta.xr.simulator@74.0.0/Editor/SyntheticEnvironments/Registry.cs:87)
System.Runtime.CompilerServices.RuntimeHelpers:RunClassConstructor (System.RuntimeTypeHandle)
UnityEditor.EditorAssemblies:ProcessInitializeOnLoadAttributes (System.Type[])

(Filename: ./Library/PackageCache/com.meta.xr.simulator@74.0.0/Editor/Utils.cs Line: 165)

[Synthetic Environments] got match start synth_env_server_extra_rooms.exe XRoom5_1
UnityEngine.StackTraceUtility:ExtractStackTrace ()
UnityEngine.DebugLogHandler:LogFormat (UnityEngine.LogType,UnityEngine.Object,string,object[])
UnityEngine.Logger:Log (UnityEngine.LogType,object)
UnityEngine.Debug:Log (object)
Meta.XR.Simulator.Utils:ReportInfo (string,string) (at ./Library/PackageCache/com.meta.xr.simulator@74.0.0/Editor/Utils.cs:165)
Meta.XR.Simulator.Editor.SyntheticEnvironments.Installer:ParseSynthEnvScript (string) (at ./Library/PackageCache/com.meta.xr.simulator@74.0.0/Editor/SyntheticEnvironments/Installer.cs:98)
Meta.XR.Simulator.Editor.SyntheticEnvironments.Installer:BuildSyntheticEnvironments () (at ./Library/PackageCache/com.meta.xr.simulator@74.0.0/Editor/SyntheticEnvironments/Installer.cs:76)
Meta.XR.Simulator.Editor.SyntheticEnvironments.Registry:RegisterSyntheticEnvironments () (at ./Library/PackageCache/com.meta.xr.simulator@74.0.0/Editor/SyntheticEnvironments/Registry.cs:97)
Meta.XR.Simulator.Editor.SyntheticEnvironments.Registry:.cctor () (at ./Library/PackageCache/com.meta.xr.simulator@74.0.0/Editor/SyntheticEnvironments/Registry.cs:87)
System.Runtime.CompilerServices.RuntimeHelpers:RunClassConstructor (System.RuntimeTypeHandle)
UnityEditor.EditorAssemblies:ProcessInitializeOnLoadAttributes (System.Type[])

(Filename: ./Library/PackageCache/com.meta.xr.simulator@74.0.0/Editor/Utils.cs Line: 165)

[Synthetic Environments] got match start synth_env_server_extra_rooms.exe XRoom3_1
UnityEngine.StackTraceUtility:ExtractStackTrace ()
UnityEngine.DebugLogHandler:LogFormat (UnityEngine.LogType,UnityEngine.Object,string,object[])
UnityEngine.Logger:Log (UnityEngine.LogType,object)
UnityEngine.Debug:Log (object)
Meta.XR.Simulator.Utils:ReportInfo (string,string) (at ./Library/PackageCache/com.meta.xr.simulator@74.0.0/Editor/Utils.cs:165)
Meta.XR.Simulator.Editor.SyntheticEnvironments.Installer:ParseSynthEnvScript (string) (at ./Library/PackageCache/com.meta.xr.simulator@74.0.0/Editor/SyntheticEnvironments/Installer.cs:98)
Meta.XR.Simulator.Editor.SyntheticEnvironments.Installer:BuildSyntheticEnvironments () (at ./Library/PackageCache/com.meta.xr.simulator@74.0.0/Editor/SyntheticEnvironments/Installer.cs:76)
Meta.XR.Simulator.Editor.SyntheticEnvironments.Registry:RegisterSyntheticEnvironments () (at ./Library/PackageCache/com.meta.xr.simulator@74.0.0/Editor/SyntheticEnvironments/Registry.cs:97)
Meta.XR.Simulator.Editor.SyntheticEnvironments.Registry:.cctor () (at ./Library/PackageCache/com.meta.xr.simulator@74.0.0/Editor/SyntheticEnvironments/Registry.cs:87)
System.Runtime.CompilerServices.RuntimeHelpers:RunClassConstructor (System.RuntimeTypeHandle)
UnityEditor.EditorAssemblies:ProcessInitializeOnLoadAttributes (System.Type[])

(Filename: ./Library/PackageCache/com.meta.xr.simulator@74.0.0/Editor/Utils.cs Line: 165)

[Synthetic Environments] got match start synth_env_server_extra_rooms.exe XRoom1_2
UnityEngine.StackTraceUtility:ExtractStackTrace ()
UnityEngine.DebugLogHandler:LogFormat (UnityEngine.LogType,UnityEngine.Object,string,object[])
UnityEngine.Logger:Log (UnityEngine.LogType,object)
UnityEngine.Debug:Log (object)
Meta.XR.Simulator.Utils:ReportInfo (string,string) (at ./Library/PackageCache/com.meta.xr.simulator@74.0.0/Editor/Utils.cs:165)
Meta.XR.Simulator.Editor.SyntheticEnvironments.Installer:ParseSynthEnvScript (string) (at ./Library/PackageCache/com.meta.xr.simulator@74.0.0/Editor/SyntheticEnvironments/Installer.cs:98)
Meta.XR.Simulator.Editor.SyntheticEnvironments.Installer:BuildSyntheticEnvironments () (at ./Library/PackageCache/com.meta.xr.simulator@74.0.0/Editor/SyntheticEnvironments/Installer.cs:76)
Meta.XR.Simulator.Editor.SyntheticEnvironments.Registry:RegisterSyntheticEnvironments () (at ./Library/PackageCache/com.meta.xr.simulator@74.0.0/Editor/SyntheticEnvironments/Registry.cs:97)
Meta.XR.Simulator.Editor.SyntheticEnvironments.Registry:.cctor () (at ./Library/PackageCache/com.meta.xr.simulator@74.0.0/Editor/SyntheticEnvironments/Registry.cs:87)
System.Runtime.CompilerServices.RuntimeHelpers:RunClassConstructor (System.RuntimeTypeHandle)
UnityEditor.EditorAssemblies:ProcessInitializeOnLoadAttributes (System.Type[])

(Filename: ./Library/PackageCache/com.meta.xr.simulator@74.0.0/Editor/Utils.cs Line: 165)

[Synthetic Environments] got match start synth_env_server_extra_rooms.exe XRoom1_1
UnityEngine.StackTraceUtility:ExtractStackTrace ()
UnityEngine.DebugLogHandler:LogFormat (UnityEngine.LogType,UnityEngine.Object,string,object[])
UnityEngine.Logger:Log (UnityEngine.LogType,object)
UnityEngine.Debug:Log (object)
Meta.XR.Simulator.Utils:ReportInfo (string,string) (at ./Library/PackageCache/com.meta.xr.simulator@74.0.0/Editor/Utils.cs:165)
Meta.XR.Simulator.Editor.SyntheticEnvironments.Installer:ParseSynthEnvScript (string) (at ./Library/PackageCache/com.meta.xr.simulator@74.0.0/Editor/SyntheticEnvironments/Installer.cs:98)
Meta.XR.Simulator.Editor.SyntheticEnvironments.Installer:BuildSyntheticEnvironments () (at ./Library/PackageCache/com.meta.xr.simulator@74.0.0/Editor/SyntheticEnvironments/Installer.cs:76)
Meta.XR.Simulator.Editor.SyntheticEnvironments.Registry:RegisterSyntheticEnvironments () (at ./Library/PackageCache/com.meta.xr.simulator@74.0.0/Editor/SyntheticEnvironments/Registry.cs:97)
Meta.XR.Simulator.Editor.SyntheticEnvironments.Registry:.cctor () (at ./Library/PackageCache/com.meta.xr.simulator@74.0.0/Editor/SyntheticEnvironments/Registry.cs:87)
System.Runtime.CompilerServices.RuntimeHelpers:RunClassConstructor (System.RuntimeTypeHandle)
UnityEditor.EditorAssemblies:ProcessInitializeOnLoadAttributes (System.Type[])

(Filename: ./Library/PackageCache/com.meta.xr.simulator@74.0.0/Editor/Utils.cs Line: 165)

[Synthetic Environments] got match start synth_env_server_extra_rooms.exe XRoom1_4
UnityEngine.StackTraceUtility:ExtractStackTrace ()
UnityEngine.DebugLogHandler:LogFormat (UnityEngine.LogType,UnityEngine.Object,string,object[])
UnityEngine.Logger:Log (UnityEngine.LogType,object)
UnityEngine.Debug:Log (object)
Meta.XR.Simulator.Utils:ReportInfo (string,string) (at ./Library/PackageCache/com.meta.xr.simulator@74.0.0/Editor/Utils.cs:165)
Meta.XR.Simulator.Editor.SyntheticEnvironments.Installer:ParseSynthEnvScript (string) (at ./Library/PackageCache/com.meta.xr.simulator@74.0.0/Editor/SyntheticEnvironments/Installer.cs:98)
Meta.XR.Simulator.Editor.SyntheticEnvironments.Installer:BuildSyntheticEnvironments () (at ./Library/PackageCache/com.meta.xr.simulator@74.0.0/Editor/SyntheticEnvironments/Installer.cs:76)
Meta.XR.Simulator.Editor.SyntheticEnvironments.Registry:RegisterSyntheticEnvironments () (at ./Library/PackageCache/com.meta.xr.simulator@74.0.0/Editor/SyntheticEnvironments/Registry.cs:97)
Meta.XR.Simulator.Editor.SyntheticEnvironments.Registry:.cctor () (at ./Library/PackageCache/com.meta.xr.simulator@74.0.0/Editor/SyntheticEnvironments/Registry.cs:87)
System.Runtime.CompilerServices.RuntimeHelpers:RunClassConstructor (System.RuntimeTypeHandle)
UnityEditor.EditorAssemblies:ProcessInitializeOnLoadAttributes (System.Type[])

(Filename: ./Library/PackageCache/com.meta.xr.simulator@74.0.0/Editor/Utils.cs Line: 165)

[Package Manager] Server::EnsureServerProcessIsRunning -- launch failed, reason: Unity was launched with the -noUpm command-line argument
[Package Manager] UpmClient::Send -- Unable to send message (not connected to UPM process).
[Package Manager] Cannot connect to Unity Package Manager local server
Mono: successfully reloaded assembly
[Package Manager] Server::EnsureServerProcessIsRunning -- launch failed, reason: Unity was launched with the -noUpm command-line argument
[Package Manager] UpmClient::Send -- Unable to send message (not connected to UPM process).
[Package Manager] Cannot connect to Unity Package Manager local server
- Finished resetting the current domain, in 11.547 seconds
Domain Reload Profiling: 14049ms
	BeginReloadAssembly (136ms)
		ExecutionOrderSort (0ms)
		DisableScriptedObjects (3ms)
		BackupInstance (0ms)
		ReleaseScriptingObjects (0ms)
		CreateAndSetChildDomain (35ms)
	RebuildCommonClasses (24ms)
	RebuildNativeTypeToScriptingClass (8ms)
	initialDomainReloadingComplete (22ms)
	LoadAllAssembliesAndSetupDomain (2311ms)
		LoadAssemblies (2355ms)
		RebuildTransferFunctionScriptingTraits (0ms)
		AnalyzeDomain (24ms)
			TypeCache.Refresh (7ms)
				TypeCache.ScanAssembly (0ms)
			ScanForSourceGeneratedMonoScriptInfo (0ms)
			ResolveRequiredComponents (15ms)
	FinalizeReload (11548ms)
		ReleaseScriptCaches (0ms)
		RebuildScriptCaches (0ms)
		SetupLoadedEditorAssemblies (681ms)
			LogAssemblyErrors (0ms)
			InitializePlatformSupportModulesInManaged (16ms)
			SetLoadedEditorAssemblies (5ms)
			RefreshPlugins (0ms)
			BeforeProcessingInitializeOnLoad (91ms)
			ProcessInitializeOnLoadAttributes (504ms)
			ProcessInitializeOnLoadMethodAttributes (59ms)
			AfterProcessingInitializeOnLoad (6ms)
			EditorAssembliesLoaded (0ms)
		ExecutionOrderSort2 (0ms)
		AwakeInstancesAfterBackupRestoration (5ms)
Shader 'Meta/MRUK/Scene/HighlightsAndShadows': fallback shader 'Off' not found
Shader 'Oculus/OVRMRCameraFrameLit': fallback shader 'Alpha-Diffuse' not found
Refreshing native plugins compatible for Editor in 18.86 ms, found 17 plugins.
Preloading 2 native plugins for Editor in 0.07 ms.
Unloading 6995 Unused Serialized files (Serialized files now loaded: 0)
Unloading 112 unused Assets / (467.1 KB). Loaded Objects now: 7635.
Memory consumption went from 231.1 MB to 230.7 MB.
Total: 4.948400 ms (FindLiveObjects: 0.381600 ms CreateObjectMapping: 0.217100 ms MarkObjects: 4.066100 ms  DeleteObjects: 0.282700 ms)

Prepare: number of updated asset objects reloaded= 0
AssetImportParameters requested are different than current active one (requested -> active):
  custom:container-demuxer-ogg: 62fdf1f143b41e24485cea50d1cbac27 -> 
  custom:framework-win-MediaFoundation: 216162199b28c13a410421893ffa2e32 -> 
  custom:container-muxer-webm: aa71ff27fc2769a1b78a27578f13a17b -> 
  custom:video-decoder-webm-vp8: 9c59270c3fd7afecdb556c50c9e8de78 -> 
  custom:SearchIndexIgnoredProperties: e643bd26f0fe6173181afceb89e7c659 -> 
  custom:AudioImporter_EditorPlatform: d09bf68614088b80899f8185d706f6e7 -> 
  custom:audio-decoder-ogg-vorbis: bf7c407c2cedff20999df2af8eb42d56 -> 
  custom:audio-encoder-webm-vorbis: bf7c407c2cedff20999df2af8eb42d56 -> 
  custom:video-codec-MediaFoundation-h265: 746d11721c4dcdbdad8f713fa42b33f4 -> 
  custom:video-decoder-ogg-theora: a1e56fd34408186e4bbccfd4996cb3dc -> 
  custom:CustomObjectIndexerAttribute: 9a22284fe3817be447336de3de66b15e -> 
  custom:container-demuxer-webm: 4f35f7cbe854078d1ac9338744f61a02 -> 
  custom:video-encoder-webm-vp8: eb34c28f22e8b96e1ab97ce403110664 -> 
========================================================================
Received Prepare
Shader 'Meta/MRUK/Scene/HighlightsAndShadows': fallback shader 'Off' not found
Shader 'Oculus/OVRMRCameraFrameLit': fallback shader 'Alpha-Diffuse' not found
Refreshing native plugins compatible for Editor in 19.43 ms, found 17 plugins.
Preloading 2 native plugins for Editor in 0.08 ms.
Unloading 6 Unused Serialized files (Serialized files now loaded: 0)
Unloading 6 unused Assets / (402.4 KB). Loaded Objects now: 7635.
Memory consumption went from 122.0 MB to 121.6 MB.
Total: 6.851400 ms (FindLiveObjects: 0.400600 ms CreateObjectMapping: 0.227600 ms MarkObjects: 5.993300 ms  DeleteObjects: 0.228500 ms)

Prepare: number of updated asset objects reloaded= 0
AssetImportParameters requested are different than current active one (requested -> active):
  custom:container-demuxer-ogg: 62fdf1f143b41e24485cea50d1cbac27 -> 
  custom:framework-win-MediaFoundation: 216162199b28c13a410421893ffa2e32 -> 
  custom:container-muxer-webm: aa71ff27fc2769a1b78a27578f13a17b -> 
  custom:video-decoder-webm-vp8: 9c59270c3fd7afecdb556c50c9e8de78 -> 
  custom:SearchIndexIgnoredProperties: e643bd26f0fe6173181afceb89e7c659 -> 
  custom:AudioImporter_EditorPlatform: d09bf68614088b80899f8185d706f6e7 -> 
  custom:audio-decoder-ogg-vorbis: bf7c407c2cedff20999df2af8eb42d56 -> 
  custom:audio-encoder-webm-vorbis: bf7c407c2cedff20999df2af8eb42d56 -> 
  custom:video-codec-MediaFoundation-h265: 746d11721c4dcdbdad8f713fa42b33f4 -> 
  custom:video-decoder-ogg-theora: a1e56fd34408186e4bbccfd4996cb3dc -> 
  custom:CustomObjectIndexerAttribute: 9a22284fe3817be447336de3de66b15e -> 
  custom:container-demuxer-webm: 4f35f7cbe854078d1ac9338744f61a02 -> 
  custom:video-encoder-webm-vp8: eb34c28f22e8b96e1ab97ce403110664 -> 
========================================================================
Received Prepare
Caller must complete domain reload
Begin MonoManager ReloadAssembly
- Loaded All Assemblies, in  0.486 seconds
Native extension for UWP target not found
Native extension for WindowsStandalone target not found
Native extension for Android target not found
[Package Manager] Server::EnsureServerProcessIsRunning -- launch failed, reason: Unity was launched with the -noUpm command-line argument
[Package Manager] UpmClient::Send -- Unable to send message (not connected to UPM process).
[Package Manager] Cannot connect to Unity Package Manager local server
[Package Manager] Server::EnsureServerProcessIsRunning -- launch failed, reason: Unity was launched with the -noUpm command-line argument
[Package Manager] UpmClient::Send -- Unable to send message (not connected to UPM process).
[Package Manager] Cannot connect to Unity Package Manager local server
[Synthetic Environments] got match start synth_env_server.exe Bedroom
UnityEngine.StackTraceUtility:ExtractStackTrace ()
UnityEngine.DebugLogHandler:LogFormat (UnityEngine.LogType,UnityEngine.Object,string,object[])
UnityEngine.Logger:Log (UnityEngine.LogType,object)
UnityEngine.Debug:Log (object)
Meta.XR.Simulator.Utils:ReportInfo (string,string) (at ./Library/PackageCache/com.meta.xr.simulator@74.0.0/Editor/Utils.cs:165)
Meta.XR.Simulator.Editor.SyntheticEnvironments.Installer:ParseSynthEnvScript (string) (at ./Library/PackageCache/com.meta.xr.simulator@74.0.0/Editor/SyntheticEnvironments/Installer.cs:98)
Meta.XR.Simulator.Editor.SyntheticEnvironments.Installer:BuildSyntheticEnvironments () (at ./Library/PackageCache/com.meta.xr.simulator@74.0.0/Editor/SyntheticEnvironments/Installer.cs:76)
Meta.XR.Simulator.Editor.SyntheticEnvironments.Registry:RegisterSyntheticEnvironments () (at ./Library/PackageCache/com.meta.xr.simulator@74.0.0/Editor/SyntheticEnvironments/Registry.cs:97)
Meta.XR.Simulator.Editor.SyntheticEnvironments.Registry:.cctor () (at ./Library/PackageCache/com.meta.xr.simulator@74.0.0/Editor/SyntheticEnvironments/Registry.cs:87)
System.Runtime.CompilerServices.RuntimeHelpers:RunClassConstructor (System.RuntimeTypeHandle)
UnityEditor.EditorAssemblies:ProcessInitializeOnLoadAttributes (System.Type[])

(Filename: ./Library/PackageCache/com.meta.xr.simulator@74.0.0/Editor/Utils.cs Line: 165)

[Synthetic Environments] got match start synth_env_server.exe GameRoom
UnityEngine.StackTraceUtility:ExtractStackTrace ()
UnityEngine.DebugLogHandler:LogFormat (UnityEngine.LogType,UnityEngine.Object,string,object[])
UnityEngine.Logger:Log (UnityEngine.LogType,object)
UnityEngine.Debug:Log (object)
Meta.XR.Simulator.Utils:ReportInfo (string,string) (at ./Library/PackageCache/com.meta.xr.simulator@74.0.0/Editor/Utils.cs:165)
Meta.XR.Simulator.Editor.SyntheticEnvironments.Installer:ParseSynthEnvScript (string) (at ./Library/PackageCache/com.meta.xr.simulator@74.0.0/Editor/SyntheticEnvironments/Installer.cs:98)
Meta.XR.Simulator.Editor.SyntheticEnvironments.Installer:BuildSyntheticEnvironments () (at ./Library/PackageCache/com.meta.xr.simulator@74.0.0/Editor/SyntheticEnvironments/Installer.cs:76)
Meta.XR.Simulator.Editor.SyntheticEnvironments.Registry:RegisterSyntheticEnvironments () (at ./Library/PackageCache/com.meta.xr.simulator@74.0.0/Editor/SyntheticEnvironments/Registry.cs:97)
Meta.XR.Simulator.Editor.SyntheticEnvironments.Registry:.cctor () (at ./Library/PackageCache/com.meta.xr.simulator@74.0.0/Editor/SyntheticEnvironments/Registry.cs:87)
System.Runtime.CompilerServices.RuntimeHelpers:RunClassConstructor (System.RuntimeTypeHandle)
UnityEditor.EditorAssemblies:ProcessInitializeOnLoadAttributes (System.Type[])

(Filename: ./Library/PackageCache/com.meta.xr.simulator@74.0.0/Editor/Utils.cs Line: 165)

[Synthetic Environments] got match start synth_env_server.exe LivingRoom
UnityEngine.StackTraceUtility:ExtractStackTrace ()
UnityEngine.DebugLogHandler:LogFormat (UnityEngine.LogType,UnityEngine.Object,string,object[])
UnityEngine.Logger:Log (UnityEngine.LogType,object)
UnityEngine.Debug:Log (object)
Meta.XR.Simulator.Utils:ReportInfo (string,string) (at ./Library/PackageCache/com.meta.xr.simulator@74.0.0/Editor/Utils.cs:165)
Meta.XR.Simulator.Editor.SyntheticEnvironments.Installer:ParseSynthEnvScript (string) (at ./Library/PackageCache/com.meta.xr.simulator@74.0.0/Editor/SyntheticEnvironments/Installer.cs:98)
Meta.XR.Simulator.Editor.SyntheticEnvironments.Installer:BuildSyntheticEnvironments () (at ./Library/PackageCache/com.meta.xr.simulator@74.0.0/Editor/SyntheticEnvironments/Installer.cs:76)
Meta.XR.Simulator.Editor.SyntheticEnvironments.Registry:RegisterSyntheticEnvironments () (at ./Library/PackageCache/com.meta.xr.simulator@74.0.0/Editor/SyntheticEnvironments/Registry.cs:97)
Meta.XR.Simulator.Editor.SyntheticEnvironments.Registry:.cctor () (at ./Library/PackageCache/com.meta.xr.simulator@74.0.0/Editor/SyntheticEnvironments/Registry.cs:87)
System.Runtime.CompilerServices.RuntimeHelpers:RunClassConstructor (System.RuntimeTypeHandle)
UnityEditor.EditorAssemblies:ProcessInitializeOnLoadAttributes (System.Type[])

(Filename: ./Library/PackageCache/com.meta.xr.simulator@74.0.0/Editor/Utils.cs Line: 165)

[Synthetic Environments] got match start synth_env_server_extra_rooms.exe XRoom2_3
UnityEngine.StackTraceUtility:ExtractStackTrace ()
UnityEngine.DebugLogHandler:LogFormat (UnityEngine.LogType,UnityEngine.Object,string,object[])
UnityEngine.Logger:Log (UnityEngine.LogType,object)
UnityEngine.Debug:Log (object)
Meta.XR.Simulator.Utils:ReportInfo (string,string) (at ./Library/PackageCache/com.meta.xr.simulator@74.0.0/Editor/Utils.cs:165)
Meta.XR.Simulator.Editor.SyntheticEnvironments.Installer:ParseSynthEnvScript (string) (at ./Library/PackageCache/com.meta.xr.simulator@74.0.0/Editor/SyntheticEnvironments/Installer.cs:98)
Meta.XR.Simulator.Editor.SyntheticEnvironments.Installer:BuildSyntheticEnvironments () (at ./Library/PackageCache/com.meta.xr.simulator@74.0.0/Editor/SyntheticEnvironments/Installer.cs:76)
Meta.XR.Simulator.Editor.SyntheticEnvironments.Registry:RegisterSyntheticEnvironments () (at ./Library/PackageCache/com.meta.xr.simulator@74.0.0/Editor/SyntheticEnvironments/Registry.cs:97)
Meta.XR.Simulator.Editor.SyntheticEnvironments.Registry:.cctor () (at ./Library/PackageCache/com.meta.xr.simulator@74.0.0/Editor/SyntheticEnvironments/Registry.cs:87)
System.Runtime.CompilerServices.RuntimeHelpers:RunClassConstructor (System.RuntimeTypeHandle)
UnityEditor.EditorAssemblies:ProcessInitializeOnLoadAttributes (System.Type[])

(Filename: ./Library/PackageCache/com.meta.xr.simulator@74.0.0/Editor/Utils.cs Line: 165)

[Synthetic Environments] got match start synth_env_server_extra_rooms.exe XRoom2_4
UnityEngine.StackTraceUtility:ExtractStackTrace ()
UnityEngine.DebugLogHandler:LogFormat (UnityEngine.LogType,UnityEngine.Object,string,object[])
UnityEngine.Logger:Log (UnityEngine.LogType,object)
UnityEngine.Debug:Log (object)
Meta.XR.Simulator.Utils:ReportInfo (string,string) (at ./Library/PackageCache/com.meta.xr.simulator@74.0.0/Editor/Utils.cs:165)
Meta.XR.Simulator.Editor.SyntheticEnvironments.Installer:ParseSynthEnvScript (string) (at ./Library/PackageCache/com.meta.xr.simulator@74.0.0/Editor/SyntheticEnvironments/Installer.cs:98)
Meta.XR.Simulator.Editor.SyntheticEnvironments.Installer:BuildSyntheticEnvironments () (at ./Library/PackageCache/com.meta.xr.simulator@74.0.0/Editor/SyntheticEnvironments/Installer.cs:76)
Meta.XR.Simulator.Editor.SyntheticEnvironments.Registry:RegisterSyntheticEnvironments () (at ./Library/PackageCache/com.meta.xr.simulator@74.0.0/Editor/SyntheticEnvironments/Registry.cs:97)
Meta.XR.Simulator.Editor.SyntheticEnvironments.Registry:.cctor () (at ./Library/PackageCache/com.meta.xr.simulator@74.0.0/Editor/SyntheticEnvironments/Registry.cs:87)
System.Runtime.CompilerServices.RuntimeHelpers:RunClassConstructor (System.RuntimeTypeHandle)
UnityEditor.EditorAssemblies:ProcessInitializeOnLoadAttributes (System.Type[])

(Filename: ./Library/PackageCache/com.meta.xr.simulator@74.0.0/Editor/Utils.cs Line: 165)

[Synthetic Environments] got match start synth_env_server_extra_rooms.exe XRoom5_6
UnityEngine.StackTraceUtility:ExtractStackTrace ()
UnityEngine.DebugLogHandler:LogFormat (UnityEngine.LogType,UnityEngine.Object,string,object[])
UnityEngine.Logger:Log (UnityEngine.LogType,object)
UnityEngine.Debug:Log (object)
Meta.XR.Simulator.Utils:ReportInfo (string,string) (at ./Library/PackageCache/com.meta.xr.simulator@74.0.0/Editor/Utils.cs:165)
Meta.XR.Simulator.Editor.SyntheticEnvironments.Installer:ParseSynthEnvScript (string) (at ./Library/PackageCache/com.meta.xr.simulator@74.0.0/Editor/SyntheticEnvironments/Installer.cs:98)
Meta.XR.Simulator.Editor.SyntheticEnvironments.Installer:BuildSyntheticEnvironments () (at ./Library/PackageCache/com.meta.xr.simulator@74.0.0/Editor/SyntheticEnvironments/Installer.cs:76)
Meta.XR.Simulator.Editor.SyntheticEnvironments.Registry:RegisterSyntheticEnvironments () (at ./Library/PackageCache/com.meta.xr.simulator@74.0.0/Editor/SyntheticEnvironments/Registry.cs:97)
Meta.XR.Simulator.Editor.SyntheticEnvironments.Registry:.cctor () (at ./Library/PackageCache/com.meta.xr.simulator@74.0.0/Editor/SyntheticEnvironments/Registry.cs:87)
System.Runtime.CompilerServices.RuntimeHelpers:RunClassConstructor (System.RuntimeTypeHandle)
UnityEditor.EditorAssemblies:ProcessInitializeOnLoadAttributes (System.Type[])

(Filename: ./Library/PackageCache/com.meta.xr.simulator@74.0.0/Editor/Utils.cs Line: 165)

[Synthetic Environments] got match start synth_env_server_extra_rooms.exe XRoom5_1
UnityEngine.StackTraceUtility:ExtractStackTrace ()
UnityEngine.DebugLogHandler:LogFormat (UnityEngine.LogType,UnityEngine.Object,string,object[])
UnityEngine.Logger:Log (UnityEngine.LogType,object)
UnityEngine.Debug:Log (object)
Meta.XR.Simulator.Utils:ReportInfo (string,string) (at ./Library/PackageCache/com.meta.xr.simulator@74.0.0/Editor/Utils.cs:165)
Meta.XR.Simulator.Editor.SyntheticEnvironments.Installer:ParseSynthEnvScript (string) (at ./Library/PackageCache/com.meta.xr.simulator@74.0.0/Editor/SyntheticEnvironments/Installer.cs:98)
Meta.XR.Simulator.Editor.SyntheticEnvironments.Installer:BuildSyntheticEnvironments () (at ./Library/PackageCache/com.meta.xr.simulator@74.0.0/Editor/SyntheticEnvironments/Installer.cs:76)
Meta.XR.Simulator.Editor.SyntheticEnvironments.Registry:RegisterSyntheticEnvironments () (at ./Library/PackageCache/com.meta.xr.simulator@74.0.0/Editor/SyntheticEnvironments/Registry.cs:97)
Meta.XR.Simulator.Editor.SyntheticEnvironments.Registry:.cctor () (at ./Library/PackageCache/com.meta.xr.simulator@74.0.0/Editor/SyntheticEnvironments/Registry.cs:87)
System.Runtime.CompilerServices.RuntimeHelpers:RunClassConstructor (System.RuntimeTypeHandle)
UnityEditor.EditorAssemblies:ProcessInitializeOnLoadAttributes (System.Type[])

(Filename: ./Library/PackageCache/com.meta.xr.simulator@74.0.0/Editor/Utils.cs Line: 165)

[Synthetic Environments] got match start synth_env_server_extra_rooms.exe XRoom3_1
UnityEngine.StackTraceUtility:ExtractStackTrace ()
UnityEngine.DebugLogHandler:LogFormat (UnityEngine.LogType,UnityEngine.Object,string,object[])
UnityEngine.Logger:Log (UnityEngine.LogType,object)
UnityEngine.Debug:Log (object)
Meta.XR.Simulator.Utils:ReportInfo (string,string) (at ./Library/PackageCache/com.meta.xr.simulator@74.0.0/Editor/Utils.cs:165)
Meta.XR.Simulator.Editor.SyntheticEnvironments.Installer:ParseSynthEnvScript (string) (at ./Library/PackageCache/com.meta.xr.simulator@74.0.0/Editor/SyntheticEnvironments/Installer.cs:98)
Meta.XR.Simulator.Editor.SyntheticEnvironments.Installer:BuildSyntheticEnvironments () (at ./Library/PackageCache/com.meta.xr.simulator@74.0.0/Editor/SyntheticEnvironments/Installer.cs:76)
Meta.XR.Simulator.Editor.SyntheticEnvironments.Registry:RegisterSyntheticEnvironments () (at ./Library/PackageCache/com.meta.xr.simulator@74.0.0/Editor/SyntheticEnvironments/Registry.cs:97)
Meta.XR.Simulator.Editor.SyntheticEnvironments.Registry:.cctor () (at ./Library/PackageCache/com.meta.xr.simulator@74.0.0/Editor/SyntheticEnvironments/Registry.cs:87)
System.Runtime.CompilerServices.RuntimeHelpers:RunClassConstructor (System.RuntimeTypeHandle)
UnityEditor.EditorAssemblies:ProcessInitializeOnLoadAttributes (System.Type[])

(Filename: ./Library/PackageCache/com.meta.xr.simulator@74.0.0/Editor/Utils.cs Line: 165)

[Synthetic Environments] got match start synth_env_server_extra_rooms.exe XRoom1_2
UnityEngine.StackTraceUtility:ExtractStackTrace ()
UnityEngine.DebugLogHandler:LogFormat (UnityEngine.LogType,UnityEngine.Object,string,object[])
UnityEngine.Logger:Log (UnityEngine.LogType,object)
UnityEngine.Debug:Log (object)
Meta.XR.Simulator.Utils:ReportInfo (string,string) (at ./Library/PackageCache/com.meta.xr.simulator@74.0.0/Editor/Utils.cs:165)
Meta.XR.Simulator.Editor.SyntheticEnvironments.Installer:ParseSynthEnvScript (string) (at ./Library/PackageCache/com.meta.xr.simulator@74.0.0/Editor/SyntheticEnvironments/Installer.cs:98)
Meta.XR.Simulator.Editor.SyntheticEnvironments.Installer:BuildSyntheticEnvironments () (at ./Library/PackageCache/com.meta.xr.simulator@74.0.0/Editor/SyntheticEnvironments/Installer.cs:76)
Meta.XR.Simulator.Editor.SyntheticEnvironments.Registry:RegisterSyntheticEnvironments () (at ./Library/PackageCache/com.meta.xr.simulator@74.0.0/Editor/SyntheticEnvironments/Registry.cs:97)
Meta.XR.Simulator.Editor.SyntheticEnvironments.Registry:.cctor () (at ./Library/PackageCache/com.meta.xr.simulator@74.0.0/Editor/SyntheticEnvironments/Registry.cs:87)
System.Runtime.CompilerServices.RuntimeHelpers:RunClassConstructor (System.RuntimeTypeHandle)
UnityEditor.EditorAssemblies:ProcessInitializeOnLoadAttributes (System.Type[])

(Filename: ./Library/PackageCache/com.meta.xr.simulator@74.0.0/Editor/Utils.cs Line: 165)

[Synthetic Environments] got match start synth_env_server_extra_rooms.exe XRoom1_1
UnityEngine.StackTraceUtility:ExtractStackTrace ()
UnityEngine.DebugLogHandler:LogFormat (UnityEngine.LogType,UnityEngine.Object,string,object[])
UnityEngine.Logger:Log (UnityEngine.LogType,object)
UnityEngine.Debug:Log (object)
Meta.XR.Simulator.Utils:ReportInfo (string,string) (at ./Library/PackageCache/com.meta.xr.simulator@74.0.0/Editor/Utils.cs:165)
Meta.XR.Simulator.Editor.SyntheticEnvironments.Installer:ParseSynthEnvScript (string) (at ./Library/PackageCache/com.meta.xr.simulator@74.0.0/Editor/SyntheticEnvironments/Installer.cs:98)
Meta.XR.Simulator.Editor.SyntheticEnvironments.Installer:BuildSyntheticEnvironments () (at ./Library/PackageCache/com.meta.xr.simulator@74.0.0/Editor/SyntheticEnvironments/Installer.cs:76)
Meta.XR.Simulator.Editor.SyntheticEnvironments.Registry:RegisterSyntheticEnvironments () (at ./Library/PackageCache/com.meta.xr.simulator@74.0.0/Editor/SyntheticEnvironments/Registry.cs:97)
Meta.XR.Simulator.Editor.SyntheticEnvironments.Registry:.cctor () (at ./Library/PackageCache/com.meta.xr.simulator@74.0.0/Editor/SyntheticEnvironments/Registry.cs:87)
System.Runtime.CompilerServices.RuntimeHelpers:RunClassConstructor (System.RuntimeTypeHandle)
UnityEditor.EditorAssemblies:ProcessInitializeOnLoadAttributes (System.Type[])

(Filename: ./Library/PackageCache/com.meta.xr.simulator@74.0.0/Editor/Utils.cs Line: 165)

[Synthetic Environments] got match start synth_env_server_extra_rooms.exe XRoom1_4
UnityEngine.StackTraceUtility:ExtractStackTrace ()
UnityEngine.DebugLogHandler:LogFormat (UnityEngine.LogType,UnityEngine.Object,string,object[])
UnityEngine.Logger:Log (UnityEngine.LogType,object)
UnityEngine.Debug:Log (object)
Meta.XR.Simulator.Utils:ReportInfo (string,string) (at ./Library/PackageCache/com.meta.xr.simulator@74.0.0/Editor/Utils.cs:165)
Meta.XR.Simulator.Editor.SyntheticEnvironments.Installer:ParseSynthEnvScript (string) (at ./Library/PackageCache/com.meta.xr.simulator@74.0.0/Editor/SyntheticEnvironments/Installer.cs:98)
Meta.XR.Simulator.Editor.SyntheticEnvironments.Installer:BuildSyntheticEnvironments () (at ./Library/PackageCache/com.meta.xr.simulator@74.0.0/Editor/SyntheticEnvironments/Installer.cs:76)
Meta.XR.Simulator.Editor.SyntheticEnvironments.Registry:RegisterSyntheticEnvironments () (at ./Library/PackageCache/com.meta.xr.simulator@74.0.0/Editor/SyntheticEnvironments/Registry.cs:97)
Meta.XR.Simulator.Editor.SyntheticEnvironments.Registry:.cctor () (at ./Library/PackageCache/com.meta.xr.simulator@74.0.0/Editor/SyntheticEnvironments/Registry.cs:87)
System.Runtime.CompilerServices.RuntimeHelpers:RunClassConstructor (System.RuntimeTypeHandle)
UnityEditor.EditorAssemblies:ProcessInitializeOnLoadAttributes (System.Type[])

(Filename: ./Library/PackageCache/com.meta.xr.simulator@74.0.0/Editor/Utils.cs Line: 165)

[Package Manager] Server::EnsureServerProcessIsRunning -- launch failed, reason: Unity was launched with the -noUpm command-line argument
[Package Manager] UpmClient::Send -- Unable to send message (not connected to UPM process).
[Package Manager] Cannot connect to Unity Package Manager local server
Mono: successfully reloaded assembly
[Package Manager] Server::EnsureServerProcessIsRunning -- launch failed, reason: Unity was launched with the -noUpm command-line argument
[Package Manager] UpmClient::Send -- Unable to send message (not connected to UPM process).
[Package Manager] Cannot connect to Unity Package Manager local server
- Finished resetting the current domain, in  1.332 seconds
Domain Reload Profiling: 1812ms
	BeginReloadAssembly (138ms)
		ExecutionOrderSort (0ms)
		DisableScriptedObjects (3ms)
		BackupInstance (0ms)
		ReleaseScriptingObjects (0ms)
		CreateAndSetChildDomain (36ms)
	RebuildCommonClasses (27ms)
	RebuildNativeTypeToScriptingClass (11ms)
	initialDomainReloadingComplete (24ms)
	LoadAllAssembliesAndSetupDomain (280ms)
		LoadAssemblies (323ms)
		RebuildTransferFunctionScriptingTraits (0ms)
		AnalyzeDomain (25ms)
			TypeCache.Refresh (7ms)
				TypeCache.ScanAssembly (0ms)
			ScanForSourceGeneratedMonoScriptInfo (0ms)
			ResolveRequiredComponents (16ms)
	FinalizeReload (1332ms)
		ReleaseScriptCaches (0ms)
		RebuildScriptCaches (0ms)
		SetupLoadedEditorAssemblies (676ms)
			LogAssemblyErrors (0ms)
			InitializePlatformSupportModulesInManaged (17ms)
			SetLoadedEditorAssemblies (5ms)
			RefreshPlugins (0ms)
			BeforeProcessingInitializeOnLoad (99ms)
			ProcessInitializeOnLoadAttributes (497ms)
			ProcessInitializeOnLoadMethodAttributes (52ms)
			AfterProcessingInitializeOnLoad (6ms)
			EditorAssembliesLoaded (0ms)
		ExecutionOrderSort2 (0ms)
		AwakeInstancesAfterBackupRestoration (5ms)
Shader 'Meta/MRUK/Scene/HighlightsAndShadows': fallback shader 'Off' not found
Shader 'Oculus/OVRMRCameraFrameLit': fallback shader 'Alpha-Diffuse' not found
Refreshing native plugins compatible for Editor in 17.68 ms, found 17 plugins.
Preloading 2 native plugins for Editor in 0.08 ms.
Unloading 6995 Unused Serialized files (Serialized files now loaded: 0)
Unloading 112 unused Assets / (475.5 KB). Loaded Objects now: 7639.
Memory consumption went from 231.3 MB to 230.8 MB.
Total: 6.148100 ms (FindLiveObjects: 0.376000 ms CreateObjectMapping: 0.233000 ms MarkObjects: 5.272900 ms  DeleteObjects: 0.264700 ms)

Prepare: number of updated asset objects reloaded= 0
AssetImportParameters requested are different than current active one (requested -> active):
  custom:container-demuxer-ogg: 62fdf1f143b41e24485cea50d1cbac27 -> 
  custom:framework-win-MediaFoundation: 216162199b28c13a410421893ffa2e32 -> 
  custom:container-muxer-webm: aa71ff27fc2769a1b78a27578f13a17b -> 
  custom:video-decoder-webm-vp8: 9c59270c3fd7afecdb556c50c9e8de78 -> 
  custom:SearchIndexIgnoredProperties: e643bd26f0fe6173181afceb89e7c659 -> 
  custom:AudioImporter_EditorPlatform: d09bf68614088b80899f8185d706f6e7 -> 
  custom:audio-decoder-ogg-vorbis: bf7c407c2cedff20999df2af8eb42d56 -> 
  custom:audio-encoder-webm-vorbis: bf7c407c2cedff20999df2af8eb42d56 -> 
  custom:video-codec-MediaFoundation-h265: 746d11721c4dcdbdad8f713fa42b33f4 -> 
  custom:video-decoder-ogg-theora: a1e56fd34408186e4bbccfd4996cb3dc -> 
  custom:CustomObjectIndexerAttribute: 9a22284fe3817be447336de3de66b15e -> 
  custom:container-demuxer-webm: 4f35f7cbe854078d1ac9338744f61a02 -> 
  custom:video-encoder-webm-vp8: eb34c28f22e8b96e1ab97ce403110664 -> 
