Using pre-set license
Built from '2022.3/staging' branch; Version is '2022.3.51f1 (9f9d16c45e54) revision 10460438'; Using compiler version '192829333'; Build Type 'Release'
OS: 'Windows 11  (10.0.22631) 64bit Core' Language: 'en' Physical Memory: 32435 MB
BatchMode: 1, IsHumanControllingUs: 0, StartBugReporterOnCrash: 0, Is64bit: 1, IsPro: 1

COMMAND LINE ARGUMENTS:
C:\Program Files\Unity\Hub\Editor\2022.3.51f1\Editor\Unity.exe
-adb2
-batchMode
-noUpm
-name
AssetImportWorker7
-projectPath
C:/Users/João/Documents/GitHub/PaintWithHead-XR/My project
-logFile
Logs/AssetImportWorker7.log
-srvPort
50421
Successfully changed project path to: C:/Users/João/Documents/GitHub/PaintWithHead-XR/My project
C:/Users/João/Documents/GitHub/PaintWithHead-XR/My project
[UnityMemory] Configuration Parameters - Can be set up in boot.config
    "memorysetup-bucket-allocator-granularity=16"
    "memorysetup-bucket-allocator-bucket-count=8"
    "memorysetup-bucket-allocator-block-size=33554432"
    "memorysetup-bucket-allocator-block-count=8"
    "memorysetup-main-allocator-block-size=16777216"
    "memorysetup-thread-allocator-block-size=16777216"
    "memorysetup-gfx-main-allocator-block-size=16777216"
    "memorysetup-gfx-thread-allocator-block-size=16777216"
    "memorysetup-cache-allocator-block-size=4194304"
    "memorysetup-typetree-allocator-block-size=2097152"
    "memorysetup-profiler-bucket-allocator-granularity=16"
    "memorysetup-profiler-bucket-allocator-bucket-count=8"
    "memorysetup-profiler-bucket-allocator-block-size=33554432"
    "memorysetup-profiler-bucket-allocator-block-count=8"
    "memorysetup-profiler-allocator-block-size=16777216"
    "memorysetup-profiler-editor-allocator-block-size=1048576"
    "memorysetup-temp-allocator-size-main=16777216"
    "memorysetup-job-temp-allocator-block-size=2097152"
    "memorysetup-job-temp-allocator-block-size-background=1048576"
    "memorysetup-job-temp-allocator-reduction-small-platforms=262144"
    "memorysetup-allocator-temp-initial-block-size-main=262144"
    "memorysetup-allocator-temp-initial-block-size-worker=262144"
    "memorysetup-temp-allocator-size-background-worker=32768"
    "memorysetup-temp-allocator-size-job-worker=262144"
    "memorysetup-temp-allocator-size-preload-manager=33554432"
    "memorysetup-temp-allocator-size-nav-mesh-worker=65536"
    "memorysetup-temp-allocator-size-audio-worker=65536"
    "memorysetup-temp-allocator-size-cloud-worker=32768"
    "memorysetup-temp-allocator-size-gi-baking-worker=262144"
    "memorysetup-temp-allocator-size-gfx=262144"
Player connection [34452]  Target information:

Player connection [34452]  * "[IP] 192.168.1.111 [Port] 0 [Flags] 2 [Guid] 2673834677 [EditorId] 2673834677 [Version] 1048832 [Id] WindowsEditor(7,LAPTOP-K48A8M94) [Debug] 1 [PackageName] WindowsEditor [ProjectName] Editor" 

Player connection [34452] Host joined multi-casting on [225.0.0.222:54997]...
Player connection [34452] Host joined alternative multi-casting on [225.0.0.222:34997]...
[PhysX] Initialized MultithreadedTaskDispatcher with 24 workers.
Refreshing native plugins compatible for Editor in 21.97 ms, found 17 plugins.
Unity memory allocator detected: MetaXRAudio native memory allocations will be tracked.
Preloading 2 native plugins for Editor in 1.74 ms.
Initialize engine version: 2022.3.51f1 (9f9d16c45e54)
[Subsystems] Discovering subsystems at path C:/Program Files/Unity/Hub/Editor/2022.3.51f1/Editor/Data/Resources/UnitySubsystems
[Subsystems] Discovering subsystems at path C:/Users/João/Documents/GitHub/PaintWithHead-XR/My project/Assets
GfxDevice: creating device client; threaded=0; jobified=0
Direct3D:
    Version:  Direct3D 11.0 [level 11.1]
    Renderer: NVIDIA GeForce RTX 3080 Ti Laptop GPU (ID=0x2460)
    Vendor:   NVIDIA
    VRAM:     16175 MB
    Driver:   32.0.15.6636
Shader 'Meta/MRUK/Scene/HighlightsAndShadows': fallback shader 'Off' not found
Shader 'Oculus/OVRMRCameraFrameLit': fallback shader 'Alpha-Diffuse' not found
Initialize mono
Mono path[0] = 'C:/Program Files/Unity/Hub/Editor/2022.3.51f1/Editor/Data/Managed'
Mono path[1] = 'C:/Program Files/Unity/Hub/Editor/2022.3.51f1/Editor/Data/MonoBleedingEdge/lib/mono/unityjit-win32'
Mono config path = 'C:/Program Files/Unity/Hub/Editor/2022.3.51f1/Editor/Data/MonoBleedingEdge/etc'
Using monoOptions --debugger-agent=transport=dt_socket,embedding=1,server=y,suspend=n,address=127.0.0.1:56456
Begin MonoManager ReloadAssembly
Registering precompiled unity dll's ...
Register platform support module: C:/Program Files/Unity/Hub/Editor/2022.3.51f1/Editor/Data/PlaybackEngines/AndroidPlayer/UnityEditor.Android.Extensions.dll
Register platform support module: C:/Program Files/Unity/Hub/Editor/2022.3.51f1/Editor/Data/PlaybackEngines/WindowsStandaloneSupport/UnityEditor.WindowsStandalone.Extensions.dll
Register platform support module: C:/Program Files/Unity/Hub/Editor/2022.3.51f1/Editor/Data/PlaybackEngines/MetroSupport/UnityEditor.UWP.Extensions.dll
Registered in 0.008231 seconds.
- Loaded All Assemblies, in  0.262 seconds
Native extension for UWP target not found
Native extension for WindowsStandalone target not found
Native extension for Android target not found
Android Extension - Scanning For ADB Devices 218 ms
Mono: successfully reloaded assembly
- Finished resetting the current domain, in  0.455 seconds
Domain Reload Profiling: 715ms
	BeginReloadAssembly (79ms)
		ExecutionOrderSort (0ms)
		DisableScriptedObjects (0ms)
		BackupInstance (0ms)
		ReleaseScriptingObjects (0ms)
		CreateAndSetChildDomain (1ms)
	RebuildCommonClasses (25ms)
	RebuildNativeTypeToScriptingClass (7ms)
	initialDomainReloadingComplete (47ms)
	LoadAllAssembliesAndSetupDomain (102ms)
		LoadAssemblies (78ms)
		RebuildTransferFunctionScriptingTraits (0ms)
		AnalyzeDomain (100ms)
			TypeCache.Refresh (99ms)
				TypeCache.ScanAssembly (89ms)
			ScanForSourceGeneratedMonoScriptInfo (0ms)
			ResolveRequiredComponents (0ms)
	FinalizeReload (455ms)
		ReleaseScriptCaches (0ms)
		RebuildScriptCaches (0ms)
		SetupLoadedEditorAssemblies (421ms)
			LogAssemblyErrors (0ms)
			InitializePlatformSupportModulesInManaged (295ms)
			SetLoadedEditorAssemblies (3ms)
			RefreshPlugins (0ms)
			BeforeProcessingInitializeOnLoad (2ms)
			ProcessInitializeOnLoadAttributes (90ms)
			ProcessInitializeOnLoadMethodAttributes (32ms)
			AfterProcessingInitializeOnLoad (0ms)
			EditorAssembliesLoaded (0ms)
		ExecutionOrderSort2 (0ms)
		AwakeInstancesAfterBackupRestoration (0ms)
========================================================================
Worker process is ready to serve import requests
Caller must complete domain reload
Begin MonoManager ReloadAssembly
- Loaded All Assemblies, in  0.645 seconds
Native extension for UWP target not found
Native extension for WindowsStandalone target not found
Native extension for Android target not found
Package Manager log level set to [2]
[Package Manager] Server::EnsureServerProcessIsRunning -- launch failed, reason: Unity was launched with the -noUpm command-line argument
[Package Manager] UpmClient::Send -- Unable to send message (not connected to UPM process).
[Package Manager] Cannot connect to Unity Package Manager local server
[Package Manager] Server::EnsureServerProcessIsRunning -- launch failed, reason: Unity was launched with the -noUpm command-line argument
[Package Manager] UpmClient::Send -- Unable to send message (not connected to UPM process).
[Package Manager] Cannot connect to Unity Package Manager local server
[Synthetic Environments] got match start synth_env_server.exe Bedroom
UnityEngine.StackTraceUtility:ExtractStackTrace ()
UnityEngine.DebugLogHandler:LogFormat (UnityEngine.LogType,UnityEngine.Object,string,object[])
UnityEngine.Logger:Log (UnityEngine.LogType,object)
UnityEngine.Debug:Log (object)
Meta.XR.Simulator.Utils:ReportInfo (string,string) (at ./Library/PackageCache/com.meta.xr.simulator@74.0.0/Editor/Utils.cs:165)
Meta.XR.Simulator.Editor.SyntheticEnvironments.Installer:ParseSynthEnvScript (string) (at ./Library/PackageCache/com.meta.xr.simulator@74.0.0/Editor/SyntheticEnvironments/Installer.cs:98)
Meta.XR.Simulator.Editor.SyntheticEnvironments.Installer:BuildSyntheticEnvironments () (at ./Library/PackageCache/com.meta.xr.simulator@74.0.0/Editor/SyntheticEnvironments/Installer.cs:76)
Meta.XR.Simulator.Editor.SyntheticEnvironments.Registry:RegisterSyntheticEnvironments () (at ./Library/PackageCache/com.meta.xr.simulator@74.0.0/Editor/SyntheticEnvironments/Registry.cs:97)
Meta.XR.Simulator.Editor.SyntheticEnvironments.Registry:.cctor () (at ./Library/PackageCache/com.meta.xr.simulator@74.0.0/Editor/SyntheticEnvironments/Registry.cs:87)
System.Runtime.CompilerServices.RuntimeHelpers:RunClassConstructor (System.RuntimeTypeHandle)
UnityEditor.EditorAssemblies:ProcessInitializeOnLoadAttributes (System.Type[])

(Filename: ./Library/PackageCache/com.meta.xr.simulator@74.0.0/Editor/Utils.cs Line: 165)

[Synthetic Environments] got match start synth_env_server.exe GameRoom
UnityEngine.StackTraceUtility:ExtractStackTrace ()
UnityEngine.DebugLogHandler:LogFormat (UnityEngine.LogType,UnityEngine.Object,string,object[])
UnityEngine.Logger:Log (UnityEngine.LogType,object)
UnityEngine.Debug:Log (object)
Meta.XR.Simulator.Utils:ReportInfo (string,string) (at ./Library/PackageCache/com.meta.xr.simulator@74.0.0/Editor/Utils.cs:165)
Meta.XR.Simulator.Editor.SyntheticEnvironments.Installer:ParseSynthEnvScript (string) (at ./Library/PackageCache/com.meta.xr.simulator@74.0.0/Editor/SyntheticEnvironments/Installer.cs:98)
Meta.XR.Simulator.Editor.SyntheticEnvironments.Installer:BuildSyntheticEnvironments () (at ./Library/PackageCache/com.meta.xr.simulator@74.0.0/Editor/SyntheticEnvironments/Installer.cs:76)
Meta.XR.Simulator.Editor.SyntheticEnvironments.Registry:RegisterSyntheticEnvironments () (at ./Library/PackageCache/com.meta.xr.simulator@74.0.0/Editor/SyntheticEnvironments/Registry.cs:97)
Meta.XR.Simulator.Editor.SyntheticEnvironments.Registry:.cctor () (at ./Library/PackageCache/com.meta.xr.simulator@74.0.0/Editor/SyntheticEnvironments/Registry.cs:87)
System.Runtime.CompilerServices.RuntimeHelpers:RunClassConstructor (System.RuntimeTypeHandle)
UnityEditor.EditorAssemblies:ProcessInitializeOnLoadAttributes (System.Type[])

(Filename: ./Library/PackageCache/com.meta.xr.simulator@74.0.0/Editor/Utils.cs Line: 165)

[Synthetic Environments] got match start synth_env_server.exe LivingRoom
UnityEngine.StackTraceUtility:ExtractStackTrace ()
UnityEngine.DebugLogHandler:LogFormat (UnityEngine.LogType,UnityEngine.Object,string,object[])
UnityEngine.Logger:Log (UnityEngine.LogType,object)
UnityEngine.Debug:Log (object)
Meta.XR.Simulator.Utils:ReportInfo (string,string) (at ./Library/PackageCache/com.meta.xr.simulator@74.0.0/Editor/Utils.cs:165)
Meta.XR.Simulator.Editor.SyntheticEnvironments.Installer:ParseSynthEnvScript (string) (at ./Library/PackageCache/com.meta.xr.simulator@74.0.0/Editor/SyntheticEnvironments/Installer.cs:98)
Meta.XR.Simulator.Editor.SyntheticEnvironments.Installer:BuildSyntheticEnvironments () (at ./Library/PackageCache/com.meta.xr.simulator@74.0.0/Editor/SyntheticEnvironments/Installer.cs:76)
Meta.XR.Simulator.Editor.SyntheticEnvironments.Registry:RegisterSyntheticEnvironments () (at ./Library/PackageCache/com.meta.xr.simulator@74.0.0/Editor/SyntheticEnvironments/Registry.cs:97)
Meta.XR.Simulator.Editor.SyntheticEnvironments.Registry:.cctor () (at ./Library/PackageCache/com.meta.xr.simulator@74.0.0/Editor/SyntheticEnvironments/Registry.cs:87)
System.Runtime.CompilerServices.RuntimeHelpers:RunClassConstructor (System.RuntimeTypeHandle)
UnityEditor.EditorAssemblies:ProcessInitializeOnLoadAttributes (System.Type[])

(Filename: ./Library/PackageCache/com.meta.xr.simulator@74.0.0/Editor/Utils.cs Line: 165)

[Synthetic Environments] got match start synth_env_server_extra_rooms.exe XRoom2_3
UnityEngine.StackTraceUtility:ExtractStackTrace ()
UnityEngine.DebugLogHandler:LogFormat (UnityEngine.LogType,UnityEngine.Object,string,object[])
UnityEngine.Logger:Log (UnityEngine.LogType,object)
UnityEngine.Debug:Log (object)
Meta.XR.Simulator.Utils:ReportInfo (string,string) (at ./Library/PackageCache/com.meta.xr.simulator@74.0.0/Editor/Utils.cs:165)
Meta.XR.Simulator.Editor.SyntheticEnvironments.Installer:ParseSynthEnvScript (string) (at ./Library/PackageCache/com.meta.xr.simulator@74.0.0/Editor/SyntheticEnvironments/Installer.cs:98)
Meta.XR.Simulator.Editor.SyntheticEnvironments.Installer:BuildSyntheticEnvironments () (at ./Library/PackageCache/com.meta.xr.simulator@74.0.0/Editor/SyntheticEnvironments/Installer.cs:76)
Meta.XR.Simulator.Editor.SyntheticEnvironments.Registry:RegisterSyntheticEnvironments () (at ./Library/PackageCache/com.meta.xr.simulator@74.0.0/Editor/SyntheticEnvironments/Registry.cs:97)
Meta.XR.Simulator.Editor.SyntheticEnvironments.Registry:.cctor () (at ./Library/PackageCache/com.meta.xr.simulator@74.0.0/Editor/SyntheticEnvironments/Registry.cs:87)
System.Runtime.CompilerServices.RuntimeHelpers:RunClassConstructor (System.RuntimeTypeHandle)
UnityEditor.EditorAssemblies:ProcessInitializeOnLoadAttributes (System.Type[])

(Filename: ./Library/PackageCache/com.meta.xr.simulator@74.0.0/Editor/Utils.cs Line: 165)

[Synthetic Environments] got match start synth_env_server_extra_rooms.exe XRoom2_4
UnityEngine.StackTraceUtility:ExtractStackTrace ()
UnityEngine.DebugLogHandler:LogFormat (UnityEngine.LogType,UnityEngine.Object,string,object[])
UnityEngine.Logger:Log (UnityEngine.LogType,object)
UnityEngine.Debug:Log (object)
Meta.XR.Simulator.Utils:ReportInfo (string,string) (at ./Library/PackageCache/com.meta.xr.simulator@74.0.0/Editor/Utils.cs:165)
Meta.XR.Simulator.Editor.SyntheticEnvironments.Installer:ParseSynthEnvScript (string) (at ./Library/PackageCache/com.meta.xr.simulator@74.0.0/Editor/SyntheticEnvironments/Installer.cs:98)
Meta.XR.Simulator.Editor.SyntheticEnvironments.Installer:BuildSyntheticEnvironments () (at ./Library/PackageCache/com.meta.xr.simulator@74.0.0/Editor/SyntheticEnvironments/Installer.cs:76)
Meta.XR.Simulator.Editor.SyntheticEnvironments.Registry:RegisterSyntheticEnvironments () (at ./Library/PackageCache/com.meta.xr.simulator@74.0.0/Editor/SyntheticEnvironments/Registry.cs:97)
Meta.XR.Simulator.Editor.SyntheticEnvironments.Registry:.cctor () (at ./Library/PackageCache/com.meta.xr.simulator@74.0.0/Editor/SyntheticEnvironments/Registry.cs:87)
System.Runtime.CompilerServices.RuntimeHelpers:RunClassConstructor (System.RuntimeTypeHandle)
UnityEditor.EditorAssemblies:ProcessInitializeOnLoadAttributes (System.Type[])

(Filename: ./Library/PackageCache/com.meta.xr.simulator@74.0.0/Editor/Utils.cs Line: 165)

[Synthetic Environments] got match start synth_env_server_extra_rooms.exe XRoom5_6
UnityEngine.StackTraceUtility:ExtractStackTrace ()
UnityEngine.DebugLogHandler:LogFormat (UnityEngine.LogType,UnityEngine.Object,string,object[])
UnityEngine.Logger:Log (UnityEngine.LogType,object)
UnityEngine.Debug:Log (object)
Meta.XR.Simulator.Utils:ReportInfo (string,string) (at ./Library/PackageCache/com.meta.xr.simulator@74.0.0/Editor/Utils.cs:165)
Meta.XR.Simulator.Editor.SyntheticEnvironments.Installer:ParseSynthEnvScript (string) (at ./Library/PackageCache/com.meta.xr.simulator@74.0.0/Editor/SyntheticEnvironments/Installer.cs:98)
Meta.XR.Simulator.Editor.SyntheticEnvironments.Installer:BuildSyntheticEnvironments () (at ./Library/PackageCache/com.meta.xr.simulator@74.0.0/Editor/SyntheticEnvironments/Installer.cs:76)
Meta.XR.Simulator.Editor.SyntheticEnvironments.Registry:RegisterSyntheticEnvironments () (at ./Library/PackageCache/com.meta.xr.simulator@74.0.0/Editor/SyntheticEnvironments/Registry.cs:97)
Meta.XR.Simulator.Editor.SyntheticEnvironments.Registry:.cctor () (at ./Library/PackageCache/com.meta.xr.simulator@74.0.0/Editor/SyntheticEnvironments/Registry.cs:87)
System.Runtime.CompilerServices.RuntimeHelpers:RunClassConstructor (System.RuntimeTypeHandle)
UnityEditor.EditorAssemblies:ProcessInitializeOnLoadAttributes (System.Type[])

(Filename: ./Library/PackageCache/com.meta.xr.simulator@74.0.0/Editor/Utils.cs Line: 165)

[Synthetic Environments] got match start synth_env_server_extra_rooms.exe XRoom5_1
UnityEngine.StackTraceUtility:ExtractStackTrace ()
UnityEngine.DebugLogHandler:LogFormat (UnityEngine.LogType,UnityEngine.Object,string,object[])
UnityEngine.Logger:Log (UnityEngine.LogType,object)
UnityEngine.Debug:Log (object)
Meta.XR.Simulator.Utils:ReportInfo (string,string) (at ./Library/PackageCache/com.meta.xr.simulator@74.0.0/Editor/Utils.cs:165)
Meta.XR.Simulator.Editor.SyntheticEnvironments.Installer:ParseSynthEnvScript (string) (at ./Library/PackageCache/com.meta.xr.simulator@74.0.0/Editor/SyntheticEnvironments/Installer.cs:98)
Meta.XR.Simulator.Editor.SyntheticEnvironments.Installer:BuildSyntheticEnvironments () (at ./Library/PackageCache/com.meta.xr.simulator@74.0.0/Editor/SyntheticEnvironments/Installer.cs:76)
Meta.XR.Simulator.Editor.SyntheticEnvironments.Registry:RegisterSyntheticEnvironments () (at ./Library/PackageCache/com.meta.xr.simulator@74.0.0/Editor/SyntheticEnvironments/Registry.cs:97)
Meta.XR.Simulator.Editor.SyntheticEnvironments.Registry:.cctor () (at ./Library/PackageCache/com.meta.xr.simulator@74.0.0/Editor/SyntheticEnvironments/Registry.cs:87)
System.Runtime.CompilerServices.RuntimeHelpers:RunClassConstructor (System.RuntimeTypeHandle)
UnityEditor.EditorAssemblies:ProcessInitializeOnLoadAttributes (System.Type[])

(Filename: ./Library/PackageCache/com.meta.xr.simulator@74.0.0/Editor/Utils.cs Line: 165)

[Synthetic Environments] got match start synth_env_server_extra_rooms.exe XRoom3_1
UnityEngine.StackTraceUtility:ExtractStackTrace ()
UnityEngine.DebugLogHandler:LogFormat (UnityEngine.LogType,UnityEngine.Object,string,object[])
UnityEngine.Logger:Log (UnityEngine.LogType,object)
UnityEngine.Debug:Log (object)
Meta.XR.Simulator.Utils:ReportInfo (string,string) (at ./Library/PackageCache/com.meta.xr.simulator@74.0.0/Editor/Utils.cs:165)
Meta.XR.Simulator.Editor.SyntheticEnvironments.Installer:ParseSynthEnvScript (string) (at ./Library/PackageCache/com.meta.xr.simulator@74.0.0/Editor/SyntheticEnvironments/Installer.cs:98)
Meta.XR.Simulator.Editor.SyntheticEnvironments.Installer:BuildSyntheticEnvironments () (at ./Library/PackageCache/com.meta.xr.simulator@74.0.0/Editor/SyntheticEnvironments/Installer.cs:76)
Meta.XR.Simulator.Editor.SyntheticEnvironments.Registry:RegisterSyntheticEnvironments () (at ./Library/PackageCache/com.meta.xr.simulator@74.0.0/Editor/SyntheticEnvironments/Registry.cs:97)
Meta.XR.Simulator.Editor.SyntheticEnvironments.Registry:.cctor () (at ./Library/PackageCache/com.meta.xr.simulator@74.0.0/Editor/SyntheticEnvironments/Registry.cs:87)
System.Runtime.CompilerServices.RuntimeHelpers:RunClassConstructor (System.RuntimeTypeHandle)
UnityEditor.EditorAssemblies:ProcessInitializeOnLoadAttributes (System.Type[])

(Filename: ./Library/PackageCache/com.meta.xr.simulator@74.0.0/Editor/Utils.cs Line: 165)

[Synthetic Environments] got match start synth_env_server_extra_rooms.exe XRoom1_2
UnityEngine.StackTraceUtility:ExtractStackTrace ()
UnityEngine.DebugLogHandler:LogFormat (UnityEngine.LogType,UnityEngine.Object,string,object[])
UnityEngine.Logger:Log (UnityEngine.LogType,object)
UnityEngine.Debug:Log (object)
Meta.XR.Simulator.Utils:ReportInfo (string,string) (at ./Library/PackageCache/com.meta.xr.simulator@74.0.0/Editor/Utils.cs:165)
Meta.XR.Simulator.Editor.SyntheticEnvironments.Installer:ParseSynthEnvScript (string) (at ./Library/PackageCache/com.meta.xr.simulator@74.0.0/Editor/SyntheticEnvironments/Installer.cs:98)
Meta.XR.Simulator.Editor.SyntheticEnvironments.Installer:BuildSyntheticEnvironments () (at ./Library/PackageCache/com.meta.xr.simulator@74.0.0/Editor/SyntheticEnvironments/Installer.cs:76)
Meta.XR.Simulator.Editor.SyntheticEnvironments.Registry:RegisterSyntheticEnvironments () (at ./Library/PackageCache/com.meta.xr.simulator@74.0.0/Editor/SyntheticEnvironments/Registry.cs:97)
Meta.XR.Simulator.Editor.SyntheticEnvironments.Registry:.cctor () (at ./Library/PackageCache/com.meta.xr.simulator@74.0.0/Editor/SyntheticEnvironments/Registry.cs:87)
System.Runtime.CompilerServices.RuntimeHelpers:RunClassConstructor (System.RuntimeTypeHandle)
UnityEditor.EditorAssemblies:ProcessInitializeOnLoadAttributes (System.Type[])

(Filename: ./Library/PackageCache/com.meta.xr.simulator@74.0.0/Editor/Utils.cs Line: 165)

[Synthetic Environments] got match start synth_env_server_extra_rooms.exe XRoom1_1
UnityEngine.StackTraceUtility:ExtractStackTrace ()
UnityEngine.DebugLogHandler:LogFormat (UnityEngine.LogType,UnityEngine.Object,string,object[])
UnityEngine.Logger:Log (UnityEngine.LogType,object)
UnityEngine.Debug:Log (object)
Meta.XR.Simulator.Utils:ReportInfo (string,string) (at ./Library/PackageCache/com.meta.xr.simulator@74.0.0/Editor/Utils.cs:165)
Meta.XR.Simulator.Editor.SyntheticEnvironments.Installer:ParseSynthEnvScript (string) (at ./Library/PackageCache/com.meta.xr.simulator@74.0.0/Editor/SyntheticEnvironments/Installer.cs:98)
Meta.XR.Simulator.Editor.SyntheticEnvironments.Installer:BuildSyntheticEnvironments () (at ./Library/PackageCache/com.meta.xr.simulator@74.0.0/Editor/SyntheticEnvironments/Installer.cs:76)
Meta.XR.Simulator.Editor.SyntheticEnvironments.Registry:RegisterSyntheticEnvironments () (at ./Library/PackageCache/com.meta.xr.simulator@74.0.0/Editor/SyntheticEnvironments/Registry.cs:97)
Meta.XR.Simulator.Editor.SyntheticEnvironments.Registry:.cctor () (at ./Library/PackageCache/com.meta.xr.simulator@74.0.0/Editor/SyntheticEnvironments/Registry.cs:87)
System.Runtime.CompilerServices.RuntimeHelpers:RunClassConstructor (System.RuntimeTypeHandle)
UnityEditor.EditorAssemblies:ProcessInitializeOnLoadAttributes (System.Type[])

(Filename: ./Library/PackageCache/com.meta.xr.simulator@74.0.0/Editor/Utils.cs Line: 165)

[Synthetic Environments] got match start synth_env_server_extra_rooms.exe XRoom1_4
UnityEngine.StackTraceUtility:ExtractStackTrace ()
UnityEngine.DebugLogHandler:LogFormat (UnityEngine.LogType,UnityEngine.Object,string,object[])
UnityEngine.Logger:Log (UnityEngine.LogType,object)
UnityEngine.Debug:Log (object)
Meta.XR.Simulator.Utils:ReportInfo (string,string) (at ./Library/PackageCache/com.meta.xr.simulator@74.0.0/Editor/Utils.cs:165)
Meta.XR.Simulator.Editor.SyntheticEnvironments.Installer:ParseSynthEnvScript (string) (at ./Library/PackageCache/com.meta.xr.simulator@74.0.0/Editor/SyntheticEnvironments/Installer.cs:98)
Meta.XR.Simulator.Editor.SyntheticEnvironments.Installer:BuildSyntheticEnvironments () (at ./Library/PackageCache/com.meta.xr.simulator@74.0.0/Editor/SyntheticEnvironments/Installer.cs:76)
Meta.XR.Simulator.Editor.SyntheticEnvironments.Registry:RegisterSyntheticEnvironments () (at ./Library/PackageCache/com.meta.xr.simulator@74.0.0/Editor/SyntheticEnvironments/Registry.cs:97)
Meta.XR.Simulator.Editor.SyntheticEnvironments.Registry:.cctor () (at ./Library/PackageCache/com.meta.xr.simulator@74.0.0/Editor/SyntheticEnvironments/Registry.cs:87)
System.Runtime.CompilerServices.RuntimeHelpers:RunClassConstructor (System.RuntimeTypeHandle)
UnityEditor.EditorAssemblies:ProcessInitializeOnLoadAttributes (System.Type[])

(Filename: ./Library/PackageCache/com.meta.xr.simulator@74.0.0/Editor/Utils.cs Line: 165)

[Package Manager] Server::EnsureServerProcessIsRunning -- launch failed, reason: Unity was launched with the -noUpm command-line argument
[Package Manager] UpmClient::Send -- Unable to send message (not connected to UPM process).
[Package Manager] Cannot connect to Unity Package Manager local server
Mono: successfully reloaded assembly
[Package Manager] Server::EnsureServerProcessIsRunning -- launch failed, reason: Unity was launched with the -noUpm command-line argument
[Package Manager] UpmClient::Send -- Unable to send message (not connected to UPM process).
[Package Manager] Cannot connect to Unity Package Manager local server
[Package Manager] Server::EnsureServerProcessIsRunning -- launch failed, reason: Unity was launched with the -noUpm command-line argument
[Package Manager] UpmClient::Send -- Unable to send message (not connected to UPM process).
[Package Manager] Cannot connect to Unity Package Manager local server
- Finished resetting the current domain, in  4.916 seconds
Domain Reload Profiling: 5556ms
	BeginReloadAssembly (111ms)
		ExecutionOrderSort (0ms)
		DisableScriptedObjects (4ms)
		BackupInstance (0ms)
		ReleaseScriptingObjects (0ms)
		CreateAndSetChildDomain (15ms)
	RebuildCommonClasses (24ms)
	RebuildNativeTypeToScriptingClass (7ms)
	initialDomainReloadingComplete (34ms)
	LoadAllAssembliesAndSetupDomain (466ms)
		LoadAssemblies (292ms)
		RebuildTransferFunctionScriptingTraits (0ms)
		AnalyzeDomain (240ms)
			TypeCache.Refresh (193ms)
				TypeCache.ScanAssembly (175ms)
			ScanForSourceGeneratedMonoScriptInfo (32ms)
			ResolveRequiredComponents (13ms)
	FinalizeReload (4916ms)
		ReleaseScriptCaches (0ms)
		RebuildScriptCaches (0ms)
		SetupLoadedEditorAssemblies (4747ms)
			LogAssemblyErrors (0ms)
			InitializePlatformSupportModulesInManaged (16ms)
			SetLoadedEditorAssemblies (5ms)
			RefreshPlugins (0ms)
			BeforeProcessingInitializeOnLoad (91ms)
			ProcessInitializeOnLoadAttributes (4570ms)
			ProcessInitializeOnLoadMethodAttributes (59ms)
			AfterProcessingInitializeOnLoad (5ms)
			EditorAssembliesLoaded (0ms)
		ExecutionOrderSort2 (0ms)
		AwakeInstancesAfterBackupRestoration (4ms)
Shader 'Meta/MRUK/Scene/HighlightsAndShadows': fallback shader 'Off' not found
Shader 'Oculus/OVRMRCameraFrameLit': fallback shader 'Alpha-Diffuse' not found
Launched and connected shader compiler UnityShaderCompiler.exe after 0.03 seconds
Refreshing native plugins compatible for Editor in 15.54 ms, found 17 plugins.
Preloading 2 native plugins for Editor in 0.10 ms.
Unloading 7110 Unused Serialized files (Serialized files now loaded: 0)
Unloading 119 unused Assets / (511.4 KB). Loaded Objects now: 7554.
Memory consumption went from 253.0 MB to 252.5 MB.
Total: 5.529700 ms (FindLiveObjects: 0.373000 ms CreateObjectMapping: 0.231100 ms MarkObjects: 4.666300 ms  DeleteObjects: 0.258600 ms)

AssetImportParameters requested are different than current active one (requested -> active):
  custom:container-demuxer-ogg: 62fdf1f143b41e24485cea50d1cbac27 -> 
  custom:framework-win-MediaFoundation: 216162199b28c13a410421893ffa2e32 -> 
  custom:container-muxer-webm: aa71ff27fc2769a1b78a27578f13a17b -> 
  custom:video-decoder-webm-vp8: 9c59270c3fd7afecdb556c50c9e8de78 -> 
  custom:SearchIndexIgnoredProperties: e643bd26f0fe6173181afceb89e7c659 -> 
  custom:AudioImporter_EditorPlatform: d09bf68614088b80899f8185d706f6e7 -> 
  custom:audio-decoder-ogg-vorbis: bf7c407c2cedff20999df2af8eb42d56 -> 
  custom:audio-encoder-webm-vorbis: bf7c407c2cedff20999df2af8eb42d56 -> 
  custom:video-codec-MediaFoundation-h265: 746d11721c4dcdbdad8f713fa42b33f4 -> 
  custom:video-decoder-ogg-theora: a1e56fd34408186e4bbccfd4996cb3dc -> 
  custom:CustomObjectIndexerAttribute: 9a22284fe3817be447336de3de66b15e -> 
  custom:container-demuxer-webm: 4f35f7cbe854078d1ac9338744f61a02 -> 
  custom:video-encoder-webm-vp8: eb34c28f22e8b96e1ab97ce403110664 -> 
========================================================================
Received Import Request.
  Time since last request: 1646614.980066 seconds.
  path: Assets/Materials/Marker White.mat
  artifactKey: Guid(ff65b754fd33513448eb7965eaae9686) Importer(815301076,1909f56bfc062723c751e8b465ee728b)
Start importing Assets/Materials/Marker White.mat using Guid(ff65b754fd33513448eb7965eaae9686) Importer(815301076,1909f56bfc062723c751e8b465ee728b) [PhysX] Initialized MultithreadedTaskDispatcher with 24 workers.
[PhysX] Initialized MultithreadedTaskDispatcher with 24 workers.
 -> (artifact id: '3c889feb3267c889be8898e591c4cf96') in 0.087145 seconds
Number of updated asset objects reloaded before import = 0
Number of asset objects unloaded after import = 1
========================================================================
Received Import Request.
  Time since last request: 0.000020 seconds.
  path: Assets/Materials/Marker White 1.mat
  artifactKey: Guid(f2e8394cd3b9132448dbc52e7de4d0e8) Importer(815301076,1909f56bfc062723c751e8b465ee728b)
Start importing Assets/Materials/Marker White 1.mat using Guid(f2e8394cd3b9132448dbc52e7de4d0e8) Importer(815301076,1909f56bfc062723c751e8b465ee728b) [PhysX] Initialized MultithreadedTaskDispatcher with 24 workers.
[PhysX] Initialized MultithreadedTaskDispatcher with 24 workers.
 -> (artifact id: '083408357e91f5102e28afb93a7d77a6') in 0.014099 seconds
Number of updated asset objects reloaded before import = 0
Number of asset objects unloaded after import = 1
========================================================================
Received Prepare
Caller must complete domain reload
Begin MonoManager ReloadAssembly
- Loaded All Assemblies, in  0.483 seconds
Native extension for UWP target not found
Native extension for WindowsStandalone target not found
Native extension for Android target not found
[Package Manager] Server::EnsureServerProcessIsRunning -- launch failed, reason: Unity was launched with the -noUpm command-line argument
[Package Manager] UpmClient::Send -- Unable to send message (not connected to UPM process).
[Package Manager] Cannot connect to Unity Package Manager local server
[Package Manager] Server::EnsureServerProcessIsRunning -- launch failed, reason: Unity was launched with the -noUpm command-line argument
[Package Manager] UpmClient::Send -- Unable to send message (not connected to UPM process).
[Package Manager] Cannot connect to Unity Package Manager local server
[Synthetic Environments] got match start synth_env_server.exe Bedroom
UnityEngine.StackTraceUtility:ExtractStackTrace ()
UnityEngine.DebugLogHandler:LogFormat (UnityEngine.LogType,UnityEngine.Object,string,object[])
UnityEngine.Logger:Log (UnityEngine.LogType,object)
UnityEngine.Debug:Log (object)
Meta.XR.Simulator.Utils:ReportInfo (string,string) (at ./Library/PackageCache/com.meta.xr.simulator@74.0.0/Editor/Utils.cs:165)
Meta.XR.Simulator.Editor.SyntheticEnvironments.Installer:ParseSynthEnvScript (string) (at ./Library/PackageCache/com.meta.xr.simulator@74.0.0/Editor/SyntheticEnvironments/Installer.cs:98)
Meta.XR.Simulator.Editor.SyntheticEnvironments.Installer:BuildSyntheticEnvironments () (at ./Library/PackageCache/com.meta.xr.simulator@74.0.0/Editor/SyntheticEnvironments/Installer.cs:76)
Meta.XR.Simulator.Editor.SyntheticEnvironments.Registry:RegisterSyntheticEnvironments () (at ./Library/PackageCache/com.meta.xr.simulator@74.0.0/Editor/SyntheticEnvironments/Registry.cs:97)
Meta.XR.Simulator.Editor.SyntheticEnvironments.Registry:.cctor () (at ./Library/PackageCache/com.meta.xr.simulator@74.0.0/Editor/SyntheticEnvironments/Registry.cs:87)
System.Runtime.CompilerServices.RuntimeHelpers:RunClassConstructor (System.RuntimeTypeHandle)
UnityEditor.EditorAssemblies:ProcessInitializeOnLoadAttributes (System.Type[])

(Filename: ./Library/PackageCache/com.meta.xr.simulator@74.0.0/Editor/Utils.cs Line: 165)

[Synthetic Environments] got match start synth_env_server.exe GameRoom
UnityEngine.StackTraceUtility:ExtractStackTrace ()
UnityEngine.DebugLogHandler:LogFormat (UnityEngine.LogType,UnityEngine.Object,string,object[])
UnityEngine.Logger:Log (UnityEngine.LogType,object)
UnityEngine.Debug:Log (object)
Meta.XR.Simulator.Utils:ReportInfo (string,string) (at ./Library/PackageCache/com.meta.xr.simulator@74.0.0/Editor/Utils.cs:165)
Meta.XR.Simulator.Editor.SyntheticEnvironments.Installer:ParseSynthEnvScript (string) (at ./Library/PackageCache/com.meta.xr.simulator@74.0.0/Editor/SyntheticEnvironments/Installer.cs:98)
Meta.XR.Simulator.Editor.SyntheticEnvironments.Installer:BuildSyntheticEnvironments () (at ./Library/PackageCache/com.meta.xr.simulator@74.0.0/Editor/SyntheticEnvironments/Installer.cs:76)
Meta.XR.Simulator.Editor.SyntheticEnvironments.Registry:RegisterSyntheticEnvironments () (at ./Library/PackageCache/com.meta.xr.simulator@74.0.0/Editor/SyntheticEnvironments/Registry.cs:97)
Meta.XR.Simulator.Editor.SyntheticEnvironments.Registry:.cctor () (at ./Library/PackageCache/com.meta.xr.simulator@74.0.0/Editor/SyntheticEnvironments/Registry.cs:87)
System.Runtime.CompilerServices.RuntimeHelpers:RunClassConstructor (System.RuntimeTypeHandle)
UnityEditor.EditorAssemblies:ProcessInitializeOnLoadAttributes (System.Type[])

(Filename: ./Library/PackageCache/com.meta.xr.simulator@74.0.0/Editor/Utils.cs Line: 165)

[Synthetic Environments] got match start synth_env_server.exe LivingRoom
UnityEngine.StackTraceUtility:ExtractStackTrace ()
UnityEngine.DebugLogHandler:LogFormat (UnityEngine.LogType,UnityEngine.Object,string,object[])
UnityEngine.Logger:Log (UnityEngine.LogType,object)
UnityEngine.Debug:Log (object)
Meta.XR.Simulator.Utils:ReportInfo (string,string) (at ./Library/PackageCache/com.meta.xr.simulator@74.0.0/Editor/Utils.cs:165)
Meta.XR.Simulator.Editor.SyntheticEnvironments.Installer:ParseSynthEnvScript (string) (at ./Library/PackageCache/com.meta.xr.simulator@74.0.0/Editor/SyntheticEnvironments/Installer.cs:98)
Meta.XR.Simulator.Editor.SyntheticEnvironments.Installer:BuildSyntheticEnvironments () (at ./Library/PackageCache/com.meta.xr.simulator@74.0.0/Editor/SyntheticEnvironments/Installer.cs:76)
Meta.XR.Simulator.Editor.SyntheticEnvironments.Registry:RegisterSyntheticEnvironments () (at ./Library/PackageCache/com.meta.xr.simulator@74.0.0/Editor/SyntheticEnvironments/Registry.cs:97)
Meta.XR.Simulator.Editor.SyntheticEnvironments.Registry:.cctor () (at ./Library/PackageCache/com.meta.xr.simulator@74.0.0/Editor/SyntheticEnvironments/Registry.cs:87)
System.Runtime.CompilerServices.RuntimeHelpers:RunClassConstructor (System.RuntimeTypeHandle)
UnityEditor.EditorAssemblies:ProcessInitializeOnLoadAttributes (System.Type[])

(Filename: ./Library/PackageCache/com.meta.xr.simulator@74.0.0/Editor/Utils.cs Line: 165)

[Synthetic Environments] got match start synth_env_server_extra_rooms.exe XRoom2_3
UnityEngine.StackTraceUtility:ExtractStackTrace ()
UnityEngine.DebugLogHandler:LogFormat (UnityEngine.LogType,UnityEngine.Object,string,object[])
UnityEngine.Logger:Log (UnityEngine.LogType,object)
UnityEngine.Debug:Log (object)
Meta.XR.Simulator.Utils:ReportInfo (string,string) (at ./Library/PackageCache/com.meta.xr.simulator@74.0.0/Editor/Utils.cs:165)
Meta.XR.Simulator.Editor.SyntheticEnvironments.Installer:ParseSynthEnvScript (string) (at ./Library/PackageCache/com.meta.xr.simulator@74.0.0/Editor/SyntheticEnvironments/Installer.cs:98)
Meta.XR.Simulator.Editor.SyntheticEnvironments.Installer:BuildSyntheticEnvironments () (at ./Library/PackageCache/com.meta.xr.simulator@74.0.0/Editor/SyntheticEnvironments/Installer.cs:76)
Meta.XR.Simulator.Editor.SyntheticEnvironments.Registry:RegisterSyntheticEnvironments () (at ./Library/PackageCache/com.meta.xr.simulator@74.0.0/Editor/SyntheticEnvironments/Registry.cs:97)
Meta.XR.Simulator.Editor.SyntheticEnvironments.Registry:.cctor () (at ./Library/PackageCache/com.meta.xr.simulator@74.0.0/Editor/SyntheticEnvironments/Registry.cs:87)
System.Runtime.CompilerServices.RuntimeHelpers:RunClassConstructor (System.RuntimeTypeHandle)
UnityEditor.EditorAssemblies:ProcessInitializeOnLoadAttributes (System.Type[])

(Filename: ./Library/PackageCache/com.meta.xr.simulator@74.0.0/Editor/Utils.cs Line: 165)

[Synthetic Environments] got match start synth_env_server_extra_rooms.exe XRoom2_4
UnityEngine.StackTraceUtility:ExtractStackTrace ()
UnityEngine.DebugLogHandler:LogFormat (UnityEngine.LogType,UnityEngine.Object,string,object[])
UnityEngine.Logger:Log (UnityEngine.LogType,object)
UnityEngine.Debug:Log (object)
Meta.XR.Simulator.Utils:ReportInfo (string,string) (at ./Library/PackageCache/com.meta.xr.simulator@74.0.0/Editor/Utils.cs:165)
Meta.XR.Simulator.Editor.SyntheticEnvironments.Installer:ParseSynthEnvScript (string) (at ./Library/PackageCache/com.meta.xr.simulator@74.0.0/Editor/SyntheticEnvironments/Installer.cs:98)
Meta.XR.Simulator.Editor.SyntheticEnvironments.Installer:BuildSyntheticEnvironments () (at ./Library/PackageCache/com.meta.xr.simulator@74.0.0/Editor/SyntheticEnvironments/Installer.cs:76)
Meta.XR.Simulator.Editor.SyntheticEnvironments.Registry:RegisterSyntheticEnvironments () (at ./Library/PackageCache/com.meta.xr.simulator@74.0.0/Editor/SyntheticEnvironments/Registry.cs:97)
Meta.XR.Simulator.Editor.SyntheticEnvironments.Registry:.cctor () (at ./Library/PackageCache/com.meta.xr.simulator@74.0.0/Editor/SyntheticEnvironments/Registry.cs:87)
System.Runtime.CompilerServices.RuntimeHelpers:RunClassConstructor (System.RuntimeTypeHandle)
UnityEditor.EditorAssemblies:ProcessInitializeOnLoadAttributes (System.Type[])

(Filename: ./Library/PackageCache/com.meta.xr.simulator@74.0.0/Editor/Utils.cs Line: 165)

[Synthetic Environments] got match start synth_env_server_extra_rooms.exe XRoom5_6
UnityEngine.StackTraceUtility:ExtractStackTrace ()
UnityEngine.DebugLogHandler:LogFormat (UnityEngine.LogType,UnityEngine.Object,string,object[])
UnityEngine.Logger:Log (UnityEngine.LogType,object)
UnityEngine.Debug:Log (object)
Meta.XR.Simulator.Utils:ReportInfo (string,string) (at ./Library/PackageCache/com.meta.xr.simulator@74.0.0/Editor/Utils.cs:165)
Meta.XR.Simulator.Editor.SyntheticEnvironments.Installer:ParseSynthEnvScript (string) (at ./Library/PackageCache/com.meta.xr.simulator@74.0.0/Editor/SyntheticEnvironments/Installer.cs:98)
Meta.XR.Simulator.Editor.SyntheticEnvironments.Installer:BuildSyntheticEnvironments () (at ./Library/PackageCache/com.meta.xr.simulator@74.0.0/Editor/SyntheticEnvironments/Installer.cs:76)
Meta.XR.Simulator.Editor.SyntheticEnvironments.Registry:RegisterSyntheticEnvironments () (at ./Library/PackageCache/com.meta.xr.simulator@74.0.0/Editor/SyntheticEnvironments/Registry.cs:97)
Meta.XR.Simulator.Editor.SyntheticEnvironments.Registry:.cctor () (at ./Library/PackageCache/com.meta.xr.simulator@74.0.0/Editor/SyntheticEnvironments/Registry.cs:87)
System.Runtime.CompilerServices.RuntimeHelpers:RunClassConstructor (System.RuntimeTypeHandle)
UnityEditor.EditorAssemblies:ProcessInitializeOnLoadAttributes (System.Type[])

(Filename: ./Library/PackageCache/com.meta.xr.simulator@74.0.0/Editor/Utils.cs Line: 165)

[Synthetic Environments] got match start synth_env_server_extra_rooms.exe XRoom5_1
UnityEngine.StackTraceUtility:ExtractStackTrace ()
UnityEngine.DebugLogHandler:LogFormat (UnityEngine.LogType,UnityEngine.Object,string,object[])
UnityEngine.Logger:Log (UnityEngine.LogType,object)
UnityEngine.Debug:Log (object)
Meta.XR.Simulator.Utils:ReportInfo (string,string) (at ./Library/PackageCache/com.meta.xr.simulator@74.0.0/Editor/Utils.cs:165)
Meta.XR.Simulator.Editor.SyntheticEnvironments.Installer:ParseSynthEnvScript (string) (at ./Library/PackageCache/com.meta.xr.simulator@74.0.0/Editor/SyntheticEnvironments/Installer.cs:98)
Meta.XR.Simulator.Editor.SyntheticEnvironments.Installer:BuildSyntheticEnvironments () (at ./Library/PackageCache/com.meta.xr.simulator@74.0.0/Editor/SyntheticEnvironments/Installer.cs:76)
Meta.XR.Simulator.Editor.SyntheticEnvironments.Registry:RegisterSyntheticEnvironments () (at ./Library/PackageCache/com.meta.xr.simulator@74.0.0/Editor/SyntheticEnvironments/Registry.cs:97)
Meta.XR.Simulator.Editor.SyntheticEnvironments.Registry:.cctor () (at ./Library/PackageCache/com.meta.xr.simulator@74.0.0/Editor/SyntheticEnvironments/Registry.cs:87)
System.Runtime.CompilerServices.RuntimeHelpers:RunClassConstructor (System.RuntimeTypeHandle)
UnityEditor.EditorAssemblies:ProcessInitializeOnLoadAttributes (System.Type[])

(Filename: ./Library/PackageCache/com.meta.xr.simulator@74.0.0/Editor/Utils.cs Line: 165)

[Synthetic Environments] got match start synth_env_server_extra_rooms.exe XRoom3_1
UnityEngine.StackTraceUtility:ExtractStackTrace ()
UnityEngine.DebugLogHandler:LogFormat (UnityEngine.LogType,UnityEngine.Object,string,object[])
UnityEngine.Logger:Log (UnityEngine.LogType,object)
UnityEngine.Debug:Log (object)
Meta.XR.Simulator.Utils:ReportInfo (string,string) (at ./Library/PackageCache/com.meta.xr.simulator@74.0.0/Editor/Utils.cs:165)
Meta.XR.Simulator.Editor.SyntheticEnvironments.Installer:ParseSynthEnvScript (string) (at ./Library/PackageCache/com.meta.xr.simulator@74.0.0/Editor/SyntheticEnvironments/Installer.cs:98)
Meta.XR.Simulator.Editor.SyntheticEnvironments.Installer:BuildSyntheticEnvironments () (at ./Library/PackageCache/com.meta.xr.simulator@74.0.0/Editor/SyntheticEnvironments/Installer.cs:76)
Meta.XR.Simulator.Editor.SyntheticEnvironments.Registry:RegisterSyntheticEnvironments () (at ./Library/PackageCache/com.meta.xr.simulator@74.0.0/Editor/SyntheticEnvironments/Registry.cs:97)
Meta.XR.Simulator.Editor.SyntheticEnvironments.Registry:.cctor () (at ./Library/PackageCache/com.meta.xr.simulator@74.0.0/Editor/SyntheticEnvironments/Registry.cs:87)
System.Runtime.CompilerServices.RuntimeHelpers:RunClassConstructor (System.RuntimeTypeHandle)
UnityEditor.EditorAssemblies:ProcessInitializeOnLoadAttributes (System.Type[])

(Filename: ./Library/PackageCache/com.meta.xr.simulator@74.0.0/Editor/Utils.cs Line: 165)

[Synthetic Environments] got match start synth_env_server_extra_rooms.exe XRoom1_2
UnityEngine.StackTraceUtility:ExtractStackTrace ()
UnityEngine.DebugLogHandler:LogFormat (UnityEngine.LogType,UnityEngine.Object,string,object[])
UnityEngine.Logger:Log (UnityEngine.LogType,object)
UnityEngine.Debug:Log (object)
Meta.XR.Simulator.Utils:ReportInfo (string,string) (at ./Library/PackageCache/com.meta.xr.simulator@74.0.0/Editor/Utils.cs:165)
Meta.XR.Simulator.Editor.SyntheticEnvironments.Installer:ParseSynthEnvScript (string) (at ./Library/PackageCache/com.meta.xr.simulator@74.0.0/Editor/SyntheticEnvironments/Installer.cs:98)
Meta.XR.Simulator.Editor.SyntheticEnvironments.Installer:BuildSyntheticEnvironments () (at ./Library/PackageCache/com.meta.xr.simulator@74.0.0/Editor/SyntheticEnvironments/Installer.cs:76)
Meta.XR.Simulator.Editor.SyntheticEnvironments.Registry:RegisterSyntheticEnvironments () (at ./Library/PackageCache/com.meta.xr.simulator@74.0.0/Editor/SyntheticEnvironments/Registry.cs:97)
Meta.XR.Simulator.Editor.SyntheticEnvironments.Registry:.cctor () (at ./Library/PackageCache/com.meta.xr.simulator@74.0.0/Editor/SyntheticEnvironments/Registry.cs:87)
System.Runtime.CompilerServices.RuntimeHelpers:RunClassConstructor (System.RuntimeTypeHandle)
UnityEditor.EditorAssemblies:ProcessInitializeOnLoadAttributes (System.Type[])

(Filename: ./Library/PackageCache/com.meta.xr.simulator@74.0.0/Editor/Utils.cs Line: 165)

[Synthetic Environments] got match start synth_env_server_extra_rooms.exe XRoom1_1
UnityEngine.StackTraceUtility:ExtractStackTrace ()
UnityEngine.DebugLogHandler:LogFormat (UnityEngine.LogType,UnityEngine.Object,string,object[])
UnityEngine.Logger:Log (UnityEngine.LogType,object)
UnityEngine.Debug:Log (object)
Meta.XR.Simulator.Utils:ReportInfo (string,string) (at ./Library/PackageCache/com.meta.xr.simulator@74.0.0/Editor/Utils.cs:165)
Meta.XR.Simulator.Editor.SyntheticEnvironments.Installer:ParseSynthEnvScript (string) (at ./Library/PackageCache/com.meta.xr.simulator@74.0.0/Editor/SyntheticEnvironments/Installer.cs:98)
Meta.XR.Simulator.Editor.SyntheticEnvironments.Installer:BuildSyntheticEnvironments () (at ./Library/PackageCache/com.meta.xr.simulator@74.0.0/Editor/SyntheticEnvironments/Installer.cs:76)
Meta.XR.Simulator.Editor.SyntheticEnvironments.Registry:RegisterSyntheticEnvironments () (at ./Library/PackageCache/com.meta.xr.simulator@74.0.0/Editor/SyntheticEnvironments/Registry.cs:97)
Meta.XR.Simulator.Editor.SyntheticEnvironments.Registry:.cctor () (at ./Library/PackageCache/com.meta.xr.simulator@74.0.0/Editor/SyntheticEnvironments/Registry.cs:87)
System.Runtime.CompilerServices.RuntimeHelpers:RunClassConstructor (System.RuntimeTypeHandle)
UnityEditor.EditorAssemblies:ProcessInitializeOnLoadAttributes (System.Type[])

(Filename: ./Library/PackageCache/com.meta.xr.simulator@74.0.0/Editor/Utils.cs Line: 165)

[Synthetic Environments] got match start synth_env_server_extra_rooms.exe XRoom1_4
UnityEngine.StackTraceUtility:ExtractStackTrace ()
UnityEngine.DebugLogHandler:LogFormat (UnityEngine.LogType,UnityEngine.Object,string,object[])
UnityEngine.Logger:Log (UnityEngine.LogType,object)
UnityEngine.Debug:Log (object)
Meta.XR.Simulator.Utils:ReportInfo (string,string) (at ./Library/PackageCache/com.meta.xr.simulator@74.0.0/Editor/Utils.cs:165)
Meta.XR.Simulator.Editor.SyntheticEnvironments.Installer:ParseSynthEnvScript (string) (at ./Library/PackageCache/com.meta.xr.simulator@74.0.0/Editor/SyntheticEnvironments/Installer.cs:98)
Meta.XR.Simulator.Editor.SyntheticEnvironments.Installer:BuildSyntheticEnvironments () (at ./Library/PackageCache/com.meta.xr.simulator@74.0.0/Editor/SyntheticEnvironments/Installer.cs:76)
Meta.XR.Simulator.Editor.SyntheticEnvironments.Registry:RegisterSyntheticEnvironments () (at ./Library/PackageCache/com.meta.xr.simulator@74.0.0/Editor/SyntheticEnvironments/Registry.cs:97)
Meta.XR.Simulator.Editor.SyntheticEnvironments.Registry:.cctor () (at ./Library/PackageCache/com.meta.xr.simulator@74.0.0/Editor/SyntheticEnvironments/Registry.cs:87)
System.Runtime.CompilerServices.RuntimeHelpers:RunClassConstructor (System.RuntimeTypeHandle)
UnityEditor.EditorAssemblies:ProcessInitializeOnLoadAttributes (System.Type[])

(Filename: ./Library/PackageCache/com.meta.xr.simulator@74.0.0/Editor/Utils.cs Line: 165)

[Package Manager] Server::EnsureServerProcessIsRunning -- launch failed, reason: Unity was launched with the -noUpm command-line argument
[Package Manager] UpmClient::Send -- Unable to send message (not connected to UPM process).
[Package Manager] Cannot connect to Unity Package Manager local server
Mono: successfully reloaded assembly
[Package Manager] Server::EnsureServerProcessIsRunning -- launch failed, reason: Unity was launched with the -noUpm command-line argument
[Package Manager] UpmClient::Send -- Unable to send message (not connected to UPM process).
[Package Manager] Cannot connect to Unity Package Manager local server
- Finished resetting the current domain, in  1.280 seconds
Domain Reload Profiling: 1758ms
	BeginReloadAssembly (145ms)
		ExecutionOrderSort (0ms)
		DisableScriptedObjects (3ms)
		BackupInstance (0ms)
		ReleaseScriptingObjects (0ms)
		CreateAndSetChildDomain (44ms)
	RebuildCommonClasses (26ms)
	RebuildNativeTypeToScriptingClass (10ms)
	initialDomainReloadingComplete (25ms)
	LoadAllAssembliesAndSetupDomain (272ms)
		LoadAssemblies (313ms)
		RebuildTransferFunctionScriptingTraits (0ms)
		AnalyzeDomain (25ms)
			TypeCache.Refresh (7ms)
				TypeCache.ScanAssembly (0ms)
			ScanForSourceGeneratedMonoScriptInfo (0ms)
			ResolveRequiredComponents (17ms)
	FinalizeReload (1280ms)
		ReleaseScriptCaches (0ms)
		RebuildScriptCaches (0ms)
		SetupLoadedEditorAssemblies (726ms)
			LogAssemblyErrors (0ms)
			InitializePlatformSupportModulesInManaged (15ms)
			SetLoadedEditorAssemblies (5ms)
			RefreshPlugins (0ms)
			BeforeProcessingInitializeOnLoad (103ms)
			ProcessInitializeOnLoadAttributes (540ms)
			ProcessInitializeOnLoadMethodAttributes (57ms)
			AfterProcessingInitializeOnLoad (5ms)
			EditorAssembliesLoaded (0ms)
		ExecutionOrderSort2 (0ms)
		AwakeInstancesAfterBackupRestoration (5ms)
Shader 'Meta/MRUK/Scene/HighlightsAndShadows': fallback shader 'Off' not found
Shader 'Oculus/OVRMRCameraFrameLit': fallback shader 'Alpha-Diffuse' not found
Refreshing native plugins compatible for Editor in 16.58 ms, found 17 plugins.
Preloading 2 native plugins for Editor in 0.14 ms.
Unloading 6994 Unused Serialized files (Serialized files now loaded: 0)
Unloading 112 unused Assets / (475.3 KB). Loaded Objects now: 7599.
Memory consumption went from 230.8 MB to 230.3 MB.
Total: 5.218500 ms (FindLiveObjects: 0.403500 ms CreateObjectMapping: 0.202200 ms MarkObjects: 4.315800 ms  DeleteObjects: 0.295900 ms)

Prepare: number of updated asset objects reloaded= 0
AssetImportParameters requested are different than current active one (requested -> active):
  custom:container-demuxer-ogg: 62fdf1f143b41e24485cea50d1cbac27 -> 
  custom:framework-win-MediaFoundation: 216162199b28c13a410421893ffa2e32 -> 
  custom:container-muxer-webm: aa71ff27fc2769a1b78a27578f13a17b -> 
  custom:video-decoder-webm-vp8: 9c59270c3fd7afecdb556c50c9e8de78 -> 
  custom:SearchIndexIgnoredProperties: e643bd26f0fe6173181afceb89e7c659 -> 
  custom:AudioImporter_EditorPlatform: d09bf68614088b80899f8185d706f6e7 -> 
  custom:audio-decoder-ogg-vorbis: bf7c407c2cedff20999df2af8eb42d56 -> 
  custom:audio-encoder-webm-vorbis: bf7c407c2cedff20999df2af8eb42d56 -> 
  custom:video-codec-MediaFoundation-h265: 746d11721c4dcdbdad8f713fa42b33f4 -> 
  custom:video-decoder-ogg-theora: a1e56fd34408186e4bbccfd4996cb3dc -> 
  custom:CustomObjectIndexerAttribute: 9a22284fe3817be447336de3de66b15e -> 
  custom:container-demuxer-webm: 4f35f7cbe854078d1ac9338744f61a02 -> 
  custom:video-encoder-webm-vp8: eb34c28f22e8b96e1ab97ce403110664 -> 
========================================================================
Received Import Request.
  Time since last request: 108.473780 seconds.
  path: Assets/Materials/Marker Yellow.mat
  artifactKey: Guid(c9d2863167f028c49a10914963297a4f) Importer(815301076,1909f56bfc062723c751e8b465ee728b)
Start importing Assets/Materials/Marker Yellow.mat using Guid(c9d2863167f028c49a10914963297a4f) Importer(815301076,1909f56bfc062723c751e8b465ee728b) [PhysX] Initialized MultithreadedTaskDispatcher with 24 workers.
[PhysX] Initialized MultithreadedTaskDispatcher with 24 workers.
 -> (artifact id: 'ffb166924c96aa3d8be7070a9c689c30') in 0.070718 seconds
Number of updated asset objects reloaded before import = 0
Number of asset objects unloaded after import = 1
========================================================================
Received Prepare
Caller must complete domain reload
Begin MonoManager ReloadAssembly
- Loaded All Assemblies, in  0.469 seconds
Native extension for UWP target not found
Native extension for WindowsStandalone target not found
Native extension for Android target not found
[Package Manager] Server::EnsureServerProcessIsRunning -- launch failed, reason: Unity was launched with the -noUpm command-line argument
[Package Manager] UpmClient::Send -- Unable to send message (not connected to UPM process).
[Package Manager] Cannot connect to Unity Package Manager local server
[Package Manager] Server::EnsureServerProcessIsRunning -- launch failed, reason: Unity was launched with the -noUpm command-line argument
[Package Manager] UpmClient::Send -- Unable to send message (not connected to UPM process).
[Package Manager] Cannot connect to Unity Package Manager local server
[Synthetic Environments] got match start synth_env_server.exe Bedroom
UnityEngine.StackTraceUtility:ExtractStackTrace ()
UnityEngine.DebugLogHandler:LogFormat (UnityEngine.LogType,UnityEngine.Object,string,object[])
UnityEngine.Logger:Log (UnityEngine.LogType,object)
UnityEngine.Debug:Log (object)
Meta.XR.Simulator.Utils:ReportInfo (string,string) (at ./Library/PackageCache/com.meta.xr.simulator@74.0.0/Editor/Utils.cs:165)
Meta.XR.Simulator.Editor.SyntheticEnvironments.Installer:ParseSynthEnvScript (string) (at ./Library/PackageCache/com.meta.xr.simulator@74.0.0/Editor/SyntheticEnvironments/Installer.cs:98)
Meta.XR.Simulator.Editor.SyntheticEnvironments.Installer:BuildSyntheticEnvironments () (at ./Library/PackageCache/com.meta.xr.simulator@74.0.0/Editor/SyntheticEnvironments/Installer.cs:76)
Meta.XR.Simulator.Editor.SyntheticEnvironments.Registry:RegisterSyntheticEnvironments () (at ./Library/PackageCache/com.meta.xr.simulator@74.0.0/Editor/SyntheticEnvironments/Registry.cs:97)
Meta.XR.Simulator.Editor.SyntheticEnvironments.Registry:.cctor () (at ./Library/PackageCache/com.meta.xr.simulator@74.0.0/Editor/SyntheticEnvironments/Registry.cs:87)
System.Runtime.CompilerServices.RuntimeHelpers:RunClassConstructor (System.RuntimeTypeHandle)
UnityEditor.EditorAssemblies:ProcessInitializeOnLoadAttributes (System.Type[])

(Filename: ./Library/PackageCache/com.meta.xr.simulator@74.0.0/Editor/Utils.cs Line: 165)

[Synthetic Environments] got match start synth_env_server.exe GameRoom
UnityEngine.StackTraceUtility:ExtractStackTrace ()
UnityEngine.DebugLogHandler:LogFormat (UnityEngine.LogType,UnityEngine.Object,string,object[])
UnityEngine.Logger:Log (UnityEngine.LogType,object)
UnityEngine.Debug:Log (object)
Meta.XR.Simulator.Utils:ReportInfo (string,string) (at ./Library/PackageCache/com.meta.xr.simulator@74.0.0/Editor/Utils.cs:165)
Meta.XR.Simulator.Editor.SyntheticEnvironments.Installer:ParseSynthEnvScript (string) (at ./Library/PackageCache/com.meta.xr.simulator@74.0.0/Editor/SyntheticEnvironments/Installer.cs:98)
Meta.XR.Simulator.Editor.SyntheticEnvironments.Installer:BuildSyntheticEnvironments () (at ./Library/PackageCache/com.meta.xr.simulator@74.0.0/Editor/SyntheticEnvironments/Installer.cs:76)
Meta.XR.Simulator.Editor.SyntheticEnvironments.Registry:RegisterSyntheticEnvironments () (at ./Library/PackageCache/com.meta.xr.simulator@74.0.0/Editor/SyntheticEnvironments/Registry.cs:97)
Meta.XR.Simulator.Editor.SyntheticEnvironments.Registry:.cctor () (at ./Library/PackageCache/com.meta.xr.simulator@74.0.0/Editor/SyntheticEnvironments/Registry.cs:87)
System.Runtime.CompilerServices.RuntimeHelpers:RunClassConstructor (System.RuntimeTypeHandle)
UnityEditor.EditorAssemblies:ProcessInitializeOnLoadAttributes (System.Type[])

(Filename: ./Library/PackageCache/com.meta.xr.simulator@74.0.0/Editor/Utils.cs Line: 165)

[Synthetic Environments] got match start synth_env_server.exe LivingRoom
UnityEngine.StackTraceUtility:ExtractStackTrace ()
UnityEngine.DebugLogHandler:LogFormat (UnityEngine.LogType,UnityEngine.Object,string,object[])
UnityEngine.Logger:Log (UnityEngine.LogType,object)
UnityEngine.Debug:Log (object)
Meta.XR.Simulator.Utils:ReportInfo (string,string) (at ./Library/PackageCache/com.meta.xr.simulator@74.0.0/Editor/Utils.cs:165)
Meta.XR.Simulator.Editor.SyntheticEnvironments.Installer:ParseSynthEnvScript (string) (at ./Library/PackageCache/com.meta.xr.simulator@74.0.0/Editor/SyntheticEnvironments/Installer.cs:98)
Meta.XR.Simulator.Editor.SyntheticEnvironments.Installer:BuildSyntheticEnvironments () (at ./Library/PackageCache/com.meta.xr.simulator@74.0.0/Editor/SyntheticEnvironments/Installer.cs:76)
Meta.XR.Simulator.Editor.SyntheticEnvironments.Registry:RegisterSyntheticEnvironments () (at ./Library/PackageCache/com.meta.xr.simulator@74.0.0/Editor/SyntheticEnvironments/Registry.cs:97)
Meta.XR.Simulator.Editor.SyntheticEnvironments.Registry:.cctor () (at ./Library/PackageCache/com.meta.xr.simulator@74.0.0/Editor/SyntheticEnvironments/Registry.cs:87)
System.Runtime.CompilerServices.RuntimeHelpers:RunClassConstructor (System.RuntimeTypeHandle)
UnityEditor.EditorAssemblies:ProcessInitializeOnLoadAttributes (System.Type[])

(Filename: ./Library/PackageCache/com.meta.xr.simulator@74.0.0/Editor/Utils.cs Line: 165)

[Synthetic Environments] got match start synth_env_server_extra_rooms.exe XRoom2_3
UnityEngine.StackTraceUtility:ExtractStackTrace ()
UnityEngine.DebugLogHandler:LogFormat (UnityEngine.LogType,UnityEngine.Object,string,object[])
UnityEngine.Logger:Log (UnityEngine.LogType,object)
UnityEngine.Debug:Log (object)
Meta.XR.Simulator.Utils:ReportInfo (string,string) (at ./Library/PackageCache/com.meta.xr.simulator@74.0.0/Editor/Utils.cs:165)
Meta.XR.Simulator.Editor.SyntheticEnvironments.Installer:ParseSynthEnvScript (string) (at ./Library/PackageCache/com.meta.xr.simulator@74.0.0/Editor/SyntheticEnvironments/Installer.cs:98)
Meta.XR.Simulator.Editor.SyntheticEnvironments.Installer:BuildSyntheticEnvironments () (at ./Library/PackageCache/com.meta.xr.simulator@74.0.0/Editor/SyntheticEnvironments/Installer.cs:76)
Meta.XR.Simulator.Editor.SyntheticEnvironments.Registry:RegisterSyntheticEnvironments () (at ./Library/PackageCache/com.meta.xr.simulator@74.0.0/Editor/SyntheticEnvironments/Registry.cs:97)
Meta.XR.Simulator.Editor.SyntheticEnvironments.Registry:.cctor () (at ./Library/PackageCache/com.meta.xr.simulator@74.0.0/Editor/SyntheticEnvironments/Registry.cs:87)
System.Runtime.CompilerServices.RuntimeHelpers:RunClassConstructor (System.RuntimeTypeHandle)
UnityEditor.EditorAssemblies:ProcessInitializeOnLoadAttributes (System.Type[])

(Filename: ./Library/PackageCache/com.meta.xr.simulator@74.0.0/Editor/Utils.cs Line: 165)

[Synthetic Environments] got match start synth_env_server_extra_rooms.exe XRoom2_4
UnityEngine.StackTraceUtility:ExtractStackTrace ()
UnityEngine.DebugLogHandler:LogFormat (UnityEngine.LogType,UnityEngine.Object,string,object[])
UnityEngine.Logger:Log (UnityEngine.LogType,object)
UnityEngine.Debug:Log (object)
Meta.XR.Simulator.Utils:ReportInfo (string,string) (at ./Library/PackageCache/com.meta.xr.simulator@74.0.0/Editor/Utils.cs:165)
Meta.XR.Simulator.Editor.SyntheticEnvironments.Installer:ParseSynthEnvScript (string) (at ./Library/PackageCache/com.meta.xr.simulator@74.0.0/Editor/SyntheticEnvironments/Installer.cs:98)
Meta.XR.Simulator.Editor.SyntheticEnvironments.Installer:BuildSyntheticEnvironments () (at ./Library/PackageCache/com.meta.xr.simulator@74.0.0/Editor/SyntheticEnvironments/Installer.cs:76)
Meta.XR.Simulator.Editor.SyntheticEnvironments.Registry:RegisterSyntheticEnvironments () (at ./Library/PackageCache/com.meta.xr.simulator@74.0.0/Editor/SyntheticEnvironments/Registry.cs:97)
Meta.XR.Simulator.Editor.SyntheticEnvironments.Registry:.cctor () (at ./Library/PackageCache/com.meta.xr.simulator@74.0.0/Editor/SyntheticEnvironments/Registry.cs:87)
System.Runtime.CompilerServices.RuntimeHelpers:RunClassConstructor (System.RuntimeTypeHandle)
UnityEditor.EditorAssemblies:ProcessInitializeOnLoadAttributes (System.Type[])

(Filename: ./Library/PackageCache/com.meta.xr.simulator@74.0.0/Editor/Utils.cs Line: 165)

[Synthetic Environments] got match start synth_env_server_extra_rooms.exe XRoom5_6
UnityEngine.StackTraceUtility:ExtractStackTrace ()
UnityEngine.DebugLogHandler:LogFormat (UnityEngine.LogType,UnityEngine.Object,string,object[])
UnityEngine.Logger:Log (UnityEngine.LogType,object)
UnityEngine.Debug:Log (object)
Meta.XR.Simulator.Utils:ReportInfo (string,string) (at ./Library/PackageCache/com.meta.xr.simulator@74.0.0/Editor/Utils.cs:165)
Meta.XR.Simulator.Editor.SyntheticEnvironments.Installer:ParseSynthEnvScript (string) (at ./Library/PackageCache/com.meta.xr.simulator@74.0.0/Editor/SyntheticEnvironments/Installer.cs:98)
Meta.XR.Simulator.Editor.SyntheticEnvironments.Installer:BuildSyntheticEnvironments () (at ./Library/PackageCache/com.meta.xr.simulator@74.0.0/Editor/SyntheticEnvironments/Installer.cs:76)
Meta.XR.Simulator.Editor.SyntheticEnvironments.Registry:RegisterSyntheticEnvironments () (at ./Library/PackageCache/com.meta.xr.simulator@74.0.0/Editor/SyntheticEnvironments/Registry.cs:97)
Meta.XR.Simulator.Editor.SyntheticEnvironments.Registry:.cctor () (at ./Library/PackageCache/com.meta.xr.simulator@74.0.0/Editor/SyntheticEnvironments/Registry.cs:87)
System.Runtime.CompilerServices.RuntimeHelpers:RunClassConstructor (System.RuntimeTypeHandle)
UnityEditor.EditorAssemblies:ProcessInitializeOnLoadAttributes (System.Type[])

(Filename: ./Library/PackageCache/com.meta.xr.simulator@74.0.0/Editor/Utils.cs Line: 165)

[Synthetic Environments] got match start synth_env_server_extra_rooms.exe XRoom5_1
UnityEngine.StackTraceUtility:ExtractStackTrace ()
UnityEngine.DebugLogHandler:LogFormat (UnityEngine.LogType,UnityEngine.Object,string,object[])
UnityEngine.Logger:Log (UnityEngine.LogType,object)
UnityEngine.Debug:Log (object)
Meta.XR.Simulator.Utils:ReportInfo (string,string) (at ./Library/PackageCache/com.meta.xr.simulator@74.0.0/Editor/Utils.cs:165)
Meta.XR.Simulator.Editor.SyntheticEnvironments.Installer:ParseSynthEnvScript (string) (at ./Library/PackageCache/com.meta.xr.simulator@74.0.0/Editor/SyntheticEnvironments/Installer.cs:98)
Meta.XR.Simulator.Editor.SyntheticEnvironments.Installer:BuildSyntheticEnvironments () (at ./Library/PackageCache/com.meta.xr.simulator@74.0.0/Editor/SyntheticEnvironments/Installer.cs:76)
Meta.XR.Simulator.Editor.SyntheticEnvironments.Registry:RegisterSyntheticEnvironments () (at ./Library/PackageCache/com.meta.xr.simulator@74.0.0/Editor/SyntheticEnvironments/Registry.cs:97)
Meta.XR.Simulator.Editor.SyntheticEnvironments.Registry:.cctor () (at ./Library/PackageCache/com.meta.xr.simulator@74.0.0/Editor/SyntheticEnvironments/Registry.cs:87)
System.Runtime.CompilerServices.RuntimeHelpers:RunClassConstructor (System.RuntimeTypeHandle)
UnityEditor.EditorAssemblies:ProcessInitializeOnLoadAttributes (System.Type[])

(Filename: ./Library/PackageCache/com.meta.xr.simulator@74.0.0/Editor/Utils.cs Line: 165)

[Synthetic Environments] got match start synth_env_server_extra_rooms.exe XRoom3_1
UnityEngine.StackTraceUtility:ExtractStackTrace ()
UnityEngine.DebugLogHandler:LogFormat (UnityEngine.LogType,UnityEngine.Object,string,object[])
UnityEngine.Logger:Log (UnityEngine.LogType,object)
UnityEngine.Debug:Log (object)
Meta.XR.Simulator.Utils:ReportInfo (string,string) (at ./Library/PackageCache/com.meta.xr.simulator@74.0.0/Editor/Utils.cs:165)
Meta.XR.Simulator.Editor.SyntheticEnvironments.Installer:ParseSynthEnvScript (string) (at ./Library/PackageCache/com.meta.xr.simulator@74.0.0/Editor/SyntheticEnvironments/Installer.cs:98)
Meta.XR.Simulator.Editor.SyntheticEnvironments.Installer:BuildSyntheticEnvironments () (at ./Library/PackageCache/com.meta.xr.simulator@74.0.0/Editor/SyntheticEnvironments/Installer.cs:76)
Meta.XR.Simulator.Editor.SyntheticEnvironments.Registry:RegisterSyntheticEnvironments () (at ./Library/PackageCache/com.meta.xr.simulator@74.0.0/Editor/SyntheticEnvironments/Registry.cs:97)
Meta.XR.Simulator.Editor.SyntheticEnvironments.Registry:.cctor () (at ./Library/PackageCache/com.meta.xr.simulator@74.0.0/Editor/SyntheticEnvironments/Registry.cs:87)
System.Runtime.CompilerServices.RuntimeHelpers:RunClassConstructor (System.RuntimeTypeHandle)
UnityEditor.EditorAssemblies:ProcessInitializeOnLoadAttributes (System.Type[])

(Filename: ./Library/PackageCache/com.meta.xr.simulator@74.0.0/Editor/Utils.cs Line: 165)

[Synthetic Environments] got match start synth_env_server_extra_rooms.exe XRoom1_2
UnityEngine.StackTraceUtility:ExtractStackTrace ()
UnityEngine.DebugLogHandler:LogFormat (UnityEngine.LogType,UnityEngine.Object,string,object[])
UnityEngine.Logger:Log (UnityEngine.LogType,object)
UnityEngine.Debug:Log (object)
Meta.XR.Simulator.Utils:ReportInfo (string,string) (at ./Library/PackageCache/com.meta.xr.simulator@74.0.0/Editor/Utils.cs:165)
Meta.XR.Simulator.Editor.SyntheticEnvironments.Installer:ParseSynthEnvScript (string) (at ./Library/PackageCache/com.meta.xr.simulator@74.0.0/Editor/SyntheticEnvironments/Installer.cs:98)
Meta.XR.Simulator.Editor.SyntheticEnvironments.Installer:BuildSyntheticEnvironments () (at ./Library/PackageCache/com.meta.xr.simulator@74.0.0/Editor/SyntheticEnvironments/Installer.cs:76)
Meta.XR.Simulator.Editor.SyntheticEnvironments.Registry:RegisterSyntheticEnvironments () (at ./Library/PackageCache/com.meta.xr.simulator@74.0.0/Editor/SyntheticEnvironments/Registry.cs:97)
Meta.XR.Simulator.Editor.SyntheticEnvironments.Registry:.cctor () (at ./Library/PackageCache/com.meta.xr.simulator@74.0.0/Editor/SyntheticEnvironments/Registry.cs:87)
System.Runtime.CompilerServices.RuntimeHelpers:RunClassConstructor (System.RuntimeTypeHandle)
UnityEditor.EditorAssemblies:ProcessInitializeOnLoadAttributes (System.Type[])

(Filename: ./Library/PackageCache/com.meta.xr.simulator@74.0.0/Editor/Utils.cs Line: 165)

[Synthetic Environments] got match start synth_env_server_extra_rooms.exe XRoom1_1
UnityEngine.StackTraceUtility:ExtractStackTrace ()
UnityEngine.DebugLogHandler:LogFormat (UnityEngine.LogType,UnityEngine.Object,string,object[])
UnityEngine.Logger:Log (UnityEngine.LogType,object)
UnityEngine.Debug:Log (object)
Meta.XR.Simulator.Utils:ReportInfo (string,string) (at ./Library/PackageCache/com.meta.xr.simulator@74.0.0/Editor/Utils.cs:165)
Meta.XR.Simulator.Editor.SyntheticEnvironments.Installer:ParseSynthEnvScript (string) (at ./Library/PackageCache/com.meta.xr.simulator@74.0.0/Editor/SyntheticEnvironments/Installer.cs:98)
Meta.XR.Simulator.Editor.SyntheticEnvironments.Installer:BuildSyntheticEnvironments () (at ./Library/PackageCache/com.meta.xr.simulator@74.0.0/Editor/SyntheticEnvironments/Installer.cs:76)
Meta.XR.Simulator.Editor.SyntheticEnvironments.Registry:RegisterSyntheticEnvironments () (at ./Library/PackageCache/com.meta.xr.simulator@74.0.0/Editor/SyntheticEnvironments/Registry.cs:97)
Meta.XR.Simulator.Editor.SyntheticEnvironments.Registry:.cctor () (at ./Library/PackageCache/com.meta.xr.simulator@74.0.0/Editor/SyntheticEnvironments/Registry.cs:87)
System.Runtime.CompilerServices.RuntimeHelpers:RunClassConstructor (System.RuntimeTypeHandle)
UnityEditor.EditorAssemblies:ProcessInitializeOnLoadAttributes (System.Type[])

(Filename: ./Library/PackageCache/com.meta.xr.simulator@74.0.0/Editor/Utils.cs Line: 165)

[Synthetic Environments] got match start synth_env_server_extra_rooms.exe XRoom1_4
UnityEngine.StackTraceUtility:ExtractStackTrace ()
UnityEngine.DebugLogHandler:LogFormat (UnityEngine.LogType,UnityEngine.Object,string,object[])
UnityEngine.Logger:Log (UnityEngine.LogType,object)
UnityEngine.Debug:Log (object)
Meta.XR.Simulator.Utils:ReportInfo (string,string) (at ./Library/PackageCache/com.meta.xr.simulator@74.0.0/Editor/Utils.cs:165)
Meta.XR.Simulator.Editor.SyntheticEnvironments.Installer:ParseSynthEnvScript (string) (at ./Library/PackageCache/com.meta.xr.simulator@74.0.0/Editor/SyntheticEnvironments/Installer.cs:98)
Meta.XR.Simulator.Editor.SyntheticEnvironments.Installer:BuildSyntheticEnvironments () (at ./Library/PackageCache/com.meta.xr.simulator@74.0.0/Editor/SyntheticEnvironments/Installer.cs:76)
Meta.XR.Simulator.Editor.SyntheticEnvironments.Registry:RegisterSyntheticEnvironments () (at ./Library/PackageCache/com.meta.xr.simulator@74.0.0/Editor/SyntheticEnvironments/Registry.cs:97)
Meta.XR.Simulator.Editor.SyntheticEnvironments.Registry:.cctor () (at ./Library/PackageCache/com.meta.xr.simulator@74.0.0/Editor/SyntheticEnvironments/Registry.cs:87)
System.Runtime.CompilerServices.RuntimeHelpers:RunClassConstructor (System.RuntimeTypeHandle)
UnityEditor.EditorAssemblies:ProcessInitializeOnLoadAttributes (System.Type[])

(Filename: ./Library/PackageCache/com.meta.xr.simulator@74.0.0/Editor/Utils.cs Line: 165)

[Package Manager] Server::EnsureServerProcessIsRunning -- launch failed, reason: Unity was launched with the -noUpm command-line argument
[Package Manager] UpmClient::Send -- Unable to send message (not connected to UPM process).
[Package Manager] Cannot connect to Unity Package Manager local server
Mono: successfully reloaded assembly
[Package Manager] Server::EnsureServerProcessIsRunning -- launch failed, reason: Unity was launched with the -noUpm command-line argument
[Package Manager] UpmClient::Send -- Unable to send message (not connected to UPM process).
[Package Manager] Cannot connect to Unity Package Manager local server
- Finished resetting the current domain, in  1.222 seconds
Domain Reload Profiling: 1686ms
	BeginReloadAssembly (143ms)
		ExecutionOrderSort (0ms)
		DisableScriptedObjects (3ms)
		BackupInstance (0ms)
		ReleaseScriptingObjects (0ms)
		CreateAndSetChildDomain (40ms)
	RebuildCommonClasses (24ms)
	RebuildNativeTypeToScriptingClass (9ms)
	initialDomainReloadingComplete (23ms)
	LoadAllAssembliesAndSetupDomain (265ms)
		LoadAssemblies (306ms)
		RebuildTransferFunctionScriptingTraits (0ms)
		AnalyzeDomain (26ms)
			TypeCache.Refresh (7ms)
				TypeCache.ScanAssembly (0ms)
			ScanForSourceGeneratedMonoScriptInfo (0ms)
			ResolveRequiredComponents (17ms)
	FinalizeReload (1222ms)
		ReleaseScriptCaches (0ms)
		RebuildScriptCaches (0ms)
		SetupLoadedEditorAssemblies (678ms)
			LogAssemblyErrors (0ms)
			InitializePlatformSupportModulesInManaged (18ms)
			SetLoadedEditorAssemblies (5ms)
			RefreshPlugins (0ms)
			BeforeProcessingInitializeOnLoad (95ms)
			ProcessInitializeOnLoadAttributes (497ms)
			ProcessInitializeOnLoadMethodAttributes (56ms)
			AfterProcessingInitializeOnLoad (6ms)
			EditorAssembliesLoaded (0ms)
		ExecutionOrderSort2 (0ms)
		AwakeInstancesAfterBackupRestoration (5ms)
Shader 'Meta/MRUK/Scene/HighlightsAndShadows': fallback shader 'Off' not found
Shader 'Oculus/OVRMRCameraFrameLit': fallback shader 'Alpha-Diffuse' not found
Refreshing native plugins compatible for Editor in 17.16 ms, found 17 plugins.
Preloading 2 native plugins for Editor in 0.09 ms.
Unloading 6994 Unused Serialized files (Serialized files now loaded: 0)
Unloading 112 unused Assets / (483.3 KB). Loaded Objects now: 7603.
Memory consumption went from 230.8 MB to 230.4 MB.
Total: 5.300400 ms (FindLiveObjects: 0.356200 ms CreateObjectMapping: 0.233200 ms MarkObjects: 4.450300 ms  DeleteObjects: 0.259900 ms)

Prepare: number of updated asset objects reloaded= 0
AssetImportParameters requested are different than current active one (requested -> active):
  custom:container-demuxer-ogg: 62fdf1f143b41e24485cea50d1cbac27 -> 
  custom:framework-win-MediaFoundation: 216162199b28c13a410421893ffa2e32 -> 
  custom:container-muxer-webm: aa71ff27fc2769a1b78a27578f13a17b -> 
  custom:video-decoder-webm-vp8: 9c59270c3fd7afecdb556c50c9e8de78 -> 
  custom:SearchIndexIgnoredProperties: e643bd26f0fe6173181afceb89e7c659 -> 
  custom:AudioImporter_EditorPlatform: d09bf68614088b80899f8185d706f6e7 -> 
  custom:audio-decoder-ogg-vorbis: bf7c407c2cedff20999df2af8eb42d56 -> 
  custom:audio-encoder-webm-vorbis: bf7c407c2cedff20999df2af8eb42d56 -> 
  custom:video-codec-MediaFoundation-h265: 746d11721c4dcdbdad8f713fa42b33f4 -> 
  custom:video-decoder-ogg-theora: a1e56fd34408186e4bbccfd4996cb3dc -> 
  custom:CustomObjectIndexerAttribute: 9a22284fe3817be447336de3de66b15e -> 
  custom:container-demuxer-webm: 4f35f7cbe854078d1ac9338744f61a02 -> 
  custom:video-encoder-webm-vp8: eb34c28f22e8b96e1ab97ce403110664 -> 
========================================================================
Received Prepare
Caller must complete domain reload
Begin MonoManager ReloadAssembly
- Loaded All Assemblies, in  0.536 seconds
Native extension for UWP target not found
Native extension for WindowsStandalone target not found
Native extension for Android target not found
[Package Manager] Server::EnsureServerProcessIsRunning -- launch failed, reason: Unity was launched with the -noUpm command-line argument
[Package Manager] UpmClient::Send -- Unable to send message (not connected to UPM process).
[Package Manager] Cannot connect to Unity Package Manager local server
[Package Manager] Server::EnsureServerProcessIsRunning -- launch failed, reason: Unity was launched with the -noUpm command-line argument
[Package Manager] UpmClient::Send -- Unable to send message (not connected to UPM process).
[Package Manager] Cannot connect to Unity Package Manager local server
[Synthetic Environments] got match start synth_env_server.exe Bedroom
UnityEngine.StackTraceUtility:ExtractStackTrace ()
UnityEngine.DebugLogHandler:LogFormat (UnityEngine.LogType,UnityEngine.Object,string,object[])
UnityEngine.Logger:Log (UnityEngine.LogType,object)
UnityEngine.Debug:Log (object)
Meta.XR.Simulator.Utils:ReportInfo (string,string) (at ./Library/PackageCache/com.meta.xr.simulator@74.0.0/Editor/Utils.cs:165)
Meta.XR.Simulator.Editor.SyntheticEnvironments.Installer:ParseSynthEnvScript (string) (at ./Library/PackageCache/com.meta.xr.simulator@74.0.0/Editor/SyntheticEnvironments/Installer.cs:98)
Meta.XR.Simulator.Editor.SyntheticEnvironments.Installer:BuildSyntheticEnvironments () (at ./Library/PackageCache/com.meta.xr.simulator@74.0.0/Editor/SyntheticEnvironments/Installer.cs:76)
Meta.XR.Simulator.Editor.SyntheticEnvironments.Registry:RegisterSyntheticEnvironments () (at ./Library/PackageCache/com.meta.xr.simulator@74.0.0/Editor/SyntheticEnvironments/Registry.cs:97)
Meta.XR.Simulator.Editor.SyntheticEnvironments.Registry:.cctor () (at ./Library/PackageCache/com.meta.xr.simulator@74.0.0/Editor/SyntheticEnvironments/Registry.cs:87)
System.Runtime.CompilerServices.RuntimeHelpers:RunClassConstructor (System.RuntimeTypeHandle)
UnityEditor.EditorAssemblies:ProcessInitializeOnLoadAttributes (System.Type[])

(Filename: ./Library/PackageCache/com.meta.xr.simulator@74.0.0/Editor/Utils.cs Line: 165)

[Synthetic Environments] got match start synth_env_server.exe GameRoom
UnityEngine.StackTraceUtility:ExtractStackTrace ()
UnityEngine.DebugLogHandler:LogFormat (UnityEngine.LogType,UnityEngine.Object,string,object[])
UnityEngine.Logger:Log (UnityEngine.LogType,object)
UnityEngine.Debug:Log (object)
Meta.XR.Simulator.Utils:ReportInfo (string,string) (at ./Library/PackageCache/com.meta.xr.simulator@74.0.0/Editor/Utils.cs:165)
Meta.XR.Simulator.Editor.SyntheticEnvironments.Installer:ParseSynthEnvScript (string) (at ./Library/PackageCache/com.meta.xr.simulator@74.0.0/Editor/SyntheticEnvironments/Installer.cs:98)
Meta.XR.Simulator.Editor.SyntheticEnvironments.Installer:BuildSyntheticEnvironments () (at ./Library/PackageCache/com.meta.xr.simulator@74.0.0/Editor/SyntheticEnvironments/Installer.cs:76)
Meta.XR.Simulator.Editor.SyntheticEnvironments.Registry:RegisterSyntheticEnvironments () (at ./Library/PackageCache/com.meta.xr.simulator@74.0.0/Editor/SyntheticEnvironments/Registry.cs:97)
Meta.XR.Simulator.Editor.SyntheticEnvironments.Registry:.cctor () (at ./Library/PackageCache/com.meta.xr.simulator@74.0.0/Editor/SyntheticEnvironments/Registry.cs:87)
System.Runtime.CompilerServices.RuntimeHelpers:RunClassConstructor (System.RuntimeTypeHandle)
UnityEditor.EditorAssemblies:ProcessInitializeOnLoadAttributes (System.Type[])

(Filename: ./Library/PackageCache/com.meta.xr.simulator@74.0.0/Editor/Utils.cs Line: 165)

[Synthetic Environments] got match start synth_env_server.exe LivingRoom
UnityEngine.StackTraceUtility:ExtractStackTrace ()
UnityEngine.DebugLogHandler:LogFormat (UnityEngine.LogType,UnityEngine.Object,string,object[])
UnityEngine.Logger:Log (UnityEngine.LogType,object)
UnityEngine.Debug:Log (object)
Meta.XR.Simulator.Utils:ReportInfo (string,string) (at ./Library/PackageCache/com.meta.xr.simulator@74.0.0/Editor/Utils.cs:165)
Meta.XR.Simulator.Editor.SyntheticEnvironments.Installer:ParseSynthEnvScript (string) (at ./Library/PackageCache/com.meta.xr.simulator@74.0.0/Editor/SyntheticEnvironments/Installer.cs:98)
Meta.XR.Simulator.Editor.SyntheticEnvironments.Installer:BuildSyntheticEnvironments () (at ./Library/PackageCache/com.meta.xr.simulator@74.0.0/Editor/SyntheticEnvironments/Installer.cs:76)
Meta.XR.Simulator.Editor.SyntheticEnvironments.Registry:RegisterSyntheticEnvironments () (at ./Library/PackageCache/com.meta.xr.simulator@74.0.0/Editor/SyntheticEnvironments/Registry.cs:97)
Meta.XR.Simulator.Editor.SyntheticEnvironments.Registry:.cctor () (at ./Library/PackageCache/com.meta.xr.simulator@74.0.0/Editor/SyntheticEnvironments/Registry.cs:87)
System.Runtime.CompilerServices.RuntimeHelpers:RunClassConstructor (System.RuntimeTypeHandle)
UnityEditor.EditorAssemblies:ProcessInitializeOnLoadAttributes (System.Type[])

(Filename: ./Library/PackageCache/com.meta.xr.simulator@74.0.0/Editor/Utils.cs Line: 165)

[Synthetic Environments] got match start synth_env_server_extra_rooms.exe XRoom2_3
UnityEngine.StackTraceUtility:ExtractStackTrace ()
UnityEngine.DebugLogHandler:LogFormat (UnityEngine.LogType,UnityEngine.Object,string,object[])
UnityEngine.Logger:Log (UnityEngine.LogType,object)
UnityEngine.Debug:Log (object)
Meta.XR.Simulator.Utils:ReportInfo (string,string) (at ./Library/PackageCache/com.meta.xr.simulator@74.0.0/Editor/Utils.cs:165)
Meta.XR.Simulator.Editor.SyntheticEnvironments.Installer:ParseSynthEnvScript (string) (at ./Library/PackageCache/com.meta.xr.simulator@74.0.0/Editor/SyntheticEnvironments/Installer.cs:98)
Meta.XR.Simulator.Editor.SyntheticEnvironments.Installer:BuildSyntheticEnvironments () (at ./Library/PackageCache/com.meta.xr.simulator@74.0.0/Editor/SyntheticEnvironments/Installer.cs:76)
Meta.XR.Simulator.Editor.SyntheticEnvironments.Registry:RegisterSyntheticEnvironments () (at ./Library/PackageCache/com.meta.xr.simulator@74.0.0/Editor/SyntheticEnvironments/Registry.cs:97)
Meta.XR.Simulator.Editor.SyntheticEnvironments.Registry:.cctor () (at ./Library/PackageCache/com.meta.xr.simulator@74.0.0/Editor/SyntheticEnvironments/Registry.cs:87)
System.Runtime.CompilerServices.RuntimeHelpers:RunClassConstructor (System.RuntimeTypeHandle)
UnityEditor.EditorAssemblies:ProcessInitializeOnLoadAttributes (System.Type[])

(Filename: ./Library/PackageCache/com.meta.xr.simulator@74.0.0/Editor/Utils.cs Line: 165)

[Synthetic Environments] got match start synth_env_server_extra_rooms.exe XRoom2_4
UnityEngine.StackTraceUtility:ExtractStackTrace ()
UnityEngine.DebugLogHandler:LogFormat (UnityEngine.LogType,UnityEngine.Object,string,object[])
UnityEngine.Logger:Log (UnityEngine.LogType,object)
UnityEngine.Debug:Log (object)
Meta.XR.Simulator.Utils:ReportInfo (string,string) (at ./Library/PackageCache/com.meta.xr.simulator@74.0.0/Editor/Utils.cs:165)
Meta.XR.Simulator.Editor.SyntheticEnvironments.Installer:ParseSynthEnvScript (string) (at ./Library/PackageCache/com.meta.xr.simulator@74.0.0/Editor/SyntheticEnvironments/Installer.cs:98)
Meta.XR.Simulator.Editor.SyntheticEnvironments.Installer:BuildSyntheticEnvironments () (at ./Library/PackageCache/com.meta.xr.simulator@74.0.0/Editor/SyntheticEnvironments/Installer.cs:76)
Meta.XR.Simulator.Editor.SyntheticEnvironments.Registry:RegisterSyntheticEnvironments () (at ./Library/PackageCache/com.meta.xr.simulator@74.0.0/Editor/SyntheticEnvironments/Registry.cs:97)
Meta.XR.Simulator.Editor.SyntheticEnvironments.Registry:.cctor () (at ./Library/PackageCache/com.meta.xr.simulator@74.0.0/Editor/SyntheticEnvironments/Registry.cs:87)
System.Runtime.CompilerServices.RuntimeHelpers:RunClassConstructor (System.RuntimeTypeHandle)
UnityEditor.EditorAssemblies:ProcessInitializeOnLoadAttributes (System.Type[])

(Filename: ./Library/PackageCache/com.meta.xr.simulator@74.0.0/Editor/Utils.cs Line: 165)

[Synthetic Environments] got match start synth_env_server_extra_rooms.exe XRoom5_6
UnityEngine.StackTraceUtility:ExtractStackTrace ()
UnityEngine.DebugLogHandler:LogFormat (UnityEngine.LogType,UnityEngine.Object,string,object[])
UnityEngine.Logger:Log (UnityEngine.LogType,object)
UnityEngine.Debug:Log (object)
Meta.XR.Simulator.Utils:ReportInfo (string,string) (at ./Library/PackageCache/com.meta.xr.simulator@74.0.0/Editor/Utils.cs:165)
Meta.XR.Simulator.Editor.SyntheticEnvironments.Installer:ParseSynthEnvScript (string) (at ./Library/PackageCache/com.meta.xr.simulator@74.0.0/Editor/SyntheticEnvironments/Installer.cs:98)
Meta.XR.Simulator.Editor.SyntheticEnvironments.Installer:BuildSyntheticEnvironments () (at ./Library/PackageCache/com.meta.xr.simulator@74.0.0/Editor/SyntheticEnvironments/Installer.cs:76)
Meta.XR.Simulator.Editor.SyntheticEnvironments.Registry:RegisterSyntheticEnvironments () (at ./Library/PackageCache/com.meta.xr.simulator@74.0.0/Editor/SyntheticEnvironments/Registry.cs:97)
Meta.XR.Simulator.Editor.SyntheticEnvironments.Registry:.cctor () (at ./Library/PackageCache/com.meta.xr.simulator@74.0.0/Editor/SyntheticEnvironments/Registry.cs:87)
System.Runtime.CompilerServices.RuntimeHelpers:RunClassConstructor (System.RuntimeTypeHandle)
UnityEditor.EditorAssemblies:ProcessInitializeOnLoadAttributes (System.Type[])

(Filename: ./Library/PackageCache/com.meta.xr.simulator@74.0.0/Editor/Utils.cs Line: 165)

[Synthetic Environments] got match start synth_env_server_extra_rooms.exe XRoom5_1
UnityEngine.StackTraceUtility:ExtractStackTrace ()
UnityEngine.DebugLogHandler:LogFormat (UnityEngine.LogType,UnityEngine.Object,string,object[])
UnityEngine.Logger:Log (UnityEngine.LogType,object)
UnityEngine.Debug:Log (object)
Meta.XR.Simulator.Utils:ReportInfo (string,string) (at ./Library/PackageCache/com.meta.xr.simulator@74.0.0/Editor/Utils.cs:165)
Meta.XR.Simulator.Editor.SyntheticEnvironments.Installer:ParseSynthEnvScript (string) (at ./Library/PackageCache/com.meta.xr.simulator@74.0.0/Editor/SyntheticEnvironments/Installer.cs:98)
Meta.XR.Simulator.Editor.SyntheticEnvironments.Installer:BuildSyntheticEnvironments () (at ./Library/PackageCache/com.meta.xr.simulator@74.0.0/Editor/SyntheticEnvironments/Installer.cs:76)
Meta.XR.Simulator.Editor.SyntheticEnvironments.Registry:RegisterSyntheticEnvironments () (at ./Library/PackageCache/com.meta.xr.simulator@74.0.0/Editor/SyntheticEnvironments/Registry.cs:97)
Meta.XR.Simulator.Editor.SyntheticEnvironments.Registry:.cctor () (at ./Library/PackageCache/com.meta.xr.simulator@74.0.0/Editor/SyntheticEnvironments/Registry.cs:87)
System.Runtime.CompilerServices.RuntimeHelpers:RunClassConstructor (System.RuntimeTypeHandle)
UnityEditor.EditorAssemblies:ProcessInitializeOnLoadAttributes (System.Type[])

(Filename: ./Library/PackageCache/com.meta.xr.simulator@74.0.0/Editor/Utils.cs Line: 165)

[Synthetic Environments] got match start synth_env_server_extra_rooms.exe XRoom3_1
UnityEngine.StackTraceUtility:ExtractStackTrace ()
UnityEngine.DebugLogHandler:LogFormat (UnityEngine.LogType,UnityEngine.Object,string,object[])
UnityEngine.Logger:Log (UnityEngine.LogType,object)
UnityEngine.Debug:Log (object)
Meta.XR.Simulator.Utils:ReportInfo (string,string) (at ./Library/PackageCache/com.meta.xr.simulator@74.0.0/Editor/Utils.cs:165)
Meta.XR.Simulator.Editor.SyntheticEnvironments.Installer:ParseSynthEnvScript (string) (at ./Library/PackageCache/com.meta.xr.simulator@74.0.0/Editor/SyntheticEnvironments/Installer.cs:98)
Meta.XR.Simulator.Editor.SyntheticEnvironments.Installer:BuildSyntheticEnvironments () (at ./Library/PackageCache/com.meta.xr.simulator@74.0.0/Editor/SyntheticEnvironments/Installer.cs:76)
Meta.XR.Simulator.Editor.SyntheticEnvironments.Registry:RegisterSyntheticEnvironments () (at ./Library/PackageCache/com.meta.xr.simulator@74.0.0/Editor/SyntheticEnvironments/Registry.cs:97)
Meta.XR.Simulator.Editor.SyntheticEnvironments.Registry:.cctor () (at ./Library/PackageCache/com.meta.xr.simulator@74.0.0/Editor/SyntheticEnvironments/Registry.cs:87)
System.Runtime.CompilerServices.RuntimeHelpers:RunClassConstructor (System.RuntimeTypeHandle)
UnityEditor.EditorAssemblies:ProcessInitializeOnLoadAttributes (System.Type[])

(Filename: ./Library/PackageCache/com.meta.xr.simulator@74.0.0/Editor/Utils.cs Line: 165)

[Synthetic Environments] got match start synth_env_server_extra_rooms.exe XRoom1_2
UnityEngine.StackTraceUtility:ExtractStackTrace ()
UnityEngine.DebugLogHandler:LogFormat (UnityEngine.LogType,UnityEngine.Object,string,object[])
UnityEngine.Logger:Log (UnityEngine.LogType,object)
UnityEngine.Debug:Log (object)
Meta.XR.Simulator.Utils:ReportInfo (string,string) (at ./Library/PackageCache/com.meta.xr.simulator@74.0.0/Editor/Utils.cs:165)
Meta.XR.Simulator.Editor.SyntheticEnvironments.Installer:ParseSynthEnvScript (string) (at ./Library/PackageCache/com.meta.xr.simulator@74.0.0/Editor/SyntheticEnvironments/Installer.cs:98)
Meta.XR.Simulator.Editor.SyntheticEnvironments.Installer:BuildSyntheticEnvironments () (at ./Library/PackageCache/com.meta.xr.simulator@74.0.0/Editor/SyntheticEnvironments/Installer.cs:76)
Meta.XR.Simulator.Editor.SyntheticEnvironments.Registry:RegisterSyntheticEnvironments () (at ./Library/PackageCache/com.meta.xr.simulator@74.0.0/Editor/SyntheticEnvironments/Registry.cs:97)
Meta.XR.Simulator.Editor.SyntheticEnvironments.Registry:.cctor () (at ./Library/PackageCache/com.meta.xr.simulator@74.0.0/Editor/SyntheticEnvironments/Registry.cs:87)
System.Runtime.CompilerServices.RuntimeHelpers:RunClassConstructor (System.RuntimeTypeHandle)
UnityEditor.EditorAssemblies:ProcessInitializeOnLoadAttributes (System.Type[])

(Filename: ./Library/PackageCache/com.meta.xr.simulator@74.0.0/Editor/Utils.cs Line: 165)

[Synthetic Environments] got match start synth_env_server_extra_rooms.exe XRoom1_1
UnityEngine.StackTraceUtility:ExtractStackTrace ()
UnityEngine.DebugLogHandler:LogFormat (UnityEngine.LogType,UnityEngine.Object,string,object[])
UnityEngine.Logger:Log (UnityEngine.LogType,object)
UnityEngine.Debug:Log (object)
Meta.XR.Simulator.Utils:ReportInfo (string,string) (at ./Library/PackageCache/com.meta.xr.simulator@74.0.0/Editor/Utils.cs:165)
Meta.XR.Simulator.Editor.SyntheticEnvironments.Installer:ParseSynthEnvScript (string) (at ./Library/PackageCache/com.meta.xr.simulator@74.0.0/Editor/SyntheticEnvironments/Installer.cs:98)
Meta.XR.Simulator.Editor.SyntheticEnvironments.Installer:BuildSyntheticEnvironments () (at ./Library/PackageCache/com.meta.xr.simulator@74.0.0/Editor/SyntheticEnvironments/Installer.cs:76)
Meta.XR.Simulator.Editor.SyntheticEnvironments.Registry:RegisterSyntheticEnvironments () (at ./Library/PackageCache/com.meta.xr.simulator@74.0.0/Editor/SyntheticEnvironments/Registry.cs:97)
Meta.XR.Simulator.Editor.SyntheticEnvironments.Registry:.cctor () (at ./Library/PackageCache/com.meta.xr.simulator@74.0.0/Editor/SyntheticEnvironments/Registry.cs:87)
System.Runtime.CompilerServices.RuntimeHelpers:RunClassConstructor (System.RuntimeTypeHandle)
UnityEditor.EditorAssemblies:ProcessInitializeOnLoadAttributes (System.Type[])

(Filename: ./Library/PackageCache/com.meta.xr.simulator@74.0.0/Editor/Utils.cs Line: 165)

[Synthetic Environments] got match start synth_env_server_extra_rooms.exe XRoom1_4
UnityEngine.StackTraceUtility:ExtractStackTrace ()
UnityEngine.DebugLogHandler:LogFormat (UnityEngine.LogType,UnityEngine.Object,string,object[])
UnityEngine.Logger:Log (UnityEngine.LogType,object)
UnityEngine.Debug:Log (object)
Meta.XR.Simulator.Utils:ReportInfo (string,string) (at ./Library/PackageCache/com.meta.xr.simulator@74.0.0/Editor/Utils.cs:165)
Meta.XR.Simulator.Editor.SyntheticEnvironments.Installer:ParseSynthEnvScript (string) (at ./Library/PackageCache/com.meta.xr.simulator@74.0.0/Editor/SyntheticEnvironments/Installer.cs:98)
Meta.XR.Simulator.Editor.SyntheticEnvironments.Installer:BuildSyntheticEnvironments () (at ./Library/PackageCache/com.meta.xr.simulator@74.0.0/Editor/SyntheticEnvironments/Installer.cs:76)
Meta.XR.Simulator.Editor.SyntheticEnvironments.Registry:RegisterSyntheticEnvironments () (at ./Library/PackageCache/com.meta.xr.simulator@74.0.0/Editor/SyntheticEnvironments/Registry.cs:97)
Meta.XR.Simulator.Editor.SyntheticEnvironments.Registry:.cctor () (at ./Library/PackageCache/com.meta.xr.simulator@74.0.0/Editor/SyntheticEnvironments/Registry.cs:87)
System.Runtime.CompilerServices.RuntimeHelpers:RunClassConstructor (System.RuntimeTypeHandle)
UnityEditor.EditorAssemblies:ProcessInitializeOnLoadAttributes (System.Type[])

(Filename: ./Library/PackageCache/com.meta.xr.simulator@74.0.0/Editor/Utils.cs Line: 165)

[Package Manager] Server::EnsureServerProcessIsRunning -- launch failed, reason: Unity was launched with the -noUpm command-line argument
[Package Manager] UpmClient::Send -- Unable to send message (not connected to UPM process).
[Package Manager] Cannot connect to Unity Package Manager local server
Mono: successfully reloaded assembly
[Package Manager] Server::EnsureServerProcessIsRunning -- launch failed, reason: Unity was launched with the -noUpm command-line argument
[Package Manager] UpmClient::Send -- Unable to send message (not connected to UPM process).
[Package Manager] Cannot connect to Unity Package Manager local server
- Finished resetting the current domain, in  1.409 seconds
Domain Reload Profiling: 1939ms
	BeginReloadAssembly (156ms)
		ExecutionOrderSort (0ms)
		DisableScriptedObjects (3ms)
		BackupInstance (0ms)
		ReleaseScriptingObjects (0ms)
		CreateAndSetChildDomain (39ms)
	RebuildCommonClasses (27ms)
	RebuildNativeTypeToScriptingClass (11ms)
	initialDomainReloadingComplete (27ms)
	LoadAllAssembliesAndSetupDomain (309ms)
		LoadAssemblies (358ms)
		RebuildTransferFunctionScriptingTraits (0ms)
		AnalyzeDomain (28ms)
			TypeCache.Refresh (8ms)
				TypeCache.ScanAssembly (0ms)
			ScanForSourceGeneratedMonoScriptInfo (0ms)
			ResolveRequiredComponents (18ms)
	FinalizeReload (1409ms)
		ReleaseScriptCaches (0ms)
		RebuildScriptCaches (0ms)
		SetupLoadedEditorAssemblies (763ms)
			LogAssemblyErrors (0ms)
			InitializePlatformSupportModulesInManaged (20ms)
			SetLoadedEditorAssemblies (5ms)
			RefreshPlugins (0ms)
			BeforeProcessingInitializeOnLoad (110ms)
			ProcessInitializeOnLoadAttributes (564ms)
			ProcessInitializeOnLoadMethodAttributes (57ms)
			AfterProcessingInitializeOnLoad (7ms)
			EditorAssembliesLoaded (0ms)
		ExecutionOrderSort2 (0ms)
		AwakeInstancesAfterBackupRestoration (6ms)
Shader 'Meta/MRUK/Scene/HighlightsAndShadows': fallback shader 'Off' not found
Shader 'Oculus/OVRMRCameraFrameLit': fallback shader 'Alpha-Diffuse' not found
Refreshing native plugins compatible for Editor in 18.37 ms, found 17 plugins.
Preloading 2 native plugins for Editor in 0.08 ms.
Unloading 6995 Unused Serialized files (Serialized files now loaded: 0)
Unloading 112 unused Assets / (475.3 KB). Loaded Objects now: 7607.
Memory consumption went from 231.1 MB to 230.6 MB.
Total: 5.884400 ms (FindLiveObjects: 0.350100 ms CreateObjectMapping: 0.248200 ms MarkObjects: 4.990100 ms  DeleteObjects: 0.295200 ms)

Prepare: number of updated asset objects reloaded= 0
AssetImportParameters requested are different than current active one (requested -> active):
  custom:container-demuxer-ogg: 62fdf1f143b41e24485cea50d1cbac27 -> 
  custom:framework-win-MediaFoundation: 216162199b28c13a410421893ffa2e32 -> 
  custom:container-muxer-webm: aa71ff27fc2769a1b78a27578f13a17b -> 
  custom:video-decoder-webm-vp8: 9c59270c3fd7afecdb556c50c9e8de78 -> 
  custom:SearchIndexIgnoredProperties: e643bd26f0fe6173181afceb89e7c659 -> 
  custom:AudioImporter_EditorPlatform: d09bf68614088b80899f8185d706f6e7 -> 
  custom:audio-decoder-ogg-vorbis: bf7c407c2cedff20999df2af8eb42d56 -> 
  custom:audio-encoder-webm-vorbis: bf7c407c2cedff20999df2af8eb42d56 -> 
  custom:video-codec-MediaFoundation-h265: 746d11721c4dcdbdad8f713fa42b33f4 -> 
  custom:video-decoder-ogg-theora: a1e56fd34408186e4bbccfd4996cb3dc -> 
  custom:CustomObjectIndexerAttribute: 9a22284fe3817be447336de3de66b15e -> 
  custom:container-demuxer-webm: 4f35f7cbe854078d1ac9338744f61a02 -> 
  custom:video-encoder-webm-vp8: eb34c28f22e8b96e1ab97ce403110664 -> 
========================================================================
Received Prepare
Caller must complete domain reload
Begin MonoManager ReloadAssembly
- Loaded All Assemblies, in  0.541 seconds
Native extension for UWP target not found
Native extension for WindowsStandalone target not found
Native extension for Android target not found
[Package Manager] Server::EnsureServerProcessIsRunning -- launch failed, reason: Unity was launched with the -noUpm command-line argument
[Package Manager] UpmClient::Send -- Unable to send message (not connected to UPM process).
[Package Manager] Cannot connect to Unity Package Manager local server
[Package Manager] Server::EnsureServerProcessIsRunning -- launch failed, reason: Unity was launched with the -noUpm command-line argument
[Package Manager] UpmClient::Send -- Unable to send message (not connected to UPM process).
[Package Manager] Cannot connect to Unity Package Manager local server
[Synthetic Environments] got match start synth_env_server.exe Bedroom
UnityEngine.StackTraceUtility:ExtractStackTrace ()
UnityEngine.DebugLogHandler:LogFormat (UnityEngine.LogType,UnityEngine.Object,string,object[])
UnityEngine.Logger:Log (UnityEngine.LogType,object)
UnityEngine.Debug:Log (object)
Meta.XR.Simulator.Utils:ReportInfo (string,string) (at ./Library/PackageCache/com.meta.xr.simulator@74.0.0/Editor/Utils.cs:165)
Meta.XR.Simulator.Editor.SyntheticEnvironments.Installer:ParseSynthEnvScript (string) (at ./Library/PackageCache/com.meta.xr.simulator@74.0.0/Editor/SyntheticEnvironments/Installer.cs:98)
Meta.XR.Simulator.Editor.SyntheticEnvironments.Installer:BuildSyntheticEnvironments () (at ./Library/PackageCache/com.meta.xr.simulator@74.0.0/Editor/SyntheticEnvironments/Installer.cs:76)
Meta.XR.Simulator.Editor.SyntheticEnvironments.Registry:RegisterSyntheticEnvironments () (at ./Library/PackageCache/com.meta.xr.simulator@74.0.0/Editor/SyntheticEnvironments/Registry.cs:97)
Meta.XR.Simulator.Editor.SyntheticEnvironments.Registry:.cctor () (at ./Library/PackageCache/com.meta.xr.simulator@74.0.0/Editor/SyntheticEnvironments/Registry.cs:87)
System.Runtime.CompilerServices.RuntimeHelpers:RunClassConstructor (System.RuntimeTypeHandle)
UnityEditor.EditorAssemblies:ProcessInitializeOnLoadAttributes (System.Type[])

(Filename: ./Library/PackageCache/com.meta.xr.simulator@74.0.0/Editor/Utils.cs Line: 165)

[Synthetic Environments] got match start synth_env_server.exe GameRoom
UnityEngine.StackTraceUtility:ExtractStackTrace ()
UnityEngine.DebugLogHandler:LogFormat (UnityEngine.LogType,UnityEngine.Object,string,object[])
UnityEngine.Logger:Log (UnityEngine.LogType,object)
UnityEngine.Debug:Log (object)
Meta.XR.Simulator.Utils:ReportInfo (string,string) (at ./Library/PackageCache/com.meta.xr.simulator@74.0.0/Editor/Utils.cs:165)
Meta.XR.Simulator.Editor.SyntheticEnvironments.Installer:ParseSynthEnvScript (string) (at ./Library/PackageCache/com.meta.xr.simulator@74.0.0/Editor/SyntheticEnvironments/Installer.cs:98)
Meta.XR.Simulator.Editor.SyntheticEnvironments.Installer:BuildSyntheticEnvironments () (at ./Library/PackageCache/com.meta.xr.simulator@74.0.0/Editor/SyntheticEnvironments/Installer.cs:76)
Meta.XR.Simulator.Editor.SyntheticEnvironments.Registry:RegisterSyntheticEnvironments () (at ./Library/PackageCache/com.meta.xr.simulator@74.0.0/Editor/SyntheticEnvironments/Registry.cs:97)
Meta.XR.Simulator.Editor.SyntheticEnvironments.Registry:.cctor () (at ./Library/PackageCache/com.meta.xr.simulator@74.0.0/Editor/SyntheticEnvironments/Registry.cs:87)
System.Runtime.CompilerServices.RuntimeHelpers:RunClassConstructor (System.RuntimeTypeHandle)
UnityEditor.EditorAssemblies:ProcessInitializeOnLoadAttributes (System.Type[])

(Filename: ./Library/PackageCache/com.meta.xr.simulator@74.0.0/Editor/Utils.cs Line: 165)

[Synthetic Environments] got match start synth_env_server.exe LivingRoom
UnityEngine.StackTraceUtility:ExtractStackTrace ()
UnityEngine.DebugLogHandler:LogFormat (UnityEngine.LogType,UnityEngine.Object,string,object[])
UnityEngine.Logger:Log (UnityEngine.LogType,object)
UnityEngine.Debug:Log (object)
Meta.XR.Simulator.Utils:ReportInfo (string,string) (at ./Library/PackageCache/com.meta.xr.simulator@74.0.0/Editor/Utils.cs:165)
Meta.XR.Simulator.Editor.SyntheticEnvironments.Installer:ParseSynthEnvScript (string) (at ./Library/PackageCache/com.meta.xr.simulator@74.0.0/Editor/SyntheticEnvironments/Installer.cs:98)
Meta.XR.Simulator.Editor.SyntheticEnvironments.Installer:BuildSyntheticEnvironments () (at ./Library/PackageCache/com.meta.xr.simulator@74.0.0/Editor/SyntheticEnvironments/Installer.cs:76)
Meta.XR.Simulator.Editor.SyntheticEnvironments.Registry:RegisterSyntheticEnvironments () (at ./Library/PackageCache/com.meta.xr.simulator@74.0.0/Editor/SyntheticEnvironments/Registry.cs:97)
Meta.XR.Simulator.Editor.SyntheticEnvironments.Registry:.cctor () (at ./Library/PackageCache/com.meta.xr.simulator@74.0.0/Editor/SyntheticEnvironments/Registry.cs:87)
System.Runtime.CompilerServices.RuntimeHelpers:RunClassConstructor (System.RuntimeTypeHandle)
UnityEditor.EditorAssemblies:ProcessInitializeOnLoadAttributes (System.Type[])

(Filename: ./Library/PackageCache/com.meta.xr.simulator@74.0.0/Editor/Utils.cs Line: 165)

[Synthetic Environments] got match start synth_env_server_extra_rooms.exe XRoom2_3
UnityEngine.StackTraceUtility:ExtractStackTrace ()
UnityEngine.DebugLogHandler:LogFormat (UnityEngine.LogType,UnityEngine.Object,string,object[])
UnityEngine.Logger:Log (UnityEngine.LogType,object)
UnityEngine.Debug:Log (object)
Meta.XR.Simulator.Utils:ReportInfo (string,string) (at ./Library/PackageCache/com.meta.xr.simulator@74.0.0/Editor/Utils.cs:165)
Meta.XR.Simulator.Editor.SyntheticEnvironments.Installer:ParseSynthEnvScript (string) (at ./Library/PackageCache/com.meta.xr.simulator@74.0.0/Editor/SyntheticEnvironments/Installer.cs:98)
Meta.XR.Simulator.Editor.SyntheticEnvironments.Installer:BuildSyntheticEnvironments () (at ./Library/PackageCache/com.meta.xr.simulator@74.0.0/Editor/SyntheticEnvironments/Installer.cs:76)
Meta.XR.Simulator.Editor.SyntheticEnvironments.Registry:RegisterSyntheticEnvironments () (at ./Library/PackageCache/com.meta.xr.simulator@74.0.0/Editor/SyntheticEnvironments/Registry.cs:97)
Meta.XR.Simulator.Editor.SyntheticEnvironments.Registry:.cctor () (at ./Library/PackageCache/com.meta.xr.simulator@74.0.0/Editor/SyntheticEnvironments/Registry.cs:87)
System.Runtime.CompilerServices.RuntimeHelpers:RunClassConstructor (System.RuntimeTypeHandle)
UnityEditor.EditorAssemblies:ProcessInitializeOnLoadAttributes (System.Type[])

(Filename: ./Library/PackageCache/com.meta.xr.simulator@74.0.0/Editor/Utils.cs Line: 165)

[Synthetic Environments] got match start synth_env_server_extra_rooms.exe XRoom2_4
UnityEngine.StackTraceUtility:ExtractStackTrace ()
UnityEngine.DebugLogHandler:LogFormat (UnityEngine.LogType,UnityEngine.Object,string,object[])
UnityEngine.Logger:Log (UnityEngine.LogType,object)
UnityEngine.Debug:Log (object)
Meta.XR.Simulator.Utils:ReportInfo (string,string) (at ./Library/PackageCache/com.meta.xr.simulator@74.0.0/Editor/Utils.cs:165)
Meta.XR.Simulator.Editor.SyntheticEnvironments.Installer:ParseSynthEnvScript (string) (at ./Library/PackageCache/com.meta.xr.simulator@74.0.0/Editor/SyntheticEnvironments/Installer.cs:98)
Meta.XR.Simulator.Editor.SyntheticEnvironments.Installer:BuildSyntheticEnvironments () (at ./Library/PackageCache/com.meta.xr.simulator@74.0.0/Editor/SyntheticEnvironments/Installer.cs:76)
Meta.XR.Simulator.Editor.SyntheticEnvironments.Registry:RegisterSyntheticEnvironments () (at ./Library/PackageCache/com.meta.xr.simulator@74.0.0/Editor/SyntheticEnvironments/Registry.cs:97)
Meta.XR.Simulator.Editor.SyntheticEnvironments.Registry:.cctor () (at ./Library/PackageCache/com.meta.xr.simulator@74.0.0/Editor/SyntheticEnvironments/Registry.cs:87)
System.Runtime.CompilerServices.RuntimeHelpers:RunClassConstructor (System.RuntimeTypeHandle)
UnityEditor.EditorAssemblies:ProcessInitializeOnLoadAttributes (System.Type[])

(Filename: ./Library/PackageCache/com.meta.xr.simulator@74.0.0/Editor/Utils.cs Line: 165)

[Synthetic Environments] got match start synth_env_server_extra_rooms.exe XRoom5_6
UnityEngine.StackTraceUtility:ExtractStackTrace ()
UnityEngine.DebugLogHandler:LogFormat (UnityEngine.LogType,UnityEngine.Object,string,object[])
UnityEngine.Logger:Log (UnityEngine.LogType,object)
UnityEngine.Debug:Log (object)
Meta.XR.Simulator.Utils:ReportInfo (string,string) (at ./Library/PackageCache/com.meta.xr.simulator@74.0.0/Editor/Utils.cs:165)
Meta.XR.Simulator.Editor.SyntheticEnvironments.Installer:ParseSynthEnvScript (string) (at ./Library/PackageCache/com.meta.xr.simulator@74.0.0/Editor/SyntheticEnvironments/Installer.cs:98)
Meta.XR.Simulator.Editor.SyntheticEnvironments.Installer:BuildSyntheticEnvironments () (at ./Library/PackageCache/com.meta.xr.simulator@74.0.0/Editor/SyntheticEnvironments/Installer.cs:76)
Meta.XR.Simulator.Editor.SyntheticEnvironments.Registry:RegisterSyntheticEnvironments () (at ./Library/PackageCache/com.meta.xr.simulator@74.0.0/Editor/SyntheticEnvironments/Registry.cs:97)
Meta.XR.Simulator.Editor.SyntheticEnvironments.Registry:.cctor () (at ./Library/PackageCache/com.meta.xr.simulator@74.0.0/Editor/SyntheticEnvironments/Registry.cs:87)
System.Runtime.CompilerServices.RuntimeHelpers:RunClassConstructor (System.RuntimeTypeHandle)
UnityEditor.EditorAssemblies:ProcessInitializeOnLoadAttributes (System.Type[])

(Filename: ./Library/PackageCache/com.meta.xr.simulator@74.0.0/Editor/Utils.cs Line: 165)

[Synthetic Environments] got match start synth_env_server_extra_rooms.exe XRoom5_1
UnityEngine.StackTraceUtility:ExtractStackTrace ()
UnityEngine.DebugLogHandler:LogFormat (UnityEngine.LogType,UnityEngine.Object,string,object[])
UnityEngine.Logger:Log (UnityEngine.LogType,object)
UnityEngine.Debug:Log (object)
Meta.XR.Simulator.Utils:ReportInfo (string,string) (at ./Library/PackageCache/com.meta.xr.simulator@74.0.0/Editor/Utils.cs:165)
Meta.XR.Simulator.Editor.SyntheticEnvironments.Installer:ParseSynthEnvScript (string) (at ./Library/PackageCache/com.meta.xr.simulator@74.0.0/Editor/SyntheticEnvironments/Installer.cs:98)
Meta.XR.Simulator.Editor.SyntheticEnvironments.Installer:BuildSyntheticEnvironments () (at ./Library/PackageCache/com.meta.xr.simulator@74.0.0/Editor/SyntheticEnvironments/Installer.cs:76)
Meta.XR.Simulator.Editor.SyntheticEnvironments.Registry:RegisterSyntheticEnvironments () (at ./Library/PackageCache/com.meta.xr.simulator@74.0.0/Editor/SyntheticEnvironments/Registry.cs:97)
Meta.XR.Simulator.Editor.SyntheticEnvironments.Registry:.cctor () (at ./Library/PackageCache/com.meta.xr.simulator@74.0.0/Editor/SyntheticEnvironments/Registry.cs:87)
System.Runtime.CompilerServices.RuntimeHelpers:RunClassConstructor (System.RuntimeTypeHandle)
UnityEditor.EditorAssemblies:ProcessInitializeOnLoadAttributes (System.Type[])

(Filename: ./Library/PackageCache/com.meta.xr.simulator@74.0.0/Editor/Utils.cs Line: 165)

[Synthetic Environments] got match start synth_env_server_extra_rooms.exe XRoom3_1
UnityEngine.StackTraceUtility:ExtractStackTrace ()
UnityEngine.DebugLogHandler:LogFormat (UnityEngine.LogType,UnityEngine.Object,string,object[])
UnityEngine.Logger:Log (UnityEngine.LogType,object)
UnityEngine.Debug:Log (object)
Meta.XR.Simulator.Utils:ReportInfo (string,string) (at ./Library/PackageCache/com.meta.xr.simulator@74.0.0/Editor/Utils.cs:165)
Meta.XR.Simulator.Editor.SyntheticEnvironments.Installer:ParseSynthEnvScript (string) (at ./Library/PackageCache/com.meta.xr.simulator@74.0.0/Editor/SyntheticEnvironments/Installer.cs:98)
Meta.XR.Simulator.Editor.SyntheticEnvironments.Installer:BuildSyntheticEnvironments () (at ./Library/PackageCache/com.meta.xr.simulator@74.0.0/Editor/SyntheticEnvironments/Installer.cs:76)
Meta.XR.Simulator.Editor.SyntheticEnvironments.Registry:RegisterSyntheticEnvironments () (at ./Library/PackageCache/com.meta.xr.simulator@74.0.0/Editor/SyntheticEnvironments/Registry.cs:97)
Meta.XR.Simulator.Editor.SyntheticEnvironments.Registry:.cctor () (at ./Library/PackageCache/com.meta.xr.simulator@74.0.0/Editor/SyntheticEnvironments/Registry.cs:87)
System.Runtime.CompilerServices.RuntimeHelpers:RunClassConstructor (System.RuntimeTypeHandle)
UnityEditor.EditorAssemblies:ProcessInitializeOnLoadAttributes (System.Type[])

(Filename: ./Library/PackageCache/com.meta.xr.simulator@74.0.0/Editor/Utils.cs Line: 165)

[Synthetic Environments] got match start synth_env_server_extra_rooms.exe XRoom1_2
UnityEngine.StackTraceUtility:ExtractStackTrace ()
UnityEngine.DebugLogHandler:LogFormat (UnityEngine.LogType,UnityEngine.Object,string,object[])
UnityEngine.Logger:Log (UnityEngine.LogType,object)
UnityEngine.Debug:Log (object)
Meta.XR.Simulator.Utils:ReportInfo (string,string) (at ./Library/PackageCache/com.meta.xr.simulator@74.0.0/Editor/Utils.cs:165)
Meta.XR.Simulator.Editor.SyntheticEnvironments.Installer:ParseSynthEnvScript (string) (at ./Library/PackageCache/com.meta.xr.simulator@74.0.0/Editor/SyntheticEnvironments/Installer.cs:98)
Meta.XR.Simulator.Editor.SyntheticEnvironments.Installer:BuildSyntheticEnvironments () (at ./Library/PackageCache/com.meta.xr.simulator@74.0.0/Editor/SyntheticEnvironments/Installer.cs:76)
Meta.XR.Simulator.Editor.SyntheticEnvironments.Registry:RegisterSyntheticEnvironments () (at ./Library/PackageCache/com.meta.xr.simulator@74.0.0/Editor/SyntheticEnvironments/Registry.cs:97)
Meta.XR.Simulator.Editor.SyntheticEnvironments.Registry:.cctor () (at ./Library/PackageCache/com.meta.xr.simulator@74.0.0/Editor/SyntheticEnvironments/Registry.cs:87)
System.Runtime.CompilerServices.RuntimeHelpers:RunClassConstructor (System.RuntimeTypeHandle)
UnityEditor.EditorAssemblies:ProcessInitializeOnLoadAttributes (System.Type[])

(Filename: ./Library/PackageCache/com.meta.xr.simulator@74.0.0/Editor/Utils.cs Line: 165)

[Synthetic Environments] got match start synth_env_server_extra_rooms.exe XRoom1_1
UnityEngine.StackTraceUtility:ExtractStackTrace ()
UnityEngine.DebugLogHandler:LogFormat (UnityEngine.LogType,UnityEngine.Object,string,object[])
UnityEngine.Logger:Log (UnityEngine.LogType,object)
UnityEngine.Debug:Log (object)
Meta.XR.Simulator.Utils:ReportInfo (string,string) (at ./Library/PackageCache/com.meta.xr.simulator@74.0.0/Editor/Utils.cs:165)
Meta.XR.Simulator.Editor.SyntheticEnvironments.Installer:ParseSynthEnvScript (string) (at ./Library/PackageCache/com.meta.xr.simulator@74.0.0/Editor/SyntheticEnvironments/Installer.cs:98)
Meta.XR.Simulator.Editor.SyntheticEnvironments.Installer:BuildSyntheticEnvironments () (at ./Library/PackageCache/com.meta.xr.simulator@74.0.0/Editor/SyntheticEnvironments/Installer.cs:76)
Meta.XR.Simulator.Editor.SyntheticEnvironments.Registry:RegisterSyntheticEnvironments () (at ./Library/PackageCache/com.meta.xr.simulator@74.0.0/Editor/SyntheticEnvironments/Registry.cs:97)
Meta.XR.Simulator.Editor.SyntheticEnvironments.Registry:.cctor () (at ./Library/PackageCache/com.meta.xr.simulator@74.0.0/Editor/SyntheticEnvironments/Registry.cs:87)
System.Runtime.CompilerServices.RuntimeHelpers:RunClassConstructor (System.RuntimeTypeHandle)
UnityEditor.EditorAssemblies:ProcessInitializeOnLoadAttributes (System.Type[])

(Filename: ./Library/PackageCache/com.meta.xr.simulator@74.0.0/Editor/Utils.cs Line: 165)

[Synthetic Environments] got match start synth_env_server_extra_rooms.exe XRoom1_4
UnityEngine.StackTraceUtility:ExtractStackTrace ()
UnityEngine.DebugLogHandler:LogFormat (UnityEngine.LogType,UnityEngine.Object,string,object[])
UnityEngine.Logger:Log (UnityEngine.LogType,object)
UnityEngine.Debug:Log (object)
Meta.XR.Simulator.Utils:ReportInfo (string,string) (at ./Library/PackageCache/com.meta.xr.simulator@74.0.0/Editor/Utils.cs:165)
Meta.XR.Simulator.Editor.SyntheticEnvironments.Installer:ParseSynthEnvScript (string) (at ./Library/PackageCache/com.meta.xr.simulator@74.0.0/Editor/SyntheticEnvironments/Installer.cs:98)
Meta.XR.Simulator.Editor.SyntheticEnvironments.Installer:BuildSyntheticEnvironments () (at ./Library/PackageCache/com.meta.xr.simulator@74.0.0/Editor/SyntheticEnvironments/Installer.cs:76)
Meta.XR.Simulator.Editor.SyntheticEnvironments.Registry:RegisterSyntheticEnvironments () (at ./Library/PackageCache/com.meta.xr.simulator@74.0.0/Editor/SyntheticEnvironments/Registry.cs:97)
Meta.XR.Simulator.Editor.SyntheticEnvironments.Registry:.cctor () (at ./Library/PackageCache/com.meta.xr.simulator@74.0.0/Editor/SyntheticEnvironments/Registry.cs:87)
System.Runtime.CompilerServices.RuntimeHelpers:RunClassConstructor (System.RuntimeTypeHandle)
UnityEditor.EditorAssemblies:ProcessInitializeOnLoadAttributes (System.Type[])

(Filename: ./Library/PackageCache/com.meta.xr.simulator@74.0.0/Editor/Utils.cs Line: 165)

[Package Manager] Server::EnsureServerProcessIsRunning -- launch failed, reason: Unity was launched with the -noUpm command-line argument
[Package Manager] UpmClient::Send -- Unable to send message (not connected to UPM process).
[Package Manager] Cannot connect to Unity Package Manager local server
Mono: successfully reloaded assembly
[Package Manager] Server::EnsureServerProcessIsRunning -- launch failed, reason: Unity was launched with the -noUpm command-line argument
[Package Manager] UpmClient::Send -- Unable to send message (not connected to UPM process).
[Package Manager] Cannot connect to Unity Package Manager local server
- Finished resetting the current domain, in  1.497 seconds
Domain Reload Profiling: 2032ms
	BeginReloadAssembly (160ms)
		ExecutionOrderSort (0ms)
		DisableScriptedObjects (3ms)
		BackupInstance (0ms)
		ReleaseScriptingObjects (0ms)
		CreateAndSetChildDomain (42ms)
	RebuildCommonClasses (28ms)
	RebuildNativeTypeToScriptingClass (10ms)
	initialDomainReloadingComplete (27ms)
	LoadAllAssembliesAndSetupDomain (308ms)
		LoadAssemblies (358ms)
		RebuildTransferFunctionScriptingTraits (0ms)
		AnalyzeDomain (29ms)
			TypeCache.Refresh (8ms)
				TypeCache.ScanAssembly (0ms)
			ScanForSourceGeneratedMonoScriptInfo (0ms)
			ResolveRequiredComponents (20ms)
	FinalizeReload (1497ms)
		ReleaseScriptCaches (0ms)
		RebuildScriptCaches (0ms)
		SetupLoadedEditorAssemblies (842ms)
			LogAssemblyErrors (0ms)
			InitializePlatformSupportModulesInManaged (20ms)
			SetLoadedEditorAssemblies (7ms)
			RefreshPlugins (0ms)
			BeforeProcessingInitializeOnLoad (117ms)
			ProcessInitializeOnLoadAttributes (624ms)
			ProcessInitializeOnLoadMethodAttributes (66ms)
			AfterProcessingInitializeOnLoad (7ms)
			EditorAssembliesLoaded (0ms)
		ExecutionOrderSort2 (0ms)
		AwakeInstancesAfterBackupRestoration (7ms)
Shader 'Meta/MRUK/Scene/HighlightsAndShadows': fallback shader 'Off' not found
Shader 'Oculus/OVRMRCameraFrameLit': fallback shader 'Alpha-Diffuse' not found
Refreshing native plugins compatible for Editor in 18.88 ms, found 17 plugins.
Preloading 2 native plugins for Editor in 0.09 ms.
Unloading 6995 Unused Serialized files (Serialized files now loaded: 0)
Unloading 112 unused Assets / (483.4 KB). Loaded Objects now: 7611.
Memory consumption went from 231.1 MB to 230.7 MB.
Total: 6.056000 ms (FindLiveObjects: 0.421700 ms CreateObjectMapping: 0.239300 ms MarkObjects: 4.947400 ms  DeleteObjects: 0.446600 ms)

Prepare: number of updated asset objects reloaded= 0
AssetImportParameters requested are different than current active one (requested -> active):
  custom:container-demuxer-ogg: 62fdf1f143b41e24485cea50d1cbac27 -> 
  custom:framework-win-MediaFoundation: 216162199b28c13a410421893ffa2e32 -> 
  custom:container-muxer-webm: aa71ff27fc2769a1b78a27578f13a17b -> 
  custom:video-decoder-webm-vp8: 9c59270c3fd7afecdb556c50c9e8de78 -> 
  custom:SearchIndexIgnoredProperties: e643bd26f0fe6173181afceb89e7c659 -> 
  custom:AudioImporter_EditorPlatform: d09bf68614088b80899f8185d706f6e7 -> 
  custom:audio-decoder-ogg-vorbis: bf7c407c2cedff20999df2af8eb42d56 -> 
  custom:audio-encoder-webm-vorbis: bf7c407c2cedff20999df2af8eb42d56 -> 
  custom:video-codec-MediaFoundation-h265: 746d11721c4dcdbdad8f713fa42b33f4 -> 
  custom:video-decoder-ogg-theora: a1e56fd34408186e4bbccfd4996cb3dc -> 
  custom:CustomObjectIndexerAttribute: 9a22284fe3817be447336de3de66b15e -> 
  custom:container-demuxer-webm: 4f35f7cbe854078d1ac9338744f61a02 -> 
  custom:video-encoder-webm-vp8: eb34c28f22e8b96e1ab97ce403110664 -> 
========================================================================
Received Prepare
Caller must complete domain reload
Begin MonoManager ReloadAssembly
- Loaded All Assemblies, in  0.486 seconds
Native extension for UWP target not found
Native extension for WindowsStandalone target not found
Native extension for Android target not found
[Package Manager] Server::EnsureServerProcessIsRunning -- launch failed, reason: Unity was launched with the -noUpm command-line argument
[Package Manager] UpmClient::Send -- Unable to send message (not connected to UPM process).
[Package Manager] Cannot connect to Unity Package Manager local server
[Package Manager] Server::EnsureServerProcessIsRunning -- launch failed, reason: Unity was launched with the -noUpm command-line argument
[Package Manager] UpmClient::Send -- Unable to send message (not connected to UPM process).
[Package Manager] Cannot connect to Unity Package Manager local server
[Synthetic Environments] got match start synth_env_server.exe Bedroom
UnityEngine.StackTraceUtility:ExtractStackTrace ()
UnityEngine.DebugLogHandler:LogFormat (UnityEngine.LogType,UnityEngine.Object,string,object[])
UnityEngine.Logger:Log (UnityEngine.LogType,object)
UnityEngine.Debug:Log (object)
Meta.XR.Simulator.Utils:ReportInfo (string,string) (at ./Library/PackageCache/com.meta.xr.simulator@74.0.0/Editor/Utils.cs:165)
Meta.XR.Simulator.Editor.SyntheticEnvironments.Installer:ParseSynthEnvScript (string) (at ./Library/PackageCache/com.meta.xr.simulator@74.0.0/Editor/SyntheticEnvironments/Installer.cs:98)
Meta.XR.Simulator.Editor.SyntheticEnvironments.Installer:BuildSyntheticEnvironments () (at ./Library/PackageCache/com.meta.xr.simulator@74.0.0/Editor/SyntheticEnvironments/Installer.cs:76)
Meta.XR.Simulator.Editor.SyntheticEnvironments.Registry:RegisterSyntheticEnvironments () (at ./Library/PackageCache/com.meta.xr.simulator@74.0.0/Editor/SyntheticEnvironments/Registry.cs:97)
Meta.XR.Simulator.Editor.SyntheticEnvironments.Registry:.cctor () (at ./Library/PackageCache/com.meta.xr.simulator@74.0.0/Editor/SyntheticEnvironments/Registry.cs:87)
System.Runtime.CompilerServices.RuntimeHelpers:RunClassConstructor (System.RuntimeTypeHandle)
UnityEditor.EditorAssemblies:ProcessInitializeOnLoadAttributes (System.Type[])

(Filename: ./Library/PackageCache/com.meta.xr.simulator@74.0.0/Editor/Utils.cs Line: 165)

[Synthetic Environments] got match start synth_env_server.exe GameRoom
UnityEngine.StackTraceUtility:ExtractStackTrace ()
UnityEngine.DebugLogHandler:LogFormat (UnityEngine.LogType,UnityEngine.Object,string,object[])
UnityEngine.Logger:Log (UnityEngine.LogType,object)
UnityEngine.Debug:Log (object)
Meta.XR.Simulator.Utils:ReportInfo (string,string) (at ./Library/PackageCache/com.meta.xr.simulator@74.0.0/Editor/Utils.cs:165)
Meta.XR.Simulator.Editor.SyntheticEnvironments.Installer:ParseSynthEnvScript (string) (at ./Library/PackageCache/com.meta.xr.simulator@74.0.0/Editor/SyntheticEnvironments/Installer.cs:98)
Meta.XR.Simulator.Editor.SyntheticEnvironments.Installer:BuildSyntheticEnvironments () (at ./Library/PackageCache/com.meta.xr.simulator@74.0.0/Editor/SyntheticEnvironments/Installer.cs:76)
Meta.XR.Simulator.Editor.SyntheticEnvironments.Registry:RegisterSyntheticEnvironments () (at ./Library/PackageCache/com.meta.xr.simulator@74.0.0/Editor/SyntheticEnvironments/Registry.cs:97)
Meta.XR.Simulator.Editor.SyntheticEnvironments.Registry:.cctor () (at ./Library/PackageCache/com.meta.xr.simulator@74.0.0/Editor/SyntheticEnvironments/Registry.cs:87)
System.Runtime.CompilerServices.RuntimeHelpers:RunClassConstructor (System.RuntimeTypeHandle)
UnityEditor.EditorAssemblies:ProcessInitializeOnLoadAttributes (System.Type[])

(Filename: ./Library/PackageCache/com.meta.xr.simulator@74.0.0/Editor/Utils.cs Line: 165)

[Synthetic Environments] got match start synth_env_server.exe LivingRoom
UnityEngine.StackTraceUtility:ExtractStackTrace ()
UnityEngine.DebugLogHandler:LogFormat (UnityEngine.LogType,UnityEngine.Object,string,object[])
UnityEngine.Logger:Log (UnityEngine.LogType,object)
UnityEngine.Debug:Log (object)
Meta.XR.Simulator.Utils:ReportInfo (string,string) (at ./Library/PackageCache/com.meta.xr.simulator@74.0.0/Editor/Utils.cs:165)
Meta.XR.Simulator.Editor.SyntheticEnvironments.Installer:ParseSynthEnvScript (string) (at ./Library/PackageCache/com.meta.xr.simulator@74.0.0/Editor/SyntheticEnvironments/Installer.cs:98)
Meta.XR.Simulator.Editor.SyntheticEnvironments.Installer:BuildSyntheticEnvironments () (at ./Library/PackageCache/com.meta.xr.simulator@74.0.0/Editor/SyntheticEnvironments/Installer.cs:76)
Meta.XR.Simulator.Editor.SyntheticEnvironments.Registry:RegisterSyntheticEnvironments () (at ./Library/PackageCache/com.meta.xr.simulator@74.0.0/Editor/SyntheticEnvironments/Registry.cs:97)
Meta.XR.Simulator.Editor.SyntheticEnvironments.Registry:.cctor () (at ./Library/PackageCache/com.meta.xr.simulator@74.0.0/Editor/SyntheticEnvironments/Registry.cs:87)
System.Runtime.CompilerServices.RuntimeHelpers:RunClassConstructor (System.RuntimeTypeHandle)
UnityEditor.EditorAssemblies:ProcessInitializeOnLoadAttributes (System.Type[])

(Filename: ./Library/PackageCache/com.meta.xr.simulator@74.0.0/Editor/Utils.cs Line: 165)

[Synthetic Environments] got match start synth_env_server_extra_rooms.exe XRoom2_3
UnityEngine.StackTraceUtility:ExtractStackTrace ()
UnityEngine.DebugLogHandler:LogFormat (UnityEngine.LogType,UnityEngine.Object,string,object[])
UnityEngine.Logger:Log (UnityEngine.LogType,object)
UnityEngine.Debug:Log (object)
Meta.XR.Simulator.Utils:ReportInfo (string,string) (at ./Library/PackageCache/com.meta.xr.simulator@74.0.0/Editor/Utils.cs:165)
Meta.XR.Simulator.Editor.SyntheticEnvironments.Installer:ParseSynthEnvScript (string) (at ./Library/PackageCache/com.meta.xr.simulator@74.0.0/Editor/SyntheticEnvironments/Installer.cs:98)
Meta.XR.Simulator.Editor.SyntheticEnvironments.Installer:BuildSyntheticEnvironments () (at ./Library/PackageCache/com.meta.xr.simulator@74.0.0/Editor/SyntheticEnvironments/Installer.cs:76)
Meta.XR.Simulator.Editor.SyntheticEnvironments.Registry:RegisterSyntheticEnvironments () (at ./Library/PackageCache/com.meta.xr.simulator@74.0.0/Editor/SyntheticEnvironments/Registry.cs:97)
Meta.XR.Simulator.Editor.SyntheticEnvironments.Registry:.cctor () (at ./Library/PackageCache/com.meta.xr.simulator@74.0.0/Editor/SyntheticEnvironments/Registry.cs:87)
System.Runtime.CompilerServices.RuntimeHelpers:RunClassConstructor (System.RuntimeTypeHandle)
UnityEditor.EditorAssemblies:ProcessInitializeOnLoadAttributes (System.Type[])

(Filename: ./Library/PackageCache/com.meta.xr.simulator@74.0.0/Editor/Utils.cs Line: 165)

[Synthetic Environments] got match start synth_env_server_extra_rooms.exe XRoom2_4
UnityEngine.StackTraceUtility:ExtractStackTrace ()
UnityEngine.DebugLogHandler:LogFormat (UnityEngine.LogType,UnityEngine.Object,string,object[])
UnityEngine.Logger:Log (UnityEngine.LogType,object)
UnityEngine.Debug:Log (object)
Meta.XR.Simulator.Utils:ReportInfo (string,string) (at ./Library/PackageCache/com.meta.xr.simulator@74.0.0/Editor/Utils.cs:165)
Meta.XR.Simulator.Editor.SyntheticEnvironments.Installer:ParseSynthEnvScript (string) (at ./Library/PackageCache/com.meta.xr.simulator@74.0.0/Editor/SyntheticEnvironments/Installer.cs:98)
Meta.XR.Simulator.Editor.SyntheticEnvironments.Installer:BuildSyntheticEnvironments () (at ./Library/PackageCache/com.meta.xr.simulator@74.0.0/Editor/SyntheticEnvironments/Installer.cs:76)
Meta.XR.Simulator.Editor.SyntheticEnvironments.Registry:RegisterSyntheticEnvironments () (at ./Library/PackageCache/com.meta.xr.simulator@74.0.0/Editor/SyntheticEnvironments/Registry.cs:97)
Meta.XR.Simulator.Editor.SyntheticEnvironments.Registry:.cctor () (at ./Library/PackageCache/com.meta.xr.simulator@74.0.0/Editor/SyntheticEnvironments/Registry.cs:87)
System.Runtime.CompilerServices.RuntimeHelpers:RunClassConstructor (System.RuntimeTypeHandle)
UnityEditor.EditorAssemblies:ProcessInitializeOnLoadAttributes (System.Type[])

(Filename: ./Library/PackageCache/com.meta.xr.simulator@74.0.0/Editor/Utils.cs Line: 165)

[Synthetic Environments] got match start synth_env_server_extra_rooms.exe XRoom5_6
UnityEngine.StackTraceUtility:ExtractStackTrace ()
UnityEngine.DebugLogHandler:LogFormat (UnityEngine.LogType,UnityEngine.Object,string,object[])
UnityEngine.Logger:Log (UnityEngine.LogType,object)
UnityEngine.Debug:Log (object)
Meta.XR.Simulator.Utils:ReportInfo (string,string) (at ./Library/PackageCache/com.meta.xr.simulator@74.0.0/Editor/Utils.cs:165)
Meta.XR.Simulator.Editor.SyntheticEnvironments.Installer:ParseSynthEnvScript (string) (at ./Library/PackageCache/com.meta.xr.simulator@74.0.0/Editor/SyntheticEnvironments/Installer.cs:98)
Meta.XR.Simulator.Editor.SyntheticEnvironments.Installer:BuildSyntheticEnvironments () (at ./Library/PackageCache/com.meta.xr.simulator@74.0.0/Editor/SyntheticEnvironments/Installer.cs:76)
Meta.XR.Simulator.Editor.SyntheticEnvironments.Registry:RegisterSyntheticEnvironments () (at ./Library/PackageCache/com.meta.xr.simulator@74.0.0/Editor/SyntheticEnvironments/Registry.cs:97)
Meta.XR.Simulator.Editor.SyntheticEnvironments.Registry:.cctor () (at ./Library/PackageCache/com.meta.xr.simulator@74.0.0/Editor/SyntheticEnvironments/Registry.cs:87)
System.Runtime.CompilerServices.RuntimeHelpers:RunClassConstructor (System.RuntimeTypeHandle)
UnityEditor.EditorAssemblies:ProcessInitializeOnLoadAttributes (System.Type[])

(Filename: ./Library/PackageCache/com.meta.xr.simulator@74.0.0/Editor/Utils.cs Line: 165)

[Synthetic Environments] got match start synth_env_server_extra_rooms.exe XRoom5_1
UnityEngine.StackTraceUtility:ExtractStackTrace ()
UnityEngine.DebugLogHandler:LogFormat (UnityEngine.LogType,UnityEngine.Object,string,object[])
UnityEngine.Logger:Log (UnityEngine.LogType,object)
UnityEngine.Debug:Log (object)
Meta.XR.Simulator.Utils:ReportInfo (string,string) (at ./Library/PackageCache/com.meta.xr.simulator@74.0.0/Editor/Utils.cs:165)
Meta.XR.Simulator.Editor.SyntheticEnvironments.Installer:ParseSynthEnvScript (string) (at ./Library/PackageCache/com.meta.xr.simulator@74.0.0/Editor/SyntheticEnvironments/Installer.cs:98)
Meta.XR.Simulator.Editor.SyntheticEnvironments.Installer:BuildSyntheticEnvironments () (at ./Library/PackageCache/com.meta.xr.simulator@74.0.0/Editor/SyntheticEnvironments/Installer.cs:76)
Meta.XR.Simulator.Editor.SyntheticEnvironments.Registry:RegisterSyntheticEnvironments () (at ./Library/PackageCache/com.meta.xr.simulator@74.0.0/Editor/SyntheticEnvironments/Registry.cs:97)
Meta.XR.Simulator.Editor.SyntheticEnvironments.Registry:.cctor () (at ./Library/PackageCache/com.meta.xr.simulator@74.0.0/Editor/SyntheticEnvironments/Registry.cs:87)
System.Runtime.CompilerServices.RuntimeHelpers:RunClassConstructor (System.RuntimeTypeHandle)
UnityEditor.EditorAssemblies:ProcessInitializeOnLoadAttributes (System.Type[])

(Filename: ./Library/PackageCache/com.meta.xr.simulator@74.0.0/Editor/Utils.cs Line: 165)

[Synthetic Environments] got match start synth_env_server_extra_rooms.exe XRoom3_1
UnityEngine.StackTraceUtility:ExtractStackTrace ()
UnityEngine.DebugLogHandler:LogFormat (UnityEngine.LogType,UnityEngine.Object,string,object[])
UnityEngine.Logger:Log (UnityEngine.LogType,object)
UnityEngine.Debug:Log (object)
Meta.XR.Simulator.Utils:ReportInfo (string,string) (at ./Library/PackageCache/com.meta.xr.simulator@74.0.0/Editor/Utils.cs:165)
Meta.XR.Simulator.Editor.SyntheticEnvironments.Installer:ParseSynthEnvScript (string) (at ./Library/PackageCache/com.meta.xr.simulator@74.0.0/Editor/SyntheticEnvironments/Installer.cs:98)
Meta.XR.Simulator.Editor.SyntheticEnvironments.Installer:BuildSyntheticEnvironments () (at ./Library/PackageCache/com.meta.xr.simulator@74.0.0/Editor/SyntheticEnvironments/Installer.cs:76)
Meta.XR.Simulator.Editor.SyntheticEnvironments.Registry:RegisterSyntheticEnvironments () (at ./Library/PackageCache/com.meta.xr.simulator@74.0.0/Editor/SyntheticEnvironments/Registry.cs:97)
Meta.XR.Simulator.Editor.SyntheticEnvironments.Registry:.cctor () (at ./Library/PackageCache/com.meta.xr.simulator@74.0.0/Editor/SyntheticEnvironments/Registry.cs:87)
System.Runtime.CompilerServices.RuntimeHelpers:RunClassConstructor (System.RuntimeTypeHandle)
UnityEditor.EditorAssemblies:ProcessInitializeOnLoadAttributes (System.Type[])

(Filename: ./Library/PackageCache/com.meta.xr.simulator@74.0.0/Editor/Utils.cs Line: 165)

[Synthetic Environments] got match start synth_env_server_extra_rooms.exe XRoom1_2
UnityEngine.StackTraceUtility:ExtractStackTrace ()
UnityEngine.DebugLogHandler:LogFormat (UnityEngine.LogType,UnityEngine.Object,string,object[])
UnityEngine.Logger:Log (UnityEngine.LogType,object)
UnityEngine.Debug:Log (object)
Meta.XR.Simulator.Utils:ReportInfo (string,string) (at ./Library/PackageCache/com.meta.xr.simulator@74.0.0/Editor/Utils.cs:165)
Meta.XR.Simulator.Editor.SyntheticEnvironments.Installer:ParseSynthEnvScript (string) (at ./Library/PackageCache/com.meta.xr.simulator@74.0.0/Editor/SyntheticEnvironments/Installer.cs:98)
Meta.XR.Simulator.Editor.SyntheticEnvironments.Installer:BuildSyntheticEnvironments () (at ./Library/PackageCache/com.meta.xr.simulator@74.0.0/Editor/SyntheticEnvironments/Installer.cs:76)
Meta.XR.Simulator.Editor.SyntheticEnvironments.Registry:RegisterSyntheticEnvironments () (at ./Library/PackageCache/com.meta.xr.simulator@74.0.0/Editor/SyntheticEnvironments/Registry.cs:97)
Meta.XR.Simulator.Editor.SyntheticEnvironments.Registry:.cctor () (at ./Library/PackageCache/com.meta.xr.simulator@74.0.0/Editor/SyntheticEnvironments/Registry.cs:87)
System.Runtime.CompilerServices.RuntimeHelpers:RunClassConstructor (System.RuntimeTypeHandle)
UnityEditor.EditorAssemblies:ProcessInitializeOnLoadAttributes (System.Type[])

(Filename: ./Library/PackageCache/com.meta.xr.simulator@74.0.0/Editor/Utils.cs Line: 165)

[Synthetic Environments] got match start synth_env_server_extra_rooms.exe XRoom1_1
UnityEngine.StackTraceUtility:ExtractStackTrace ()
UnityEngine.DebugLogHandler:LogFormat (UnityEngine.LogType,UnityEngine.Object,string,object[])
UnityEngine.Logger:Log (UnityEngine.LogType,object)
UnityEngine.Debug:Log (object)
Meta.XR.Simulator.Utils:ReportInfo (string,string) (at ./Library/PackageCache/com.meta.xr.simulator@74.0.0/Editor/Utils.cs:165)
Meta.XR.Simulator.Editor.SyntheticEnvironments.Installer:ParseSynthEnvScript (string) (at ./Library/PackageCache/com.meta.xr.simulator@74.0.0/Editor/SyntheticEnvironments/Installer.cs:98)
Meta.XR.Simulator.Editor.SyntheticEnvironments.Installer:BuildSyntheticEnvironments () (at ./Library/PackageCache/com.meta.xr.simulator@74.0.0/Editor/SyntheticEnvironments/Installer.cs:76)
Meta.XR.Simulator.Editor.SyntheticEnvironments.Registry:RegisterSyntheticEnvironments () (at ./Library/PackageCache/com.meta.xr.simulator@74.0.0/Editor/SyntheticEnvironments/Registry.cs:97)
Meta.XR.Simulator.Editor.SyntheticEnvironments.Registry:.cctor () (at ./Library/PackageCache/com.meta.xr.simulator@74.0.0/Editor/SyntheticEnvironments/Registry.cs:87)
System.Runtime.CompilerServices.RuntimeHelpers:RunClassConstructor (System.RuntimeTypeHandle)
UnityEditor.EditorAssemblies:ProcessInitializeOnLoadAttributes (System.Type[])

(Filename: ./Library/PackageCache/com.meta.xr.simulator@74.0.0/Editor/Utils.cs Line: 165)

[Synthetic Environments] got match start synth_env_server_extra_rooms.exe XRoom1_4
UnityEngine.StackTraceUtility:ExtractStackTrace ()
UnityEngine.DebugLogHandler:LogFormat (UnityEngine.LogType,UnityEngine.Object,string,object[])
UnityEngine.Logger:Log (UnityEngine.LogType,object)
UnityEngine.Debug:Log (object)
Meta.XR.Simulator.Utils:ReportInfo (string,string) (at ./Library/PackageCache/com.meta.xr.simulator@74.0.0/Editor/Utils.cs:165)
Meta.XR.Simulator.Editor.SyntheticEnvironments.Installer:ParseSynthEnvScript (string) (at ./Library/PackageCache/com.meta.xr.simulator@74.0.0/Editor/SyntheticEnvironments/Installer.cs:98)
Meta.XR.Simulator.Editor.SyntheticEnvironments.Installer:BuildSyntheticEnvironments () (at ./Library/PackageCache/com.meta.xr.simulator@74.0.0/Editor/SyntheticEnvironments/Installer.cs:76)
Meta.XR.Simulator.Editor.SyntheticEnvironments.Registry:RegisterSyntheticEnvironments () (at ./Library/PackageCache/com.meta.xr.simulator@74.0.0/Editor/SyntheticEnvironments/Registry.cs:97)
Meta.XR.Simulator.Editor.SyntheticEnvironments.Registry:.cctor () (at ./Library/PackageCache/com.meta.xr.simulator@74.0.0/Editor/SyntheticEnvironments/Registry.cs:87)
System.Runtime.CompilerServices.RuntimeHelpers:RunClassConstructor (System.RuntimeTypeHandle)
UnityEditor.EditorAssemblies:ProcessInitializeOnLoadAttributes (System.Type[])

(Filename: ./Library/PackageCache/com.meta.xr.simulator@74.0.0/Editor/Utils.cs Line: 165)

[Package Manager] Server::EnsureServerProcessIsRunning -- launch failed, reason: Unity was launched with the -noUpm command-line argument
[Package Manager] UpmClient::Send -- Unable to send message (not connected to UPM process).
[Package Manager] Cannot connect to Unity Package Manager local server
Mono: successfully reloaded assembly
[Package Manager] Server::EnsureServerProcessIsRunning -- launch failed, reason: Unity was launched with the -noUpm command-line argument
[Package Manager] UpmClient::Send -- Unable to send message (not connected to UPM process).
[Package Manager] Cannot connect to Unity Package Manager local server
- Finished resetting the current domain, in  1.295 seconds
Domain Reload Profiling: 1776ms
	BeginReloadAssembly (145ms)
		ExecutionOrderSort (0ms)
		DisableScriptedObjects (3ms)
		BackupInstance (0ms)
		ReleaseScriptingObjects (0ms)
		CreateAndSetChildDomain (41ms)
	RebuildCommonClasses (23ms)
	RebuildNativeTypeToScriptingClass (9ms)
	initialDomainReloadingComplete (25ms)
	LoadAllAssembliesAndSetupDomain (279ms)
		LoadAssemblies (323ms)
		RebuildTransferFunctionScriptingTraits (0ms)
		AnalyzeDomain (25ms)
			TypeCache.Refresh (7ms)
				TypeCache.ScanAssembly (0ms)
			ScanForSourceGeneratedMonoScriptInfo (0ms)
			ResolveRequiredComponents (16ms)
	FinalizeReload (1295ms)
		ReleaseScriptCaches (0ms)
		RebuildScriptCaches (0ms)
		SetupLoadedEditorAssemblies (710ms)
			LogAssemblyErrors (0ms)
			InitializePlatformSupportModulesInManaged (16ms)
			SetLoadedEditorAssemblies (5ms)
			RefreshPlugins (0ms)
			BeforeProcessingInitializeOnLoad (102ms)
			ProcessInitializeOnLoadAttributes (525ms)
			ProcessInitializeOnLoadMethodAttributes (57ms)
			AfterProcessingInitializeOnLoad (6ms)
			EditorAssembliesLoaded (0ms)
		ExecutionOrderSort2 (0ms)
		AwakeInstancesAfterBackupRestoration (5ms)
Shader 'Meta/MRUK/Scene/HighlightsAndShadows': fallback shader 'Off' not found
Shader 'Oculus/OVRMRCameraFrameLit': fallback shader 'Alpha-Diffuse' not found
Refreshing native plugins compatible for Editor in 18.21 ms, found 17 plugins.
Preloading 2 native plugins for Editor in 0.07 ms.
Unloading 6995 Unused Serialized files (Serialized files now loaded: 0)
Unloading 112 unused Assets / (483.6 KB). Loaded Objects now: 7615.
Memory consumption went from 231.0 MB to 230.6 MB.
Total: 4.760000 ms (FindLiveObjects: 0.341600 ms CreateObjectMapping: 0.225200 ms MarkObjects: 3.956500 ms  DeleteObjects: 0.235900 ms)

Prepare: number of updated asset objects reloaded= 0
AssetImportParameters requested are different than current active one (requested -> active):
  custom:container-demuxer-ogg: 62fdf1f143b41e24485cea50d1cbac27 -> 
  custom:framework-win-MediaFoundation: 216162199b28c13a410421893ffa2e32 -> 
  custom:container-muxer-webm: aa71ff27fc2769a1b78a27578f13a17b -> 
  custom:video-decoder-webm-vp8: 9c59270c3fd7afecdb556c50c9e8de78 -> 
  custom:SearchIndexIgnoredProperties: e643bd26f0fe6173181afceb89e7c659 -> 
  custom:AudioImporter_EditorPlatform: d09bf68614088b80899f8185d706f6e7 -> 
  custom:audio-decoder-ogg-vorbis: bf7c407c2cedff20999df2af8eb42d56 -> 
  custom:audio-encoder-webm-vorbis: bf7c407c2cedff20999df2af8eb42d56 -> 
  custom:video-codec-MediaFoundation-h265: 746d11721c4dcdbdad8f713fa42b33f4 -> 
  custom:video-decoder-ogg-theora: a1e56fd34408186e4bbccfd4996cb3dc -> 
  custom:CustomObjectIndexerAttribute: 9a22284fe3817be447336de3de66b15e -> 
  custom:container-demuxer-webm: 4f35f7cbe854078d1ac9338744f61a02 -> 
  custom:video-encoder-webm-vp8: eb34c28f22e8b96e1ab97ce403110664 -> 
========================================================================
Received Prepare
Caller must complete domain reload
Begin MonoManager ReloadAssembly
- Loaded All Assemblies, in  0.445 seconds
Native extension for UWP target not found
Native extension for WindowsStandalone target not found
Native extension for Android target not found
[Package Manager] Server::EnsureServerProcessIsRunning -- launch failed, reason: Unity was launched with the -noUpm command-line argument
[Package Manager] UpmClient::Send -- Unable to send message (not connected to UPM process).
[Package Manager] Cannot connect to Unity Package Manager local server
[Package Manager] Server::EnsureServerProcessIsRunning -- launch failed, reason: Unity was launched with the -noUpm command-line argument
[Package Manager] UpmClient::Send -- Unable to send message (not connected to UPM process).
[Package Manager] Cannot connect to Unity Package Manager local server
[Synthetic Environments] got match start synth_env_server.exe Bedroom
UnityEngine.StackTraceUtility:ExtractStackTrace ()
UnityEngine.DebugLogHandler:LogFormat (UnityEngine.LogType,UnityEngine.Object,string,object[])
UnityEngine.Logger:Log (UnityEngine.LogType,object)
UnityEngine.Debug:Log (object)
Meta.XR.Simulator.Utils:ReportInfo (string,string) (at ./Library/PackageCache/com.meta.xr.simulator@74.0.0/Editor/Utils.cs:165)
Meta.XR.Simulator.Editor.SyntheticEnvironments.Installer:ParseSynthEnvScript (string) (at ./Library/PackageCache/com.meta.xr.simulator@74.0.0/Editor/SyntheticEnvironments/Installer.cs:98)
Meta.XR.Simulator.Editor.SyntheticEnvironments.Installer:BuildSyntheticEnvironments () (at ./Library/PackageCache/com.meta.xr.simulator@74.0.0/Editor/SyntheticEnvironments/Installer.cs:76)
Meta.XR.Simulator.Editor.SyntheticEnvironments.Registry:RegisterSyntheticEnvironments () (at ./Library/PackageCache/com.meta.xr.simulator@74.0.0/Editor/SyntheticEnvironments/Registry.cs:97)
Meta.XR.Simulator.Editor.SyntheticEnvironments.Registry:.cctor () (at ./Library/PackageCache/com.meta.xr.simulator@74.0.0/Editor/SyntheticEnvironments/Registry.cs:87)
System.Runtime.CompilerServices.RuntimeHelpers:RunClassConstructor (System.RuntimeTypeHandle)
UnityEditor.EditorAssemblies:ProcessInitializeOnLoadAttributes (System.Type[])

(Filename: ./Library/PackageCache/com.meta.xr.simulator@74.0.0/Editor/Utils.cs Line: 165)

[Synthetic Environments] got match start synth_env_server.exe GameRoom
UnityEngine.StackTraceUtility:ExtractStackTrace ()
UnityEngine.DebugLogHandler:LogFormat (UnityEngine.LogType,UnityEngine.Object,string,object[])
UnityEngine.Logger:Log (UnityEngine.LogType,object)
UnityEngine.Debug:Log (object)
Meta.XR.Simulator.Utils:ReportInfo (string,string) (at ./Library/PackageCache/com.meta.xr.simulator@74.0.0/Editor/Utils.cs:165)
Meta.XR.Simulator.Editor.SyntheticEnvironments.Installer:ParseSynthEnvScript (string) (at ./Library/PackageCache/com.meta.xr.simulator@74.0.0/Editor/SyntheticEnvironments/Installer.cs:98)
Meta.XR.Simulator.Editor.SyntheticEnvironments.Installer:BuildSyntheticEnvironments () (at ./Library/PackageCache/com.meta.xr.simulator@74.0.0/Editor/SyntheticEnvironments/Installer.cs:76)
Meta.XR.Simulator.Editor.SyntheticEnvironments.Registry:RegisterSyntheticEnvironments () (at ./Library/PackageCache/com.meta.xr.simulator@74.0.0/Editor/SyntheticEnvironments/Registry.cs:97)
Meta.XR.Simulator.Editor.SyntheticEnvironments.Registry:.cctor () (at ./Library/PackageCache/com.meta.xr.simulator@74.0.0/Editor/SyntheticEnvironments/Registry.cs:87)
System.Runtime.CompilerServices.RuntimeHelpers:RunClassConstructor (System.RuntimeTypeHandle)
UnityEditor.EditorAssemblies:ProcessInitializeOnLoadAttributes (System.Type[])

(Filename: ./Library/PackageCache/com.meta.xr.simulator@74.0.0/Editor/Utils.cs Line: 165)

[Synthetic Environments] got match start synth_env_server.exe LivingRoom
UnityEngine.StackTraceUtility:ExtractStackTrace ()
UnityEngine.DebugLogHandler:LogFormat (UnityEngine.LogType,UnityEngine.Object,string,object[])
UnityEngine.Logger:Log (UnityEngine.LogType,object)
UnityEngine.Debug:Log (object)
Meta.XR.Simulator.Utils:ReportInfo (string,string) (at ./Library/PackageCache/com.meta.xr.simulator@74.0.0/Editor/Utils.cs:165)
Meta.XR.Simulator.Editor.SyntheticEnvironments.Installer:ParseSynthEnvScript (string) (at ./Library/PackageCache/com.meta.xr.simulator@74.0.0/Editor/SyntheticEnvironments/Installer.cs:98)
Meta.XR.Simulator.Editor.SyntheticEnvironments.Installer:BuildSyntheticEnvironments () (at ./Library/PackageCache/com.meta.xr.simulator@74.0.0/Editor/SyntheticEnvironments/Installer.cs:76)
Meta.XR.Simulator.Editor.SyntheticEnvironments.Registry:RegisterSyntheticEnvironments () (at ./Library/PackageCache/com.meta.xr.simulator@74.0.0/Editor/SyntheticEnvironments/Registry.cs:97)
Meta.XR.Simulator.Editor.SyntheticEnvironments.Registry:.cctor () (at ./Library/PackageCache/com.meta.xr.simulator@74.0.0/Editor/SyntheticEnvironments/Registry.cs:87)
System.Runtime.CompilerServices.RuntimeHelpers:RunClassConstructor (System.RuntimeTypeHandle)
UnityEditor.EditorAssemblies:ProcessInitializeOnLoadAttributes (System.Type[])

(Filename: ./Library/PackageCache/com.meta.xr.simulator@74.0.0/Editor/Utils.cs Line: 165)

[Synthetic Environments] got match start synth_env_server_extra_rooms.exe XRoom2_3
UnityEngine.StackTraceUtility:ExtractStackTrace ()
UnityEngine.DebugLogHandler:LogFormat (UnityEngine.LogType,UnityEngine.Object,string,object[])
UnityEngine.Logger:Log (UnityEngine.LogType,object)
UnityEngine.Debug:Log (object)
Meta.XR.Simulator.Utils:ReportInfo (string,string) (at ./Library/PackageCache/com.meta.xr.simulator@74.0.0/Editor/Utils.cs:165)
Meta.XR.Simulator.Editor.SyntheticEnvironments.Installer:ParseSynthEnvScript (string) (at ./Library/PackageCache/com.meta.xr.simulator@74.0.0/Editor/SyntheticEnvironments/Installer.cs:98)
Meta.XR.Simulator.Editor.SyntheticEnvironments.Installer:BuildSyntheticEnvironments () (at ./Library/PackageCache/com.meta.xr.simulator@74.0.0/Editor/SyntheticEnvironments/Installer.cs:76)
Meta.XR.Simulator.Editor.SyntheticEnvironments.Registry:RegisterSyntheticEnvironments () (at ./Library/PackageCache/com.meta.xr.simulator@74.0.0/Editor/SyntheticEnvironments/Registry.cs:97)
Meta.XR.Simulator.Editor.SyntheticEnvironments.Registry:.cctor () (at ./Library/PackageCache/com.meta.xr.simulator@74.0.0/Editor/SyntheticEnvironments/Registry.cs:87)
System.Runtime.CompilerServices.RuntimeHelpers:RunClassConstructor (System.RuntimeTypeHandle)
UnityEditor.EditorAssemblies:ProcessInitializeOnLoadAttributes (System.Type[])

(Filename: ./Library/PackageCache/com.meta.xr.simulator@74.0.0/Editor/Utils.cs Line: 165)

[Synthetic Environments] got match start synth_env_server_extra_rooms.exe XRoom2_4
UnityEngine.StackTraceUtility:ExtractStackTrace ()
UnityEngine.DebugLogHandler:LogFormat (UnityEngine.LogType,UnityEngine.Object,string,object[])
UnityEngine.Logger:Log (UnityEngine.LogType,object)
UnityEngine.Debug:Log (object)
Meta.XR.Simulator.Utils:ReportInfo (string,string) (at ./Library/PackageCache/com.meta.xr.simulator@74.0.0/Editor/Utils.cs:165)
Meta.XR.Simulator.Editor.SyntheticEnvironments.Installer:ParseSynthEnvScript (string) (at ./Library/PackageCache/com.meta.xr.simulator@74.0.0/Editor/SyntheticEnvironments/Installer.cs:98)
Meta.XR.Simulator.Editor.SyntheticEnvironments.Installer:BuildSyntheticEnvironments () (at ./Library/PackageCache/com.meta.xr.simulator@74.0.0/Editor/SyntheticEnvironments/Installer.cs:76)
Meta.XR.Simulator.Editor.SyntheticEnvironments.Registry:RegisterSyntheticEnvironments () (at ./Library/PackageCache/com.meta.xr.simulator@74.0.0/Editor/SyntheticEnvironments/Registry.cs:97)
Meta.XR.Simulator.Editor.SyntheticEnvironments.Registry:.cctor () (at ./Library/PackageCache/com.meta.xr.simulator@74.0.0/Editor/SyntheticEnvironments/Registry.cs:87)
System.Runtime.CompilerServices.RuntimeHelpers:RunClassConstructor (System.RuntimeTypeHandle)
UnityEditor.EditorAssemblies:ProcessInitializeOnLoadAttributes (System.Type[])

(Filename: ./Library/PackageCache/com.meta.xr.simulator@74.0.0/Editor/Utils.cs Line: 165)

[Synthetic Environments] got match start synth_env_server_extra_rooms.exe XRoom5_6
UnityEngine.StackTraceUtility:ExtractStackTrace ()
UnityEngine.DebugLogHandler:LogFormat (UnityEngine.LogType,UnityEngine.Object,string,object[])
UnityEngine.Logger:Log (UnityEngine.LogType,object)
UnityEngine.Debug:Log (object)
Meta.XR.Simulator.Utils:ReportInfo (string,string) (at ./Library/PackageCache/com.meta.xr.simulator@74.0.0/Editor/Utils.cs:165)
Meta.XR.Simulator.Editor.SyntheticEnvironments.Installer:ParseSynthEnvScript (string) (at ./Library/PackageCache/com.meta.xr.simulator@74.0.0/Editor/SyntheticEnvironments/Installer.cs:98)
Meta.XR.Simulator.Editor.SyntheticEnvironments.Installer:BuildSyntheticEnvironments () (at ./Library/PackageCache/com.meta.xr.simulator@74.0.0/Editor/SyntheticEnvironments/Installer.cs:76)
Meta.XR.Simulator.Editor.SyntheticEnvironments.Registry:RegisterSyntheticEnvironments () (at ./Library/PackageCache/com.meta.xr.simulator@74.0.0/Editor/SyntheticEnvironments/Registry.cs:97)
Meta.XR.Simulator.Editor.SyntheticEnvironments.Registry:.cctor () (at ./Library/PackageCache/com.meta.xr.simulator@74.0.0/Editor/SyntheticEnvironments/Registry.cs:87)
System.Runtime.CompilerServices.RuntimeHelpers:RunClassConstructor (System.RuntimeTypeHandle)
UnityEditor.EditorAssemblies:ProcessInitializeOnLoadAttributes (System.Type[])

(Filename: ./Library/PackageCache/com.meta.xr.simulator@74.0.0/Editor/Utils.cs Line: 165)

[Synthetic Environments] got match start synth_env_server_extra_rooms.exe XRoom5_1
UnityEngine.StackTraceUtility:ExtractStackTrace ()
UnityEngine.DebugLogHandler:LogFormat (UnityEngine.LogType,UnityEngine.Object,string,object[])
UnityEngine.Logger:Log (UnityEngine.LogType,object)
UnityEngine.Debug:Log (object)
Meta.XR.Simulator.Utils:ReportInfo (string,string) (at ./Library/PackageCache/com.meta.xr.simulator@74.0.0/Editor/Utils.cs:165)
Meta.XR.Simulator.Editor.SyntheticEnvironments.Installer:ParseSynthEnvScript (string) (at ./Library/PackageCache/com.meta.xr.simulator@74.0.0/Editor/SyntheticEnvironments/Installer.cs:98)
Meta.XR.Simulator.Editor.SyntheticEnvironments.Installer:BuildSyntheticEnvironments () (at ./Library/PackageCache/com.meta.xr.simulator@74.0.0/Editor/SyntheticEnvironments/Installer.cs:76)
Meta.XR.Simulator.Editor.SyntheticEnvironments.Registry:RegisterSyntheticEnvironments () (at ./Library/PackageCache/com.meta.xr.simulator@74.0.0/Editor/SyntheticEnvironments/Registry.cs:97)
Meta.XR.Simulator.Editor.SyntheticEnvironments.Registry:.cctor () (at ./Library/PackageCache/com.meta.xr.simulator@74.0.0/Editor/SyntheticEnvironments/Registry.cs:87)
System.Runtime.CompilerServices.RuntimeHelpers:RunClassConstructor (System.RuntimeTypeHandle)
UnityEditor.EditorAssemblies:ProcessInitializeOnLoadAttributes (System.Type[])

(Filename: ./Library/PackageCache/com.meta.xr.simulator@74.0.0/Editor/Utils.cs Line: 165)

[Synthetic Environments] got match start synth_env_server_extra_rooms.exe XRoom3_1
UnityEngine.StackTraceUtility:ExtractStackTrace ()
UnityEngine.DebugLogHandler:LogFormat (UnityEngine.LogType,UnityEngine.Object,string,object[])
UnityEngine.Logger:Log (UnityEngine.LogType,object)
UnityEngine.Debug:Log (object)
Meta.XR.Simulator.Utils:ReportInfo (string,string) (at ./Library/PackageCache/com.meta.xr.simulator@74.0.0/Editor/Utils.cs:165)
Meta.XR.Simulator.Editor.SyntheticEnvironments.Installer:ParseSynthEnvScript (string) (at ./Library/PackageCache/com.meta.xr.simulator@74.0.0/Editor/SyntheticEnvironments/Installer.cs:98)
Meta.XR.Simulator.Editor.SyntheticEnvironments.Installer:BuildSyntheticEnvironments () (at ./Library/PackageCache/com.meta.xr.simulator@74.0.0/Editor/SyntheticEnvironments/Installer.cs:76)
Meta.XR.Simulator.Editor.SyntheticEnvironments.Registry:RegisterSyntheticEnvironments () (at ./Library/PackageCache/com.meta.xr.simulator@74.0.0/Editor/SyntheticEnvironments/Registry.cs:97)
Meta.XR.Simulator.Editor.SyntheticEnvironments.Registry:.cctor () (at ./Library/PackageCache/com.meta.xr.simulator@74.0.0/Editor/SyntheticEnvironments/Registry.cs:87)
System.Runtime.CompilerServices.RuntimeHelpers:RunClassConstructor (System.RuntimeTypeHandle)
UnityEditor.EditorAssemblies:ProcessInitializeOnLoadAttributes (System.Type[])

(Filename: ./Library/PackageCache/com.meta.xr.simulator@74.0.0/Editor/Utils.cs Line: 165)

[Synthetic Environments] got match start synth_env_server_extra_rooms.exe XRoom1_2
UnityEngine.StackTraceUtility:ExtractStackTrace ()
UnityEngine.DebugLogHandler:LogFormat (UnityEngine.LogType,UnityEngine.Object,string,object[])
UnityEngine.Logger:Log (UnityEngine.LogType,object)
UnityEngine.Debug:Log (object)
Meta.XR.Simulator.Utils:ReportInfo (string,string) (at ./Library/PackageCache/com.meta.xr.simulator@74.0.0/Editor/Utils.cs:165)
Meta.XR.Simulator.Editor.SyntheticEnvironments.Installer:ParseSynthEnvScript (string) (at ./Library/PackageCache/com.meta.xr.simulator@74.0.0/Editor/SyntheticEnvironments/Installer.cs:98)
Meta.XR.Simulator.Editor.SyntheticEnvironments.Installer:BuildSyntheticEnvironments () (at ./Library/PackageCache/com.meta.xr.simulator@74.0.0/Editor/SyntheticEnvironments/Installer.cs:76)
Meta.XR.Simulator.Editor.SyntheticEnvironments.Registry:RegisterSyntheticEnvironments () (at ./Library/PackageCache/com.meta.xr.simulator@74.0.0/Editor/SyntheticEnvironments/Registry.cs:97)
Meta.XR.Simulator.Editor.SyntheticEnvironments.Registry:.cctor () (at ./Library/PackageCache/com.meta.xr.simulator@74.0.0/Editor/SyntheticEnvironments/Registry.cs:87)
System.Runtime.CompilerServices.RuntimeHelpers:RunClassConstructor (System.RuntimeTypeHandle)
UnityEditor.EditorAssemblies:ProcessInitializeOnLoadAttributes (System.Type[])

(Filename: ./Library/PackageCache/com.meta.xr.simulator@74.0.0/Editor/Utils.cs Line: 165)

[Synthetic Environments] got match start synth_env_server_extra_rooms.exe XRoom1_1
UnityEngine.StackTraceUtility:ExtractStackTrace ()
UnityEngine.DebugLogHandler:LogFormat (UnityEngine.LogType,UnityEngine.Object,string,object[])
UnityEngine.Logger:Log (UnityEngine.LogType,object)
UnityEngine.Debug:Log (object)
Meta.XR.Simulator.Utils:ReportInfo (string,string) (at ./Library/PackageCache/com.meta.xr.simulator@74.0.0/Editor/Utils.cs:165)
Meta.XR.Simulator.Editor.SyntheticEnvironments.Installer:ParseSynthEnvScript (string) (at ./Library/PackageCache/com.meta.xr.simulator@74.0.0/Editor/SyntheticEnvironments/Installer.cs:98)
Meta.XR.Simulator.Editor.SyntheticEnvironments.Installer:BuildSyntheticEnvironments () (at ./Library/PackageCache/com.meta.xr.simulator@74.0.0/Editor/SyntheticEnvironments/Installer.cs:76)
Meta.XR.Simulator.Editor.SyntheticEnvironments.Registry:RegisterSyntheticEnvironments () (at ./Library/PackageCache/com.meta.xr.simulator@74.0.0/Editor/SyntheticEnvironments/Registry.cs:97)
Meta.XR.Simulator.Editor.SyntheticEnvironments.Registry:.cctor () (at ./Library/PackageCache/com.meta.xr.simulator@74.0.0/Editor/SyntheticEnvironments/Registry.cs:87)
System.Runtime.CompilerServices.RuntimeHelpers:RunClassConstructor (System.RuntimeTypeHandle)
UnityEditor.EditorAssemblies:ProcessInitializeOnLoadAttributes (System.Type[])

(Filename: ./Library/PackageCache/com.meta.xr.simulator@74.0.0/Editor/Utils.cs Line: 165)

[Synthetic Environments] got match start synth_env_server_extra_rooms.exe XRoom1_4
UnityEngine.StackTraceUtility:ExtractStackTrace ()
UnityEngine.DebugLogHandler:LogFormat (UnityEngine.LogType,UnityEngine.Object,string,object[])
UnityEngine.Logger:Log (UnityEngine.LogType,object)
UnityEngine.Debug:Log (object)
Meta.XR.Simulator.Utils:ReportInfo (string,string) (at ./Library/PackageCache/com.meta.xr.simulator@74.0.0/Editor/Utils.cs:165)
Meta.XR.Simulator.Editor.SyntheticEnvironments.Installer:ParseSynthEnvScript (string) (at ./Library/PackageCache/com.meta.xr.simulator@74.0.0/Editor/SyntheticEnvironments/Installer.cs:98)
Meta.XR.Simulator.Editor.SyntheticEnvironments.Installer:BuildSyntheticEnvironments () (at ./Library/PackageCache/com.meta.xr.simulator@74.0.0/Editor/SyntheticEnvironments/Installer.cs:76)
Meta.XR.Simulator.Editor.SyntheticEnvironments.Registry:RegisterSyntheticEnvironments () (at ./Library/PackageCache/com.meta.xr.simulator@74.0.0/Editor/SyntheticEnvironments/Registry.cs:97)
Meta.XR.Simulator.Editor.SyntheticEnvironments.Registry:.cctor () (at ./Library/PackageCache/com.meta.xr.simulator@74.0.0/Editor/SyntheticEnvironments/Registry.cs:87)
System.Runtime.CompilerServices.RuntimeHelpers:RunClassConstructor (System.RuntimeTypeHandle)
UnityEditor.EditorAssemblies:ProcessInitializeOnLoadAttributes (System.Type[])

(Filename: ./Library/PackageCache/com.meta.xr.simulator@74.0.0/Editor/Utils.cs Line: 165)

[Package Manager] Server::EnsureServerProcessIsRunning -- launch failed, reason: Unity was launched with the -noUpm command-line argument
[Package Manager] UpmClient::Send -- Unable to send message (not connected to UPM process).
[Package Manager] Cannot connect to Unity Package Manager local server
Mono: successfully reloaded assembly
[Package Manager] Server::EnsureServerProcessIsRunning -- launch failed, reason: Unity was launched with the -noUpm command-line argument
[Package Manager] UpmClient::Send -- Unable to send message (not connected to UPM process).
[Package Manager] Cannot connect to Unity Package Manager local server
- Finished resetting the current domain, in  1.264 seconds
Domain Reload Profiling: 1704ms
	BeginReloadAssembly (137ms)
		ExecutionOrderSort (0ms)
		DisableScriptedObjects (3ms)
		BackupInstance (0ms)
		ReleaseScriptingObjects (0ms)
		CreateAndSetChildDomain (36ms)
	RebuildCommonClasses (23ms)
	RebuildNativeTypeToScriptingClass (8ms)
	initialDomainReloadingComplete (23ms)
	LoadAllAssembliesAndSetupDomain (250ms)
		LoadAssemblies (289ms)
		RebuildTransferFunctionScriptingTraits (0ms)
		AnalyzeDomain (25ms)
			TypeCache.Refresh (7ms)
				TypeCache.ScanAssembly (0ms)
			ScanForSourceGeneratedMonoScriptInfo (0ms)
			ResolveRequiredComponents (17ms)
	FinalizeReload (1264ms)
		ReleaseScriptCaches (0ms)
		RebuildScriptCaches (0ms)
		SetupLoadedEditorAssemblies (663ms)
			LogAssemblyErrors (0ms)
			InitializePlatformSupportModulesInManaged (17ms)
			SetLoadedEditorAssemblies (5ms)
			RefreshPlugins (0ms)
			BeforeProcessingInitializeOnLoad (89ms)
			ProcessInitializeOnLoadAttributes (491ms)
			ProcessInitializeOnLoadMethodAttributes (55ms)
			AfterProcessingInitializeOnLoad (6ms)
			EditorAssembliesLoaded (0ms)
		ExecutionOrderSort2 (0ms)
		AwakeInstancesAfterBackupRestoration (5ms)
Shader 'Meta/MRUK/Scene/HighlightsAndShadows': fallback shader 'Off' not found
Shader 'Oculus/OVRMRCameraFrameLit': fallback shader 'Alpha-Diffuse' not found
Refreshing native plugins compatible for Editor in 19.30 ms, found 17 plugins.
Preloading 2 native plugins for Editor in 0.11 ms.
Unloading 6995 Unused Serialized files (Serialized files now loaded: 0)
Unloading 112 unused Assets / (483.4 KB). Loaded Objects now: 7619.
Memory consumption went from 231.2 MB to 230.7 MB.
Total: 5.119600 ms (FindLiveObjects: 0.350000 ms CreateObjectMapping: 0.263500 ms MarkObjects: 4.247700 ms  DeleteObjects: 0.257700 ms)

Prepare: number of updated asset objects reloaded= 0
AssetImportParameters requested are different than current active one (requested -> active):
  custom:container-demuxer-ogg: 62fdf1f143b41e24485cea50d1cbac27 -> 
  custom:framework-win-MediaFoundation: 216162199b28c13a410421893ffa2e32 -> 
  custom:container-muxer-webm: aa71ff27fc2769a1b78a27578f13a17b -> 
  custom:video-decoder-webm-vp8: 9c59270c3fd7afecdb556c50c9e8de78 -> 
  custom:SearchIndexIgnoredProperties: e643bd26f0fe6173181afceb89e7c659 -> 
  custom:AudioImporter_EditorPlatform: d09bf68614088b80899f8185d706f6e7 -> 
  custom:audio-decoder-ogg-vorbis: bf7c407c2cedff20999df2af8eb42d56 -> 
  custom:audio-encoder-webm-vorbis: bf7c407c2cedff20999df2af8eb42d56 -> 
  custom:video-codec-MediaFoundation-h265: 746d11721c4dcdbdad8f713fa42b33f4 -> 
  custom:video-decoder-ogg-theora: a1e56fd34408186e4bbccfd4996cb3dc -> 
  custom:CustomObjectIndexerAttribute: 9a22284fe3817be447336de3de66b15e -> 
  custom:container-demuxer-webm: 4f35f7cbe854078d1ac9338744f61a02 -> 
  custom:video-encoder-webm-vp8: eb34c28f22e8b96e1ab97ce403110664 -> 
========================================================================
Received Prepare
Caller must complete domain reload
Begin MonoManager ReloadAssembly
- Loaded All Assemblies, in  0.479 seconds
Native extension for UWP target not found
Native extension for WindowsStandalone target not found
Native extension for Android target not found
[Package Manager] Server::EnsureServerProcessIsRunning -- launch failed, reason: Unity was launched with the -noUpm command-line argument
[Package Manager] UpmClient::Send -- Unable to send message (not connected to UPM process).
[Package Manager] Cannot connect to Unity Package Manager local server
[Package Manager] Server::EnsureServerProcessIsRunning -- launch failed, reason: Unity was launched with the -noUpm command-line argument
[Package Manager] UpmClient::Send -- Unable to send message (not connected to UPM process).
[Package Manager] Cannot connect to Unity Package Manager local server
[Synthetic Environments] got match start synth_env_server.exe Bedroom
UnityEngine.StackTraceUtility:ExtractStackTrace ()
UnityEngine.DebugLogHandler:LogFormat (UnityEngine.LogType,UnityEngine.Object,string,object[])
UnityEngine.Logger:Log (UnityEngine.LogType,object)
UnityEngine.Debug:Log (object)
Meta.XR.Simulator.Utils:ReportInfo (string,string) (at ./Library/PackageCache/com.meta.xr.simulator@74.0.0/Editor/Utils.cs:165)
Meta.XR.Simulator.Editor.SyntheticEnvironments.Installer:ParseSynthEnvScript (string) (at ./Library/PackageCache/com.meta.xr.simulator@74.0.0/Editor/SyntheticEnvironments/Installer.cs:98)
Meta.XR.Simulator.Editor.SyntheticEnvironments.Installer:BuildSyntheticEnvironments () (at ./Library/PackageCache/com.meta.xr.simulator@74.0.0/Editor/SyntheticEnvironments/Installer.cs:76)
Meta.XR.Simulator.Editor.SyntheticEnvironments.Registry:RegisterSyntheticEnvironments () (at ./Library/PackageCache/com.meta.xr.simulator@74.0.0/Editor/SyntheticEnvironments/Registry.cs:97)
Meta.XR.Simulator.Editor.SyntheticEnvironments.Registry:.cctor () (at ./Library/PackageCache/com.meta.xr.simulator@74.0.0/Editor/SyntheticEnvironments/Registry.cs:87)
System.Runtime.CompilerServices.RuntimeHelpers:RunClassConstructor (System.RuntimeTypeHandle)
UnityEditor.EditorAssemblies:ProcessInitializeOnLoadAttributes (System.Type[])

(Filename: ./Library/PackageCache/com.meta.xr.simulator@74.0.0/Editor/Utils.cs Line: 165)

[Synthetic Environments] got match start synth_env_server.exe GameRoom
UnityEngine.StackTraceUtility:ExtractStackTrace ()
UnityEngine.DebugLogHandler:LogFormat (UnityEngine.LogType,UnityEngine.Object,string,object[])
UnityEngine.Logger:Log (UnityEngine.LogType,object)
UnityEngine.Debug:Log (object)
Meta.XR.Simulator.Utils:ReportInfo (string,string) (at ./Library/PackageCache/com.meta.xr.simulator@74.0.0/Editor/Utils.cs:165)
Meta.XR.Simulator.Editor.SyntheticEnvironments.Installer:ParseSynthEnvScript (string) (at ./Library/PackageCache/com.meta.xr.simulator@74.0.0/Editor/SyntheticEnvironments/Installer.cs:98)
Meta.XR.Simulator.Editor.SyntheticEnvironments.Installer:BuildSyntheticEnvironments () (at ./Library/PackageCache/com.meta.xr.simulator@74.0.0/Editor/SyntheticEnvironments/Installer.cs:76)
Meta.XR.Simulator.Editor.SyntheticEnvironments.Registry:RegisterSyntheticEnvironments () (at ./Library/PackageCache/com.meta.xr.simulator@74.0.0/Editor/SyntheticEnvironments/Registry.cs:97)
Meta.XR.Simulator.Editor.SyntheticEnvironments.Registry:.cctor () (at ./Library/PackageCache/com.meta.xr.simulator@74.0.0/Editor/SyntheticEnvironments/Registry.cs:87)
System.Runtime.CompilerServices.RuntimeHelpers:RunClassConstructor (System.RuntimeTypeHandle)
UnityEditor.EditorAssemblies:ProcessInitializeOnLoadAttributes (System.Type[])

(Filename: ./Library/PackageCache/com.meta.xr.simulator@74.0.0/Editor/Utils.cs Line: 165)

[Synthetic Environments] got match start synth_env_server.exe LivingRoom
UnityEngine.StackTraceUtility:ExtractStackTrace ()
UnityEngine.DebugLogHandler:LogFormat (UnityEngine.LogType,UnityEngine.Object,string,object[])
UnityEngine.Logger:Log (UnityEngine.LogType,object)
UnityEngine.Debug:Log (object)
Meta.XR.Simulator.Utils:ReportInfo (string,string) (at ./Library/PackageCache/com.meta.xr.simulator@74.0.0/Editor/Utils.cs:165)
Meta.XR.Simulator.Editor.SyntheticEnvironments.Installer:ParseSynthEnvScript (string) (at ./Library/PackageCache/com.meta.xr.simulator@74.0.0/Editor/SyntheticEnvironments/Installer.cs:98)
Meta.XR.Simulator.Editor.SyntheticEnvironments.Installer:BuildSyntheticEnvironments () (at ./Library/PackageCache/com.meta.xr.simulator@74.0.0/Editor/SyntheticEnvironments/Installer.cs:76)
Meta.XR.Simulator.Editor.SyntheticEnvironments.Registry:RegisterSyntheticEnvironments () (at ./Library/PackageCache/com.meta.xr.simulator@74.0.0/Editor/SyntheticEnvironments/Registry.cs:97)
Meta.XR.Simulator.Editor.SyntheticEnvironments.Registry:.cctor () (at ./Library/PackageCache/com.meta.xr.simulator@74.0.0/Editor/SyntheticEnvironments/Registry.cs:87)
System.Runtime.CompilerServices.RuntimeHelpers:RunClassConstructor (System.RuntimeTypeHandle)
UnityEditor.EditorAssemblies:ProcessInitializeOnLoadAttributes (System.Type[])

(Filename: ./Library/PackageCache/com.meta.xr.simulator@74.0.0/Editor/Utils.cs Line: 165)

[Synthetic Environments] got match start synth_env_server_extra_rooms.exe XRoom2_3
UnityEngine.StackTraceUtility:ExtractStackTrace ()
UnityEngine.DebugLogHandler:LogFormat (UnityEngine.LogType,UnityEngine.Object,string,object[])
UnityEngine.Logger:Log (UnityEngine.LogType,object)
UnityEngine.Debug:Log (object)
Meta.XR.Simulator.Utils:ReportInfo (string,string) (at ./Library/PackageCache/com.meta.xr.simulator@74.0.0/Editor/Utils.cs:165)
Meta.XR.Simulator.Editor.SyntheticEnvironments.Installer:ParseSynthEnvScript (string) (at ./Library/PackageCache/com.meta.xr.simulator@74.0.0/Editor/SyntheticEnvironments/Installer.cs:98)
Meta.XR.Simulator.Editor.SyntheticEnvironments.Installer:BuildSyntheticEnvironments () (at ./Library/PackageCache/com.meta.xr.simulator@74.0.0/Editor/SyntheticEnvironments/Installer.cs:76)
Meta.XR.Simulator.Editor.SyntheticEnvironments.Registry:RegisterSyntheticEnvironments () (at ./Library/PackageCache/com.meta.xr.simulator@74.0.0/Editor/SyntheticEnvironments/Registry.cs:97)
Meta.XR.Simulator.Editor.SyntheticEnvironments.Registry:.cctor () (at ./Library/PackageCache/com.meta.xr.simulator@74.0.0/Editor/SyntheticEnvironments/Registry.cs:87)
System.Runtime.CompilerServices.RuntimeHelpers:RunClassConstructor (System.RuntimeTypeHandle)
UnityEditor.EditorAssemblies:ProcessInitializeOnLoadAttributes (System.Type[])

(Filename: ./Library/PackageCache/com.meta.xr.simulator@74.0.0/Editor/Utils.cs Line: 165)

[Synthetic Environments] got match start synth_env_server_extra_rooms.exe XRoom2_4
UnityEngine.StackTraceUtility:ExtractStackTrace ()
UnityEngine.DebugLogHandler:LogFormat (UnityEngine.LogType,UnityEngine.Object,string,object[])
UnityEngine.Logger:Log (UnityEngine.LogType,object)
UnityEngine.Debug:Log (object)
Meta.XR.Simulator.Utils:ReportInfo (string,string) (at ./Library/PackageCache/com.meta.xr.simulator@74.0.0/Editor/Utils.cs:165)
Meta.XR.Simulator.Editor.SyntheticEnvironments.Installer:ParseSynthEnvScript (string) (at ./Library/PackageCache/com.meta.xr.simulator@74.0.0/Editor/SyntheticEnvironments/Installer.cs:98)
Meta.XR.Simulator.Editor.SyntheticEnvironments.Installer:BuildSyntheticEnvironments () (at ./Library/PackageCache/com.meta.xr.simulator@74.0.0/Editor/SyntheticEnvironments/Installer.cs:76)
Meta.XR.Simulator.Editor.SyntheticEnvironments.Registry:RegisterSyntheticEnvironments () (at ./Library/PackageCache/com.meta.xr.simulator@74.0.0/Editor/SyntheticEnvironments/Registry.cs:97)
Meta.XR.Simulator.Editor.SyntheticEnvironments.Registry:.cctor () (at ./Library/PackageCache/com.meta.xr.simulator@74.0.0/Editor/SyntheticEnvironments/Registry.cs:87)
System.Runtime.CompilerServices.RuntimeHelpers:RunClassConstructor (System.RuntimeTypeHandle)
UnityEditor.EditorAssemblies:ProcessInitializeOnLoadAttributes (System.Type[])

(Filename: ./Library/PackageCache/com.meta.xr.simulator@74.0.0/Editor/Utils.cs Line: 165)

[Synthetic Environments] got match start synth_env_server_extra_rooms.exe XRoom5_6
UnityEngine.StackTraceUtility:ExtractStackTrace ()
UnityEngine.DebugLogHandler:LogFormat (UnityEngine.LogType,UnityEngine.Object,string,object[])
UnityEngine.Logger:Log (UnityEngine.LogType,object)
UnityEngine.Debug:Log (object)
Meta.XR.Simulator.Utils:ReportInfo (string,string) (at ./Library/PackageCache/com.meta.xr.simulator@74.0.0/Editor/Utils.cs:165)
Meta.XR.Simulator.Editor.SyntheticEnvironments.Installer:ParseSynthEnvScript (string) (at ./Library/PackageCache/com.meta.xr.simulator@74.0.0/Editor/SyntheticEnvironments/Installer.cs:98)
Meta.XR.Simulator.Editor.SyntheticEnvironments.Installer:BuildSyntheticEnvironments () (at ./Library/PackageCache/com.meta.xr.simulator@74.0.0/Editor/SyntheticEnvironments/Installer.cs:76)
Meta.XR.Simulator.Editor.SyntheticEnvironments.Registry:RegisterSyntheticEnvironments () (at ./Library/PackageCache/com.meta.xr.simulator@74.0.0/Editor/SyntheticEnvironments/Registry.cs:97)
Meta.XR.Simulator.Editor.SyntheticEnvironments.Registry:.cctor () (at ./Library/PackageCache/com.meta.xr.simulator@74.0.0/Editor/SyntheticEnvironments/Registry.cs:87)
System.Runtime.CompilerServices.RuntimeHelpers:RunClassConstructor (System.RuntimeTypeHandle)
UnityEditor.EditorAssemblies:ProcessInitializeOnLoadAttributes (System.Type[])

(Filename: ./Library/PackageCache/com.meta.xr.simulator@74.0.0/Editor/Utils.cs Line: 165)

[Synthetic Environments] got match start synth_env_server_extra_rooms.exe XRoom5_1
UnityEngine.StackTraceUtility:ExtractStackTrace ()
UnityEngine.DebugLogHandler:LogFormat (UnityEngine.LogType,UnityEngine.Object,string,object[])
UnityEngine.Logger:Log (UnityEngine.LogType,object)
UnityEngine.Debug:Log (object)
Meta.XR.Simulator.Utils:ReportInfo (string,string) (at ./Library/PackageCache/com.meta.xr.simulator@74.0.0/Editor/Utils.cs:165)
Meta.XR.Simulator.Editor.SyntheticEnvironments.Installer:ParseSynthEnvScript (string) (at ./Library/PackageCache/com.meta.xr.simulator@74.0.0/Editor/SyntheticEnvironments/Installer.cs:98)
Meta.XR.Simulator.Editor.SyntheticEnvironments.Installer:BuildSyntheticEnvironments () (at ./Library/PackageCache/com.meta.xr.simulator@74.0.0/Editor/SyntheticEnvironments/Installer.cs:76)
Meta.XR.Simulator.Editor.SyntheticEnvironments.Registry:RegisterSyntheticEnvironments () (at ./Library/PackageCache/com.meta.xr.simulator@74.0.0/Editor/SyntheticEnvironments/Registry.cs:97)
Meta.XR.Simulator.Editor.SyntheticEnvironments.Registry:.cctor () (at ./Library/PackageCache/com.meta.xr.simulator@74.0.0/Editor/SyntheticEnvironments/Registry.cs:87)
System.Runtime.CompilerServices.RuntimeHelpers:RunClassConstructor (System.RuntimeTypeHandle)
UnityEditor.EditorAssemblies:ProcessInitializeOnLoadAttributes (System.Type[])

(Filename: ./Library/PackageCache/com.meta.xr.simulator@74.0.0/Editor/Utils.cs Line: 165)

[Synthetic Environments] got match start synth_env_server_extra_rooms.exe XRoom3_1
UnityEngine.StackTraceUtility:ExtractStackTrace ()
UnityEngine.DebugLogHandler:LogFormat (UnityEngine.LogType,UnityEngine.Object,string,object[])
UnityEngine.Logger:Log (UnityEngine.LogType,object)
UnityEngine.Debug:Log (object)
Meta.XR.Simulator.Utils:ReportInfo (string,string) (at ./Library/PackageCache/com.meta.xr.simulator@74.0.0/Editor/Utils.cs:165)
Meta.XR.Simulator.Editor.SyntheticEnvironments.Installer:ParseSynthEnvScript (string) (at ./Library/PackageCache/com.meta.xr.simulator@74.0.0/Editor/SyntheticEnvironments/Installer.cs:98)
Meta.XR.Simulator.Editor.SyntheticEnvironments.Installer:BuildSyntheticEnvironments () (at ./Library/PackageCache/com.meta.xr.simulator@74.0.0/Editor/SyntheticEnvironments/Installer.cs:76)
Meta.XR.Simulator.Editor.SyntheticEnvironments.Registry:RegisterSyntheticEnvironments () (at ./Library/PackageCache/com.meta.xr.simulator@74.0.0/Editor/SyntheticEnvironments/Registry.cs:97)
Meta.XR.Simulator.Editor.SyntheticEnvironments.Registry:.cctor () (at ./Library/PackageCache/com.meta.xr.simulator@74.0.0/Editor/SyntheticEnvironments/Registry.cs:87)
System.Runtime.CompilerServices.RuntimeHelpers:RunClassConstructor (System.RuntimeTypeHandle)
UnityEditor.EditorAssemblies:ProcessInitializeOnLoadAttributes (System.Type[])

(Filename: ./Library/PackageCache/com.meta.xr.simulator@74.0.0/Editor/Utils.cs Line: 165)

[Synthetic Environments] got match start synth_env_server_extra_rooms.exe XRoom1_2
UnityEngine.StackTraceUtility:ExtractStackTrace ()
UnityEngine.DebugLogHandler:LogFormat (UnityEngine.LogType,UnityEngine.Object,string,object[])
UnityEngine.Logger:Log (UnityEngine.LogType,object)
UnityEngine.Debug:Log (object)
Meta.XR.Simulator.Utils:ReportInfo (string,string) (at ./Library/PackageCache/com.meta.xr.simulator@74.0.0/Editor/Utils.cs:165)
Meta.XR.Simulator.Editor.SyntheticEnvironments.Installer:ParseSynthEnvScript (string) (at ./Library/PackageCache/com.meta.xr.simulator@74.0.0/Editor/SyntheticEnvironments/Installer.cs:98)
Meta.XR.Simulator.Editor.SyntheticEnvironments.Installer:BuildSyntheticEnvironments () (at ./Library/PackageCache/com.meta.xr.simulator@74.0.0/Editor/SyntheticEnvironments/Installer.cs:76)
Meta.XR.Simulator.Editor.SyntheticEnvironments.Registry:RegisterSyntheticEnvironments () (at ./Library/PackageCache/com.meta.xr.simulator@74.0.0/Editor/SyntheticEnvironments/Registry.cs:97)
Meta.XR.Simulator.Editor.SyntheticEnvironments.Registry:.cctor () (at ./Library/PackageCache/com.meta.xr.simulator@74.0.0/Editor/SyntheticEnvironments/Registry.cs:87)
System.Runtime.CompilerServices.RuntimeHelpers:RunClassConstructor (System.RuntimeTypeHandle)
UnityEditor.EditorAssemblies:ProcessInitializeOnLoadAttributes (System.Type[])

(Filename: ./Library/PackageCache/com.meta.xr.simulator@74.0.0/Editor/Utils.cs Line: 165)

[Synthetic Environments] got match start synth_env_server_extra_rooms.exe XRoom1_1
UnityEngine.StackTraceUtility:ExtractStackTrace ()
UnityEngine.DebugLogHandler:LogFormat (UnityEngine.LogType,UnityEngine.Object,string,object[])
UnityEngine.Logger:Log (UnityEngine.LogType,object)
UnityEngine.Debug:Log (object)
Meta.XR.Simulator.Utils:ReportInfo (string,string) (at ./Library/PackageCache/com.meta.xr.simulator@74.0.0/Editor/Utils.cs:165)
Meta.XR.Simulator.Editor.SyntheticEnvironments.Installer:ParseSynthEnvScript (string) (at ./Library/PackageCache/com.meta.xr.simulator@74.0.0/Editor/SyntheticEnvironments/Installer.cs:98)
Meta.XR.Simulator.Editor.SyntheticEnvironments.Installer:BuildSyntheticEnvironments () (at ./Library/PackageCache/com.meta.xr.simulator@74.0.0/Editor/SyntheticEnvironments/Installer.cs:76)
Meta.XR.Simulator.Editor.SyntheticEnvironments.Registry:RegisterSyntheticEnvironments () (at ./Library/PackageCache/com.meta.xr.simulator@74.0.0/Editor/SyntheticEnvironments/Registry.cs:97)
Meta.XR.Simulator.Editor.SyntheticEnvironments.Registry:.cctor () (at ./Library/PackageCache/com.meta.xr.simulator@74.0.0/Editor/SyntheticEnvironments/Registry.cs:87)
System.Runtime.CompilerServices.RuntimeHelpers:RunClassConstructor (System.RuntimeTypeHandle)
UnityEditor.EditorAssemblies:ProcessInitializeOnLoadAttributes (System.Type[])

(Filename: ./Library/PackageCache/com.meta.xr.simulator@74.0.0/Editor/Utils.cs Line: 165)

[Synthetic Environments] got match start synth_env_server_extra_rooms.exe XRoom1_4
UnityEngine.StackTraceUtility:ExtractStackTrace ()
UnityEngine.DebugLogHandler:LogFormat (UnityEngine.LogType,UnityEngine.Object,string,object[])
UnityEngine.Logger:Log (UnityEngine.LogType,object)
UnityEngine.Debug:Log (object)
Meta.XR.Simulator.Utils:ReportInfo (string,string) (at ./Library/PackageCache/com.meta.xr.simulator@74.0.0/Editor/Utils.cs:165)
Meta.XR.Simulator.Editor.SyntheticEnvironments.Installer:ParseSynthEnvScript (string) (at ./Library/PackageCache/com.meta.xr.simulator@74.0.0/Editor/SyntheticEnvironments/Installer.cs:98)
Meta.XR.Simulator.Editor.SyntheticEnvironments.Installer:BuildSyntheticEnvironments () (at ./Library/PackageCache/com.meta.xr.simulator@74.0.0/Editor/SyntheticEnvironments/Installer.cs:76)
Meta.XR.Simulator.Editor.SyntheticEnvironments.Registry:RegisterSyntheticEnvironments () (at ./Library/PackageCache/com.meta.xr.simulator@74.0.0/Editor/SyntheticEnvironments/Registry.cs:97)
Meta.XR.Simulator.Editor.SyntheticEnvironments.Registry:.cctor () (at ./Library/PackageCache/com.meta.xr.simulator@74.0.0/Editor/SyntheticEnvironments/Registry.cs:87)
System.Runtime.CompilerServices.RuntimeHelpers:RunClassConstructor (System.RuntimeTypeHandle)
UnityEditor.EditorAssemblies:ProcessInitializeOnLoadAttributes (System.Type[])

(Filename: ./Library/PackageCache/com.meta.xr.simulator@74.0.0/Editor/Utils.cs Line: 165)

[Package Manager] Server::EnsureServerProcessIsRunning -- launch failed, reason: Unity was launched with the -noUpm command-line argument
[Package Manager] UpmClient::Send -- Unable to send message (not connected to UPM process).
[Package Manager] Cannot connect to Unity Package Manager local server
Mono: successfully reloaded assembly
[Package Manager] Server::EnsureServerProcessIsRunning -- launch failed, reason: Unity was launched with the -noUpm command-line argument
[Package Manager] UpmClient::Send -- Unable to send message (not connected to UPM process).
[Package Manager] Cannot connect to Unity Package Manager local server
- Finished resetting the current domain, in  1.344 seconds
Domain Reload Profiling: 1817ms
	BeginReloadAssembly (139ms)
		ExecutionOrderSort (0ms)
		DisableScriptedObjects (3ms)
		BackupInstance (0ms)
		ReleaseScriptingObjects (0ms)
		CreateAndSetChildDomain (36ms)
	RebuildCommonClasses (27ms)
	RebuildNativeTypeToScriptingClass (9ms)
	initialDomainReloadingComplete (23ms)
	LoadAllAssembliesAndSetupDomain (275ms)
		LoadAssemblies (319ms)
		RebuildTransferFunctionScriptingTraits (0ms)
		AnalyzeDomain (25ms)
			TypeCache.Refresh (7ms)
				TypeCache.ScanAssembly (0ms)
			ScanForSourceGeneratedMonoScriptInfo (0ms)
			ResolveRequiredComponents (17ms)
	FinalizeReload (1344ms)
		ReleaseScriptCaches (0ms)
		RebuildScriptCaches (0ms)
		SetupLoadedEditorAssemblies (730ms)
			LogAssemblyErrors (0ms)
			InitializePlatformSupportModulesInManaged (17ms)
			SetLoadedEditorAssemblies (5ms)
			RefreshPlugins (0ms)
			BeforeProcessingInitializeOnLoad (106ms)
			ProcessInitializeOnLoadAttributes (538ms)
			ProcessInitializeOnLoadMethodAttributes (56ms)
			AfterProcessingInitializeOnLoad (7ms)
			EditorAssembliesLoaded (0ms)
		ExecutionOrderSort2 (0ms)
		AwakeInstancesAfterBackupRestoration (6ms)
Shader 'Meta/MRUK/Scene/HighlightsAndShadows': fallback shader 'Off' not found
Shader 'Oculus/OVRMRCameraFrameLit': fallback shader 'Alpha-Diffuse' not found
Refreshing native plugins compatible for Editor in 17.23 ms, found 17 plugins.
Preloading 2 native plugins for Editor in 0.08 ms.
Unloading 6995 Unused Serialized files (Serialized files now loaded: 0)
Unloading 112 unused Assets / (483.5 KB). Loaded Objects now: 7623.
Memory consumption went from 231.2 MB to 230.7 MB.
Total: 5.562200 ms (FindLiveObjects: 0.400200 ms CreateObjectMapping: 0.316300 ms MarkObjects: 4.581500 ms  DeleteObjects: 0.263200 ms)

Prepare: number of updated asset objects reloaded= 0
AssetImportParameters requested are different than current active one (requested -> active):
  custom:container-demuxer-ogg: 62fdf1f143b41e24485cea50d1cbac27 -> 
  custom:framework-win-MediaFoundation: 216162199b28c13a410421893ffa2e32 -> 
  custom:container-muxer-webm: aa71ff27fc2769a1b78a27578f13a17b -> 
  custom:video-decoder-webm-vp8: 9c59270c3fd7afecdb556c50c9e8de78 -> 
  custom:SearchIndexIgnoredProperties: e643bd26f0fe6173181afceb89e7c659 -> 
  custom:AudioImporter_EditorPlatform: d09bf68614088b80899f8185d706f6e7 -> 
  custom:audio-decoder-ogg-vorbis: bf7c407c2cedff20999df2af8eb42d56 -> 
  custom:audio-encoder-webm-vorbis: bf7c407c2cedff20999df2af8eb42d56 -> 
  custom:video-codec-MediaFoundation-h265: 746d11721c4dcdbdad8f713fa42b33f4 -> 
  custom:video-decoder-ogg-theora: a1e56fd34408186e4bbccfd4996cb3dc -> 
  custom:CustomObjectIndexerAttribute: 9a22284fe3817be447336de3de66b15e -> 
  custom:container-demuxer-webm: 4f35f7cbe854078d1ac9338744f61a02 -> 
  custom:video-encoder-webm-vp8: eb34c28f22e8b96e1ab97ce403110664 -> 
========================================================================
Received Prepare
Caller must complete domain reload
Begin MonoManager ReloadAssembly
- Loaded All Assemblies, in  0.507 seconds
Native extension for UWP target not found
Native extension for WindowsStandalone target not found
Native extension for Android target not found
[Package Manager] Server::EnsureServerProcessIsRunning -- launch failed, reason: Unity was launched with the -noUpm command-line argument
[Package Manager] UpmClient::Send -- Unable to send message (not connected to UPM process).
[Package Manager] Cannot connect to Unity Package Manager local server
[Package Manager] Server::EnsureServerProcessIsRunning -- launch failed, reason: Unity was launched with the -noUpm command-line argument
[Package Manager] UpmClient::Send -- Unable to send message (not connected to UPM process).
[Package Manager] Cannot connect to Unity Package Manager local server
[Synthetic Environments] got match start synth_env_server.exe Bedroom
UnityEngine.StackTraceUtility:ExtractStackTrace ()
UnityEngine.DebugLogHandler:LogFormat (UnityEngine.LogType,UnityEngine.Object,string,object[])
UnityEngine.Logger:Log (UnityEngine.LogType,object)
UnityEngine.Debug:Log (object)
Meta.XR.Simulator.Utils:ReportInfo (string,string) (at ./Library/PackageCache/com.meta.xr.simulator@74.0.0/Editor/Utils.cs:165)
Meta.XR.Simulator.Editor.SyntheticEnvironments.Installer:ParseSynthEnvScript (string) (at ./Library/PackageCache/com.meta.xr.simulator@74.0.0/Editor/SyntheticEnvironments/Installer.cs:98)
Meta.XR.Simulator.Editor.SyntheticEnvironments.Installer:BuildSyntheticEnvironments () (at ./Library/PackageCache/com.meta.xr.simulator@74.0.0/Editor/SyntheticEnvironments/Installer.cs:76)
Meta.XR.Simulator.Editor.SyntheticEnvironments.Registry:RegisterSyntheticEnvironments () (at ./Library/PackageCache/com.meta.xr.simulator@74.0.0/Editor/SyntheticEnvironments/Registry.cs:97)
Meta.XR.Simulator.Editor.SyntheticEnvironments.Registry:.cctor () (at ./Library/PackageCache/com.meta.xr.simulator@74.0.0/Editor/SyntheticEnvironments/Registry.cs:87)
System.Runtime.CompilerServices.RuntimeHelpers:RunClassConstructor (System.RuntimeTypeHandle)
UnityEditor.EditorAssemblies:ProcessInitializeOnLoadAttributes (System.Type[])

(Filename: ./Library/PackageCache/com.meta.xr.simulator@74.0.0/Editor/Utils.cs Line: 165)

[Synthetic Environments] got match start synth_env_server.exe GameRoom
UnityEngine.StackTraceUtility:ExtractStackTrace ()
UnityEngine.DebugLogHandler:LogFormat (UnityEngine.LogType,UnityEngine.Object,string,object[])
UnityEngine.Logger:Log (UnityEngine.LogType,object)
UnityEngine.Debug:Log (object)
Meta.XR.Simulator.Utils:ReportInfo (string,string) (at ./Library/PackageCache/com.meta.xr.simulator@74.0.0/Editor/Utils.cs:165)
Meta.XR.Simulator.Editor.SyntheticEnvironments.Installer:ParseSynthEnvScript (string) (at ./Library/PackageCache/com.meta.xr.simulator@74.0.0/Editor/SyntheticEnvironments/Installer.cs:98)
Meta.XR.Simulator.Editor.SyntheticEnvironments.Installer:BuildSyntheticEnvironments () (at ./Library/PackageCache/com.meta.xr.simulator@74.0.0/Editor/SyntheticEnvironments/Installer.cs:76)
Meta.XR.Simulator.Editor.SyntheticEnvironments.Registry:RegisterSyntheticEnvironments () (at ./Library/PackageCache/com.meta.xr.simulator@74.0.0/Editor/SyntheticEnvironments/Registry.cs:97)
Meta.XR.Simulator.Editor.SyntheticEnvironments.Registry:.cctor () (at ./Library/PackageCache/com.meta.xr.simulator@74.0.0/Editor/SyntheticEnvironments/Registry.cs:87)
System.Runtime.CompilerServices.RuntimeHelpers:RunClassConstructor (System.RuntimeTypeHandle)
UnityEditor.EditorAssemblies:ProcessInitializeOnLoadAttributes (System.Type[])

(Filename: ./Library/PackageCache/com.meta.xr.simulator@74.0.0/Editor/Utils.cs Line: 165)

[Synthetic Environments] got match start synth_env_server.exe LivingRoom
UnityEngine.StackTraceUtility:ExtractStackTrace ()
UnityEngine.DebugLogHandler:LogFormat (UnityEngine.LogType,UnityEngine.Object,string,object[])
UnityEngine.Logger:Log (UnityEngine.LogType,object)
UnityEngine.Debug:Log (object)
Meta.XR.Simulator.Utils:ReportInfo (string,string) (at ./Library/PackageCache/com.meta.xr.simulator@74.0.0/Editor/Utils.cs:165)
Meta.XR.Simulator.Editor.SyntheticEnvironments.Installer:ParseSynthEnvScript (string) (at ./Library/PackageCache/com.meta.xr.simulator@74.0.0/Editor/SyntheticEnvironments/Installer.cs:98)
Meta.XR.Simulator.Editor.SyntheticEnvironments.Installer:BuildSyntheticEnvironments () (at ./Library/PackageCache/com.meta.xr.simulator@74.0.0/Editor/SyntheticEnvironments/Installer.cs:76)
Meta.XR.Simulator.Editor.SyntheticEnvironments.Registry:RegisterSyntheticEnvironments () (at ./Library/PackageCache/com.meta.xr.simulator@74.0.0/Editor/SyntheticEnvironments/Registry.cs:97)
Meta.XR.Simulator.Editor.SyntheticEnvironments.Registry:.cctor () (at ./Library/PackageCache/com.meta.xr.simulator@74.0.0/Editor/SyntheticEnvironments/Registry.cs:87)
System.Runtime.CompilerServices.RuntimeHelpers:RunClassConstructor (System.RuntimeTypeHandle)
UnityEditor.EditorAssemblies:ProcessInitializeOnLoadAttributes (System.Type[])

(Filename: ./Library/PackageCache/com.meta.xr.simulator@74.0.0/Editor/Utils.cs Line: 165)

[Synthetic Environments] got match start synth_env_server_extra_rooms.exe XRoom2_3
UnityEngine.StackTraceUtility:ExtractStackTrace ()
UnityEngine.DebugLogHandler:LogFormat (UnityEngine.LogType,UnityEngine.Object,string,object[])
UnityEngine.Logger:Log (UnityEngine.LogType,object)
UnityEngine.Debug:Log (object)
Meta.XR.Simulator.Utils:ReportInfo (string,string) (at ./Library/PackageCache/com.meta.xr.simulator@74.0.0/Editor/Utils.cs:165)
Meta.XR.Simulator.Editor.SyntheticEnvironments.Installer:ParseSynthEnvScript (string) (at ./Library/PackageCache/com.meta.xr.simulator@74.0.0/Editor/SyntheticEnvironments/Installer.cs:98)
Meta.XR.Simulator.Editor.SyntheticEnvironments.Installer:BuildSyntheticEnvironments () (at ./Library/PackageCache/com.meta.xr.simulator@74.0.0/Editor/SyntheticEnvironments/Installer.cs:76)
Meta.XR.Simulator.Editor.SyntheticEnvironments.Registry:RegisterSyntheticEnvironments () (at ./Library/PackageCache/com.meta.xr.simulator@74.0.0/Editor/SyntheticEnvironments/Registry.cs:97)
Meta.XR.Simulator.Editor.SyntheticEnvironments.Registry:.cctor () (at ./Library/PackageCache/com.meta.xr.simulator@74.0.0/Editor/SyntheticEnvironments/Registry.cs:87)
System.Runtime.CompilerServices.RuntimeHelpers:RunClassConstructor (System.RuntimeTypeHandle)
UnityEditor.EditorAssemblies:ProcessInitializeOnLoadAttributes (System.Type[])

(Filename: ./Library/PackageCache/com.meta.xr.simulator@74.0.0/Editor/Utils.cs Line: 165)

[Synthetic Environments] got match start synth_env_server_extra_rooms.exe XRoom2_4
UnityEngine.StackTraceUtility:ExtractStackTrace ()
UnityEngine.DebugLogHandler:LogFormat (UnityEngine.LogType,UnityEngine.Object,string,object[])
UnityEngine.Logger:Log (UnityEngine.LogType,object)
UnityEngine.Debug:Log (object)
Meta.XR.Simulator.Utils:ReportInfo (string,string) (at ./Library/PackageCache/com.meta.xr.simulator@74.0.0/Editor/Utils.cs:165)
Meta.XR.Simulator.Editor.SyntheticEnvironments.Installer:ParseSynthEnvScript (string) (at ./Library/PackageCache/com.meta.xr.simulator@74.0.0/Editor/SyntheticEnvironments/Installer.cs:98)
Meta.XR.Simulator.Editor.SyntheticEnvironments.Installer:BuildSyntheticEnvironments () (at ./Library/PackageCache/com.meta.xr.simulator@74.0.0/Editor/SyntheticEnvironments/Installer.cs:76)
Meta.XR.Simulator.Editor.SyntheticEnvironments.Registry:RegisterSyntheticEnvironments () (at ./Library/PackageCache/com.meta.xr.simulator@74.0.0/Editor/SyntheticEnvironments/Registry.cs:97)
Meta.XR.Simulator.Editor.SyntheticEnvironments.Registry:.cctor () (at ./Library/PackageCache/com.meta.xr.simulator@74.0.0/Editor/SyntheticEnvironments/Registry.cs:87)
System.Runtime.CompilerServices.RuntimeHelpers:RunClassConstructor (System.RuntimeTypeHandle)
UnityEditor.EditorAssemblies:ProcessInitializeOnLoadAttributes (System.Type[])

(Filename: ./Library/PackageCache/com.meta.xr.simulator@74.0.0/Editor/Utils.cs Line: 165)

[Synthetic Environments] got match start synth_env_server_extra_rooms.exe XRoom5_6
UnityEngine.StackTraceUtility:ExtractStackTrace ()
UnityEngine.DebugLogHandler:LogFormat (UnityEngine.LogType,UnityEngine.Object,string,object[])
UnityEngine.Logger:Log (UnityEngine.LogType,object)
UnityEngine.Debug:Log (object)
Meta.XR.Simulator.Utils:ReportInfo (string,string) (at ./Library/PackageCache/com.meta.xr.simulator@74.0.0/Editor/Utils.cs:165)
Meta.XR.Simulator.Editor.SyntheticEnvironments.Installer:ParseSynthEnvScript (string) (at ./Library/PackageCache/com.meta.xr.simulator@74.0.0/Editor/SyntheticEnvironments/Installer.cs:98)
Meta.XR.Simulator.Editor.SyntheticEnvironments.Installer:BuildSyntheticEnvironments () (at ./Library/PackageCache/com.meta.xr.simulator@74.0.0/Editor/SyntheticEnvironments/Installer.cs:76)
Meta.XR.Simulator.Editor.SyntheticEnvironments.Registry:RegisterSyntheticEnvironments () (at ./Library/PackageCache/com.meta.xr.simulator@74.0.0/Editor/SyntheticEnvironments/Registry.cs:97)
Meta.XR.Simulator.Editor.SyntheticEnvironments.Registry:.cctor () (at ./Library/PackageCache/com.meta.xr.simulator@74.0.0/Editor/SyntheticEnvironments/Registry.cs:87)
System.Runtime.CompilerServices.RuntimeHelpers:RunClassConstructor (System.RuntimeTypeHandle)
UnityEditor.EditorAssemblies:ProcessInitializeOnLoadAttributes (System.Type[])

(Filename: ./Library/PackageCache/com.meta.xr.simulator@74.0.0/Editor/Utils.cs Line: 165)

[Synthetic Environments] got match start synth_env_server_extra_rooms.exe XRoom5_1
UnityEngine.StackTraceUtility:ExtractStackTrace ()
UnityEngine.DebugLogHandler:LogFormat (UnityEngine.LogType,UnityEngine.Object,string,object[])
UnityEngine.Logger:Log (UnityEngine.LogType,object)
UnityEngine.Debug:Log (object)
Meta.XR.Simulator.Utils:ReportInfo (string,string) (at ./Library/PackageCache/com.meta.xr.simulator@74.0.0/Editor/Utils.cs:165)
Meta.XR.Simulator.Editor.SyntheticEnvironments.Installer:ParseSynthEnvScript (string) (at ./Library/PackageCache/com.meta.xr.simulator@74.0.0/Editor/SyntheticEnvironments/Installer.cs:98)
Meta.XR.Simulator.Editor.SyntheticEnvironments.Installer:BuildSyntheticEnvironments () (at ./Library/PackageCache/com.meta.xr.simulator@74.0.0/Editor/SyntheticEnvironments/Installer.cs:76)
Meta.XR.Simulator.Editor.SyntheticEnvironments.Registry:RegisterSyntheticEnvironments () (at ./Library/PackageCache/com.meta.xr.simulator@74.0.0/Editor/SyntheticEnvironments/Registry.cs:97)
Meta.XR.Simulator.Editor.SyntheticEnvironments.Registry:.cctor () (at ./Library/PackageCache/com.meta.xr.simulator@74.0.0/Editor/SyntheticEnvironments/Registry.cs:87)
System.Runtime.CompilerServices.RuntimeHelpers:RunClassConstructor (System.RuntimeTypeHandle)
UnityEditor.EditorAssemblies:ProcessInitializeOnLoadAttributes (System.Type[])

(Filename: ./Library/PackageCache/com.meta.xr.simulator@74.0.0/Editor/Utils.cs Line: 165)

[Synthetic Environments] got match start synth_env_server_extra_rooms.exe XRoom3_1
UnityEngine.StackTraceUtility:ExtractStackTrace ()
UnityEngine.DebugLogHandler:LogFormat (UnityEngine.LogType,UnityEngine.Object,string,object[])
UnityEngine.Logger:Log (UnityEngine.LogType,object)
UnityEngine.Debug:Log (object)
Meta.XR.Simulator.Utils:ReportInfo (string,string) (at ./Library/PackageCache/com.meta.xr.simulator@74.0.0/Editor/Utils.cs:165)
Meta.XR.Simulator.Editor.SyntheticEnvironments.Installer:ParseSynthEnvScript (string) (at ./Library/PackageCache/com.meta.xr.simulator@74.0.0/Editor/SyntheticEnvironments/Installer.cs:98)
Meta.XR.Simulator.Editor.SyntheticEnvironments.Installer:BuildSyntheticEnvironments () (at ./Library/PackageCache/com.meta.xr.simulator@74.0.0/Editor/SyntheticEnvironments/Installer.cs:76)
Meta.XR.Simulator.Editor.SyntheticEnvironments.Registry:RegisterSyntheticEnvironments () (at ./Library/PackageCache/com.meta.xr.simulator@74.0.0/Editor/SyntheticEnvironments/Registry.cs:97)
Meta.XR.Simulator.Editor.SyntheticEnvironments.Registry:.cctor () (at ./Library/PackageCache/com.meta.xr.simulator@74.0.0/Editor/SyntheticEnvironments/Registry.cs:87)
System.Runtime.CompilerServices.RuntimeHelpers:RunClassConstructor (System.RuntimeTypeHandle)
UnityEditor.EditorAssemblies:ProcessInitializeOnLoadAttributes (System.Type[])

(Filename: ./Library/PackageCache/com.meta.xr.simulator@74.0.0/Editor/Utils.cs Line: 165)

[Synthetic Environments] got match start synth_env_server_extra_rooms.exe XRoom1_2
UnityEngine.StackTraceUtility:ExtractStackTrace ()
UnityEngine.DebugLogHandler:LogFormat (UnityEngine.LogType,UnityEngine.Object,string,object[])
UnityEngine.Logger:Log (UnityEngine.LogType,object)
UnityEngine.Debug:Log (object)
Meta.XR.Simulator.Utils:ReportInfo (string,string) (at ./Library/PackageCache/com.meta.xr.simulator@74.0.0/Editor/Utils.cs:165)
Meta.XR.Simulator.Editor.SyntheticEnvironments.Installer:ParseSynthEnvScript (string) (at ./Library/PackageCache/com.meta.xr.simulator@74.0.0/Editor/SyntheticEnvironments/Installer.cs:98)
Meta.XR.Simulator.Editor.SyntheticEnvironments.Installer:BuildSyntheticEnvironments () (at ./Library/PackageCache/com.meta.xr.simulator@74.0.0/Editor/SyntheticEnvironments/Installer.cs:76)
Meta.XR.Simulator.Editor.SyntheticEnvironments.Registry:RegisterSyntheticEnvironments () (at ./Library/PackageCache/com.meta.xr.simulator@74.0.0/Editor/SyntheticEnvironments/Registry.cs:97)
Meta.XR.Simulator.Editor.SyntheticEnvironments.Registry:.cctor () (at ./Library/PackageCache/com.meta.xr.simulator@74.0.0/Editor/SyntheticEnvironments/Registry.cs:87)
System.Runtime.CompilerServices.RuntimeHelpers:RunClassConstructor (System.RuntimeTypeHandle)
UnityEditor.EditorAssemblies:ProcessInitializeOnLoadAttributes (System.Type[])

(Filename: ./Library/PackageCache/com.meta.xr.simulator@74.0.0/Editor/Utils.cs Line: 165)

[Synthetic Environments] got match start synth_env_server_extra_rooms.exe XRoom1_1
UnityEngine.StackTraceUtility:ExtractStackTrace ()
UnityEngine.DebugLogHandler:LogFormat (UnityEngine.LogType,UnityEngine.Object,string,object[])
UnityEngine.Logger:Log (UnityEngine.LogType,object)
UnityEngine.Debug:Log (object)
Meta.XR.Simulator.Utils:ReportInfo (string,string) (at ./Library/PackageCache/com.meta.xr.simulator@74.0.0/Editor/Utils.cs:165)
Meta.XR.Simulator.Editor.SyntheticEnvironments.Installer:ParseSynthEnvScript (string) (at ./Library/PackageCache/com.meta.xr.simulator@74.0.0/Editor/SyntheticEnvironments/Installer.cs:98)
Meta.XR.Simulator.Editor.SyntheticEnvironments.Installer:BuildSyntheticEnvironments () (at ./Library/PackageCache/com.meta.xr.simulator@74.0.0/Editor/SyntheticEnvironments/Installer.cs:76)
Meta.XR.Simulator.Editor.SyntheticEnvironments.Registry:RegisterSyntheticEnvironments () (at ./Library/PackageCache/com.meta.xr.simulator@74.0.0/Editor/SyntheticEnvironments/Registry.cs:97)
Meta.XR.Simulator.Editor.SyntheticEnvironments.Registry:.cctor () (at ./Library/PackageCache/com.meta.xr.simulator@74.0.0/Editor/SyntheticEnvironments/Registry.cs:87)
System.Runtime.CompilerServices.RuntimeHelpers:RunClassConstructor (System.RuntimeTypeHandle)
UnityEditor.EditorAssemblies:ProcessInitializeOnLoadAttributes (System.Type[])

(Filename: ./Library/PackageCache/com.meta.xr.simulator@74.0.0/Editor/Utils.cs Line: 165)

[Synthetic Environments] got match start synth_env_server_extra_rooms.exe XRoom1_4
UnityEngine.StackTraceUtility:ExtractStackTrace ()
UnityEngine.DebugLogHandler:LogFormat (UnityEngine.LogType,UnityEngine.Object,string,object[])
UnityEngine.Logger:Log (UnityEngine.LogType,object)
UnityEngine.Debug:Log (object)
Meta.XR.Simulator.Utils:ReportInfo (string,string) (at ./Library/PackageCache/com.meta.xr.simulator@74.0.0/Editor/Utils.cs:165)
Meta.XR.Simulator.Editor.SyntheticEnvironments.Installer:ParseSynthEnvScript (string) (at ./Library/PackageCache/com.meta.xr.simulator@74.0.0/Editor/SyntheticEnvironments/Installer.cs:98)
Meta.XR.Simulator.Editor.SyntheticEnvironments.Installer:BuildSyntheticEnvironments () (at ./Library/PackageCache/com.meta.xr.simulator@74.0.0/Editor/SyntheticEnvironments/Installer.cs:76)
Meta.XR.Simulator.Editor.SyntheticEnvironments.Registry:RegisterSyntheticEnvironments () (at ./Library/PackageCache/com.meta.xr.simulator@74.0.0/Editor/SyntheticEnvironments/Registry.cs:97)
Meta.XR.Simulator.Editor.SyntheticEnvironments.Registry:.cctor () (at ./Library/PackageCache/com.meta.xr.simulator@74.0.0/Editor/SyntheticEnvironments/Registry.cs:87)
System.Runtime.CompilerServices.RuntimeHelpers:RunClassConstructor (System.RuntimeTypeHandle)
UnityEditor.EditorAssemblies:ProcessInitializeOnLoadAttributes (System.Type[])

(Filename: ./Library/PackageCache/com.meta.xr.simulator@74.0.0/Editor/Utils.cs Line: 165)

[Package Manager] Server::EnsureServerProcessIsRunning -- launch failed, reason: Unity was launched with the -noUpm command-line argument
[Package Manager] UpmClient::Send -- Unable to send message (not connected to UPM process).
[Package Manager] Cannot connect to Unity Package Manager local server
Mono: successfully reloaded assembly
[Package Manager] Server::EnsureServerProcessIsRunning -- launch failed, reason: Unity was launched with the -noUpm command-line argument
[Package Manager] UpmClient::Send -- Unable to send message (not connected to UPM process).
[Package Manager] Cannot connect to Unity Package Manager local server
- Finished resetting the current domain, in  1.382 seconds
Domain Reload Profiling: 1885ms
	BeginReloadAssembly (150ms)
		ExecutionOrderSort (0ms)
		DisableScriptedObjects (3ms)
		BackupInstance (0ms)
		ReleaseScriptingObjects (0ms)
		CreateAndSetChildDomain (38ms)
	RebuildCommonClasses (26ms)
	RebuildNativeTypeToScriptingClass (10ms)
	initialDomainReloadingComplete (25ms)
	LoadAllAssembliesAndSetupDomain (289ms)
		LoadAssemblies (334ms)
		RebuildTransferFunctionScriptingTraits (0ms)
		AnalyzeDomain (29ms)
			TypeCache.Refresh (7ms)
				TypeCache.ScanAssembly (0ms)
			ScanForSourceGeneratedMonoScriptInfo (0ms)
			ResolveRequiredComponents (19ms)
	FinalizeReload (1383ms)
		ReleaseScriptCaches (0ms)
		RebuildScriptCaches (0ms)
		SetupLoadedEditorAssemblies (763ms)
			LogAssemblyErrors (0ms)
			InitializePlatformSupportModulesInManaged (20ms)
			SetLoadedEditorAssemblies (6ms)
			RefreshPlugins (0ms)
			BeforeProcessingInitializeOnLoad (109ms)
			ProcessInitializeOnLoadAttributes (559ms)
			ProcessInitializeOnLoadMethodAttributes (63ms)
			AfterProcessingInitializeOnLoad (7ms)
			EditorAssembliesLoaded (0ms)
		ExecutionOrderSort2 (0ms)
		AwakeInstancesAfterBackupRestoration (6ms)
Shader 'Meta/MRUK/Scene/HighlightsAndShadows': fallback shader 'Off' not found
Shader 'Oculus/OVRMRCameraFrameLit': fallback shader 'Alpha-Diffuse' not found
Refreshing native plugins compatible for Editor in 17.96 ms, found 17 plugins.
Preloading 2 native plugins for Editor in 0.09 ms.
Unloading 6995 Unused Serialized files (Serialized files now loaded: 0)
Unloading 112 unused Assets / (483.6 KB). Loaded Objects now: 7627.
Memory consumption went from 231.2 MB to 230.8 MB.
Total: 5.802900 ms (FindLiveObjects: 0.427300 ms CreateObjectMapping: 0.235800 ms MarkObjects: 4.834600 ms  DeleteObjects: 0.304100 ms)

Prepare: number of updated asset objects reloaded= 0
AssetImportParameters requested are different than current active one (requested -> active):
  custom:container-demuxer-ogg: 62fdf1f143b41e24485cea50d1cbac27 -> 
  custom:framework-win-MediaFoundation: 216162199b28c13a410421893ffa2e32 -> 
  custom:container-muxer-webm: aa71ff27fc2769a1b78a27578f13a17b -> 
  custom:video-decoder-webm-vp8: 9c59270c3fd7afecdb556c50c9e8de78 -> 
  custom:SearchIndexIgnoredProperties: e643bd26f0fe6173181afceb89e7c659 -> 
  custom:AudioImporter_EditorPlatform: d09bf68614088b80899f8185d706f6e7 -> 
  custom:audio-decoder-ogg-vorbis: bf7c407c2cedff20999df2af8eb42d56 -> 
  custom:audio-encoder-webm-vorbis: bf7c407c2cedff20999df2af8eb42d56 -> 
  custom:video-codec-MediaFoundation-h265: 746d11721c4dcdbdad8f713fa42b33f4 -> 
  custom:video-decoder-ogg-theora: a1e56fd34408186e4bbccfd4996cb3dc -> 
  custom:CustomObjectIndexerAttribute: 9a22284fe3817be447336de3de66b15e -> 
  custom:container-demuxer-webm: 4f35f7cbe854078d1ac9338744f61a02 -> 
  custom:video-encoder-webm-vp8: eb34c28f22e8b96e1ab97ce403110664 -> 
========================================================================
Received Prepare
Caller must complete domain reload
Begin MonoManager ReloadAssembly
- Loaded All Assemblies, in  0.469 seconds
Native extension for UWP target not found
Native extension for WindowsStandalone target not found
Native extension for Android target not found
[Package Manager] Server::EnsureServerProcessIsRunning -- launch failed, reason: Unity was launched with the -noUpm command-line argument
[Package Manager] UpmClient::Send -- Unable to send message (not connected to UPM process).
[Package Manager] Cannot connect to Unity Package Manager local server
[Package Manager] Server::EnsureServerProcessIsRunning -- launch failed, reason: Unity was launched with the -noUpm command-line argument
[Package Manager] UpmClient::Send -- Unable to send message (not connected to UPM process).
[Package Manager] Cannot connect to Unity Package Manager local server
[Synthetic Environments] got match start synth_env_server.exe Bedroom
UnityEngine.StackTraceUtility:ExtractStackTrace ()
UnityEngine.DebugLogHandler:LogFormat (UnityEngine.LogType,UnityEngine.Object,string,object[])
UnityEngine.Logger:Log (UnityEngine.LogType,object)
UnityEngine.Debug:Log (object)
Meta.XR.Simulator.Utils:ReportInfo (string,string) (at ./Library/PackageCache/com.meta.xr.simulator@74.0.0/Editor/Utils.cs:165)
Meta.XR.Simulator.Editor.SyntheticEnvironments.Installer:ParseSynthEnvScript (string) (at ./Library/PackageCache/com.meta.xr.simulator@74.0.0/Editor/SyntheticEnvironments/Installer.cs:98)
Meta.XR.Simulator.Editor.SyntheticEnvironments.Installer:BuildSyntheticEnvironments () (at ./Library/PackageCache/com.meta.xr.simulator@74.0.0/Editor/SyntheticEnvironments/Installer.cs:76)
Meta.XR.Simulator.Editor.SyntheticEnvironments.Registry:RegisterSyntheticEnvironments () (at ./Library/PackageCache/com.meta.xr.simulator@74.0.0/Editor/SyntheticEnvironments/Registry.cs:97)
Meta.XR.Simulator.Editor.SyntheticEnvironments.Registry:.cctor () (at ./Library/PackageCache/com.meta.xr.simulator@74.0.0/Editor/SyntheticEnvironments/Registry.cs:87)
System.Runtime.CompilerServices.RuntimeHelpers:RunClassConstructor (System.RuntimeTypeHandle)
UnityEditor.EditorAssemblies:ProcessInitializeOnLoadAttributes (System.Type[])

(Filename: ./Library/PackageCache/com.meta.xr.simulator@74.0.0/Editor/Utils.cs Line: 165)

[Synthetic Environments] got match start synth_env_server.exe GameRoom
UnityEngine.StackTraceUtility:ExtractStackTrace ()
UnityEngine.DebugLogHandler:LogFormat (UnityEngine.LogType,UnityEngine.Object,string,object[])
UnityEngine.Logger:Log (UnityEngine.LogType,object)
UnityEngine.Debug:Log (object)
Meta.XR.Simulator.Utils:ReportInfo (string,string) (at ./Library/PackageCache/com.meta.xr.simulator@74.0.0/Editor/Utils.cs:165)
Meta.XR.Simulator.Editor.SyntheticEnvironments.Installer:ParseSynthEnvScript (string) (at ./Library/PackageCache/com.meta.xr.simulator@74.0.0/Editor/SyntheticEnvironments/Installer.cs:98)
Meta.XR.Simulator.Editor.SyntheticEnvironments.Installer:BuildSyntheticEnvironments () (at ./Library/PackageCache/com.meta.xr.simulator@74.0.0/Editor/SyntheticEnvironments/Installer.cs:76)
Meta.XR.Simulator.Editor.SyntheticEnvironments.Registry:RegisterSyntheticEnvironments () (at ./Library/PackageCache/com.meta.xr.simulator@74.0.0/Editor/SyntheticEnvironments/Registry.cs:97)
Meta.XR.Simulator.Editor.SyntheticEnvironments.Registry:.cctor () (at ./Library/PackageCache/com.meta.xr.simulator@74.0.0/Editor/SyntheticEnvironments/Registry.cs:87)
System.Runtime.CompilerServices.RuntimeHelpers:RunClassConstructor (System.RuntimeTypeHandle)
UnityEditor.EditorAssemblies:ProcessInitializeOnLoadAttributes (System.Type[])

(Filename: ./Library/PackageCache/com.meta.xr.simulator@74.0.0/Editor/Utils.cs Line: 165)

[Synthetic Environments] got match start synth_env_server.exe LivingRoom
UnityEngine.StackTraceUtility:ExtractStackTrace ()
UnityEngine.DebugLogHandler:LogFormat (UnityEngine.LogType,UnityEngine.Object,string,object[])
UnityEngine.Logger:Log (UnityEngine.LogType,object)
UnityEngine.Debug:Log (object)
Meta.XR.Simulator.Utils:ReportInfo (string,string) (at ./Library/PackageCache/com.meta.xr.simulator@74.0.0/Editor/Utils.cs:165)
Meta.XR.Simulator.Editor.SyntheticEnvironments.Installer:ParseSynthEnvScript (string) (at ./Library/PackageCache/com.meta.xr.simulator@74.0.0/Editor/SyntheticEnvironments/Installer.cs:98)
Meta.XR.Simulator.Editor.SyntheticEnvironments.Installer:BuildSyntheticEnvironments () (at ./Library/PackageCache/com.meta.xr.simulator@74.0.0/Editor/SyntheticEnvironments/Installer.cs:76)
Meta.XR.Simulator.Editor.SyntheticEnvironments.Registry:RegisterSyntheticEnvironments () (at ./Library/PackageCache/com.meta.xr.simulator@74.0.0/Editor/SyntheticEnvironments/Registry.cs:97)
Meta.XR.Simulator.Editor.SyntheticEnvironments.Registry:.cctor () (at ./Library/PackageCache/com.meta.xr.simulator@74.0.0/Editor/SyntheticEnvironments/Registry.cs:87)
System.Runtime.CompilerServices.RuntimeHelpers:RunClassConstructor (System.RuntimeTypeHandle)
UnityEditor.EditorAssemblies:ProcessInitializeOnLoadAttributes (System.Type[])

(Filename: ./Library/PackageCache/com.meta.xr.simulator@74.0.0/Editor/Utils.cs Line: 165)

[Synthetic Environments] got match start synth_env_server_extra_rooms.exe XRoom2_3
UnityEngine.StackTraceUtility:ExtractStackTrace ()
UnityEngine.DebugLogHandler:LogFormat (UnityEngine.LogType,UnityEngine.Object,string,object[])
UnityEngine.Logger:Log (UnityEngine.LogType,object)
UnityEngine.Debug:Log (object)
Meta.XR.Simulator.Utils:ReportInfo (string,string) (at ./Library/PackageCache/com.meta.xr.simulator@74.0.0/Editor/Utils.cs:165)
Meta.XR.Simulator.Editor.SyntheticEnvironments.Installer:ParseSynthEnvScript (string) (at ./Library/PackageCache/com.meta.xr.simulator@74.0.0/Editor/SyntheticEnvironments/Installer.cs:98)
Meta.XR.Simulator.Editor.SyntheticEnvironments.Installer:BuildSyntheticEnvironments () (at ./Library/PackageCache/com.meta.xr.simulator@74.0.0/Editor/SyntheticEnvironments/Installer.cs:76)
Meta.XR.Simulator.Editor.SyntheticEnvironments.Registry:RegisterSyntheticEnvironments () (at ./Library/PackageCache/com.meta.xr.simulator@74.0.0/Editor/SyntheticEnvironments/Registry.cs:97)
Meta.XR.Simulator.Editor.SyntheticEnvironments.Registry:.cctor () (at ./Library/PackageCache/com.meta.xr.simulator@74.0.0/Editor/SyntheticEnvironments/Registry.cs:87)
System.Runtime.CompilerServices.RuntimeHelpers:RunClassConstructor (System.RuntimeTypeHandle)
UnityEditor.EditorAssemblies:ProcessInitializeOnLoadAttributes (System.Type[])

(Filename: ./Library/PackageCache/com.meta.xr.simulator@74.0.0/Editor/Utils.cs Line: 165)

[Synthetic Environments] got match start synth_env_server_extra_rooms.exe XRoom2_4
UnityEngine.StackTraceUtility:ExtractStackTrace ()
UnityEngine.DebugLogHandler:LogFormat (UnityEngine.LogType,UnityEngine.Object,string,object[])
UnityEngine.Logger:Log (UnityEngine.LogType,object)
UnityEngine.Debug:Log (object)
Meta.XR.Simulator.Utils:ReportInfo (string,string) (at ./Library/PackageCache/com.meta.xr.simulator@74.0.0/Editor/Utils.cs:165)
Meta.XR.Simulator.Editor.SyntheticEnvironments.Installer:ParseSynthEnvScript (string) (at ./Library/PackageCache/com.meta.xr.simulator@74.0.0/Editor/SyntheticEnvironments/Installer.cs:98)
Meta.XR.Simulator.Editor.SyntheticEnvironments.Installer:BuildSyntheticEnvironments () (at ./Library/PackageCache/com.meta.xr.simulator@74.0.0/Editor/SyntheticEnvironments/Installer.cs:76)
Meta.XR.Simulator.Editor.SyntheticEnvironments.Registry:RegisterSyntheticEnvironments () (at ./Library/PackageCache/com.meta.xr.simulator@74.0.0/Editor/SyntheticEnvironments/Registry.cs:97)
Meta.XR.Simulator.Editor.SyntheticEnvironments.Registry:.cctor () (at ./Library/PackageCache/com.meta.xr.simulator@74.0.0/Editor/SyntheticEnvironments/Registry.cs:87)
System.Runtime.CompilerServices.RuntimeHelpers:RunClassConstructor (System.RuntimeTypeHandle)
UnityEditor.EditorAssemblies:ProcessInitializeOnLoadAttributes (System.Type[])

(Filename: ./Library/PackageCache/com.meta.xr.simulator@74.0.0/Editor/Utils.cs Line: 165)

[Synthetic Environments] got match start synth_env_server_extra_rooms.exe XRoom5_6
UnityEngine.StackTraceUtility:ExtractStackTrace ()
UnityEngine.DebugLogHandler:LogFormat (UnityEngine.LogType,UnityEngine.Object,string,object[])
UnityEngine.Logger:Log (UnityEngine.LogType,object)
UnityEngine.Debug:Log (object)
Meta.XR.Simulator.Utils:ReportInfo (string,string) (at ./Library/PackageCache/com.meta.xr.simulator@74.0.0/Editor/Utils.cs:165)
Meta.XR.Simulator.Editor.SyntheticEnvironments.Installer:ParseSynthEnvScript (string) (at ./Library/PackageCache/com.meta.xr.simulator@74.0.0/Editor/SyntheticEnvironments/Installer.cs:98)
Meta.XR.Simulator.Editor.SyntheticEnvironments.Installer:BuildSyntheticEnvironments () (at ./Library/PackageCache/com.meta.xr.simulator@74.0.0/Editor/SyntheticEnvironments/Installer.cs:76)
Meta.XR.Simulator.Editor.SyntheticEnvironments.Registry:RegisterSyntheticEnvironments () (at ./Library/PackageCache/com.meta.xr.simulator@74.0.0/Editor/SyntheticEnvironments/Registry.cs:97)
Meta.XR.Simulator.Editor.SyntheticEnvironments.Registry:.cctor () (at ./Library/PackageCache/com.meta.xr.simulator@74.0.0/Editor/SyntheticEnvironments/Registry.cs:87)
System.Runtime.CompilerServices.RuntimeHelpers:RunClassConstructor (System.RuntimeTypeHandle)
UnityEditor.EditorAssemblies:ProcessInitializeOnLoadAttributes (System.Type[])

(Filename: ./Library/PackageCache/com.meta.xr.simulator@74.0.0/Editor/Utils.cs Line: 165)

[Synthetic Environments] got match start synth_env_server_extra_rooms.exe XRoom5_1
UnityEngine.StackTraceUtility:ExtractStackTrace ()
UnityEngine.DebugLogHandler:LogFormat (UnityEngine.LogType,UnityEngine.Object,string,object[])
UnityEngine.Logger:Log (UnityEngine.LogType,object)
UnityEngine.Debug:Log (object)
Meta.XR.Simulator.Utils:ReportInfo (string,string) (at ./Library/PackageCache/com.meta.xr.simulator@74.0.0/Editor/Utils.cs:165)
Meta.XR.Simulator.Editor.SyntheticEnvironments.Installer:ParseSynthEnvScript (string) (at ./Library/PackageCache/com.meta.xr.simulator@74.0.0/Editor/SyntheticEnvironments/Installer.cs:98)
Meta.XR.Simulator.Editor.SyntheticEnvironments.Installer:BuildSyntheticEnvironments () (at ./Library/PackageCache/com.meta.xr.simulator@74.0.0/Editor/SyntheticEnvironments/Installer.cs:76)
Meta.XR.Simulator.Editor.SyntheticEnvironments.Registry:RegisterSyntheticEnvironments () (at ./Library/PackageCache/com.meta.xr.simulator@74.0.0/Editor/SyntheticEnvironments/Registry.cs:97)
Meta.XR.Simulator.Editor.SyntheticEnvironments.Registry:.cctor () (at ./Library/PackageCache/com.meta.xr.simulator@74.0.0/Editor/SyntheticEnvironments/Registry.cs:87)
System.Runtime.CompilerServices.RuntimeHelpers:RunClassConstructor (System.RuntimeTypeHandle)
UnityEditor.EditorAssemblies:ProcessInitializeOnLoadAttributes (System.Type[])

(Filename: ./Library/PackageCache/com.meta.xr.simulator@74.0.0/Editor/Utils.cs Line: 165)

[Synthetic Environments] got match start synth_env_server_extra_rooms.exe XRoom3_1
UnityEngine.StackTraceUtility:ExtractStackTrace ()
UnityEngine.DebugLogHandler:LogFormat (UnityEngine.LogType,UnityEngine.Object,string,object[])
UnityEngine.Logger:Log (UnityEngine.LogType,object)
UnityEngine.Debug:Log (object)
Meta.XR.Simulator.Utils:ReportInfo (string,string) (at ./Library/PackageCache/com.meta.xr.simulator@74.0.0/Editor/Utils.cs:165)
Meta.XR.Simulator.Editor.SyntheticEnvironments.Installer:ParseSynthEnvScript (string) (at ./Library/PackageCache/com.meta.xr.simulator@74.0.0/Editor/SyntheticEnvironments/Installer.cs:98)
Meta.XR.Simulator.Editor.SyntheticEnvironments.Installer:BuildSyntheticEnvironments () (at ./Library/PackageCache/com.meta.xr.simulator@74.0.0/Editor/SyntheticEnvironments/Installer.cs:76)
Meta.XR.Simulator.Editor.SyntheticEnvironments.Registry:RegisterSyntheticEnvironments () (at ./Library/PackageCache/com.meta.xr.simulator@74.0.0/Editor/SyntheticEnvironments/Registry.cs:97)
Meta.XR.Simulator.Editor.SyntheticEnvironments.Registry:.cctor () (at ./Library/PackageCache/com.meta.xr.simulator@74.0.0/Editor/SyntheticEnvironments/Registry.cs:87)
System.Runtime.CompilerServices.RuntimeHelpers:RunClassConstructor (System.RuntimeTypeHandle)
UnityEditor.EditorAssemblies:ProcessInitializeOnLoadAttributes (System.Type[])

(Filename: ./Library/PackageCache/com.meta.xr.simulator@74.0.0/Editor/Utils.cs Line: 165)

[Synthetic Environments] got match start synth_env_server_extra_rooms.exe XRoom1_2
UnityEngine.StackTraceUtility:ExtractStackTrace ()
UnityEngine.DebugLogHandler:LogFormat (UnityEngine.LogType,UnityEngine.Object,string,object[])
UnityEngine.Logger:Log (UnityEngine.LogType,object)
UnityEngine.Debug:Log (object)
Meta.XR.Simulator.Utils:ReportInfo (string,string) (at ./Library/PackageCache/com.meta.xr.simulator@74.0.0/Editor/Utils.cs:165)
Meta.XR.Simulator.Editor.SyntheticEnvironments.Installer:ParseSynthEnvScript (string) (at ./Library/PackageCache/com.meta.xr.simulator@74.0.0/Editor/SyntheticEnvironments/Installer.cs:98)
Meta.XR.Simulator.Editor.SyntheticEnvironments.Installer:BuildSyntheticEnvironments () (at ./Library/PackageCache/com.meta.xr.simulator@74.0.0/Editor/SyntheticEnvironments/Installer.cs:76)
Meta.XR.Simulator.Editor.SyntheticEnvironments.Registry:RegisterSyntheticEnvironments () (at ./Library/PackageCache/com.meta.xr.simulator@74.0.0/Editor/SyntheticEnvironments/Registry.cs:97)
Meta.XR.Simulator.Editor.SyntheticEnvironments.Registry:.cctor () (at ./Library/PackageCache/com.meta.xr.simulator@74.0.0/Editor/SyntheticEnvironments/Registry.cs:87)
System.Runtime.CompilerServices.RuntimeHelpers:RunClassConstructor (System.RuntimeTypeHandle)
UnityEditor.EditorAssemblies:ProcessInitializeOnLoadAttributes (System.Type[])

(Filename: ./Library/PackageCache/com.meta.xr.simulator@74.0.0/Editor/Utils.cs Line: 165)

[Synthetic Environments] got match start synth_env_server_extra_rooms.exe XRoom1_1
UnityEngine.StackTraceUtility:ExtractStackTrace ()
UnityEngine.DebugLogHandler:LogFormat (UnityEngine.LogType,UnityEngine.Object,string,object[])
UnityEngine.Logger:Log (UnityEngine.LogType,object)
UnityEngine.Debug:Log (object)
Meta.XR.Simulator.Utils:ReportInfo (string,string) (at ./Library/PackageCache/com.meta.xr.simulator@74.0.0/Editor/Utils.cs:165)
Meta.XR.Simulator.Editor.SyntheticEnvironments.Installer:ParseSynthEnvScript (string) (at ./Library/PackageCache/com.meta.xr.simulator@74.0.0/Editor/SyntheticEnvironments/Installer.cs:98)
Meta.XR.Simulator.Editor.SyntheticEnvironments.Installer:BuildSyntheticEnvironments () (at ./Library/PackageCache/com.meta.xr.simulator@74.0.0/Editor/SyntheticEnvironments/Installer.cs:76)
Meta.XR.Simulator.Editor.SyntheticEnvironments.Registry:RegisterSyntheticEnvironments () (at ./Library/PackageCache/com.meta.xr.simulator@74.0.0/Editor/SyntheticEnvironments/Registry.cs:97)
Meta.XR.Simulator.Editor.SyntheticEnvironments.Registry:.cctor () (at ./Library/PackageCache/com.meta.xr.simulator@74.0.0/Editor/SyntheticEnvironments/Registry.cs:87)
System.Runtime.CompilerServices.RuntimeHelpers:RunClassConstructor (System.RuntimeTypeHandle)
UnityEditor.EditorAssemblies:ProcessInitializeOnLoadAttributes (System.Type[])

(Filename: ./Library/PackageCache/com.meta.xr.simulator@74.0.0/Editor/Utils.cs Line: 165)

[Synthetic Environments] got match start synth_env_server_extra_rooms.exe XRoom1_4
UnityEngine.StackTraceUtility:ExtractStackTrace ()
UnityEngine.DebugLogHandler:LogFormat (UnityEngine.LogType,UnityEngine.Object,string,object[])
UnityEngine.Logger:Log (UnityEngine.LogType,object)
UnityEngine.Debug:Log (object)
Meta.XR.Simulator.Utils:ReportInfo (string,string) (at ./Library/PackageCache/com.meta.xr.simulator@74.0.0/Editor/Utils.cs:165)
Meta.XR.Simulator.Editor.SyntheticEnvironments.Installer:ParseSynthEnvScript (string) (at ./Library/PackageCache/com.meta.xr.simulator@74.0.0/Editor/SyntheticEnvironments/Installer.cs:98)
Meta.XR.Simulator.Editor.SyntheticEnvironments.Installer:BuildSyntheticEnvironments () (at ./Library/PackageCache/com.meta.xr.simulator@74.0.0/Editor/SyntheticEnvironments/Installer.cs:76)
Meta.XR.Simulator.Editor.SyntheticEnvironments.Registry:RegisterSyntheticEnvironments () (at ./Library/PackageCache/com.meta.xr.simulator@74.0.0/Editor/SyntheticEnvironments/Registry.cs:97)
Meta.XR.Simulator.Editor.SyntheticEnvironments.Registry:.cctor () (at ./Library/PackageCache/com.meta.xr.simulator@74.0.0/Editor/SyntheticEnvironments/Registry.cs:87)
System.Runtime.CompilerServices.RuntimeHelpers:RunClassConstructor (System.RuntimeTypeHandle)
UnityEditor.EditorAssemblies:ProcessInitializeOnLoadAttributes (System.Type[])

(Filename: ./Library/PackageCache/com.meta.xr.simulator@74.0.0/Editor/Utils.cs Line: 165)

[Package Manager] Server::EnsureServerProcessIsRunning -- launch failed, reason: Unity was launched with the -noUpm command-line argument
[Package Manager] UpmClient::Send -- Unable to send message (not connected to UPM process).
[Package Manager] Cannot connect to Unity Package Manager local server
Mono: successfully reloaded assembly
[Package Manager] Server::EnsureServerProcessIsRunning -- launch failed, reason: Unity was launched with the -noUpm command-line argument
[Package Manager] UpmClient::Send -- Unable to send message (not connected to UPM process).
[Package Manager] Cannot connect to Unity Package Manager local server
- Finished resetting the current domain, in  1.223 seconds
Domain Reload Profiling: 1687ms
	BeginReloadAssembly (141ms)
		ExecutionOrderSort (0ms)
		DisableScriptedObjects (3ms)
		BackupInstance (0ms)
		ReleaseScriptingObjects (0ms)
		CreateAndSetChildDomain (38ms)
	RebuildCommonClasses (24ms)
	RebuildNativeTypeToScriptingClass (10ms)
	initialDomainReloadingComplete (26ms)
	LoadAllAssembliesAndSetupDomain (263ms)
		LoadAssemblies (307ms)
		RebuildTransferFunctionScriptingTraits (0ms)
		AnalyzeDomain (25ms)
			TypeCache.Refresh (7ms)
				TypeCache.ScanAssembly (0ms)
			ScanForSourceGeneratedMonoScriptInfo (0ms)
			ResolveRequiredComponents (16ms)
	FinalizeReload (1223ms)
		ReleaseScriptCaches (0ms)
		RebuildScriptCaches (0ms)
		SetupLoadedEditorAssemblies (667ms)
			LogAssemblyErrors (0ms)
			InitializePlatformSupportModulesInManaged (16ms)
			SetLoadedEditorAssemblies (5ms)
			RefreshPlugins (0ms)
			BeforeProcessingInitializeOnLoad (95ms)
			ProcessInitializeOnLoadAttributes (491ms)
			ProcessInitializeOnLoadMethodAttributes (53ms)
			AfterProcessingInitializeOnLoad (6ms)
			EditorAssembliesLoaded (0ms)
		ExecutionOrderSort2 (0ms)
		AwakeInstancesAfterBackupRestoration (5ms)
Shader 'Meta/MRUK/Scene/HighlightsAndShadows': fallback shader 'Off' not found
Shader 'Oculus/OVRMRCameraFrameLit': fallback shader 'Alpha-Diffuse' not found
Refreshing native plugins compatible for Editor in 16.70 ms, found 17 plugins.
Preloading 2 native plugins for Editor in 0.08 ms.
Unloading 6995 Unused Serialized files (Serialized files now loaded: 0)
Unloading 112 unused Assets / (475.6 KB). Loaded Objects now: 7631.
Memory consumption went from 231.3 MB to 230.8 MB.
Total: 5.432400 ms (FindLiveObjects: 0.365400 ms CreateObjectMapping: 0.231800 ms MarkObjects: 4.549000 ms  DeleteObjects: 0.284200 ms)

Prepare: number of updated asset objects reloaded= 0
AssetImportParameters requested are different than current active one (requested -> active):
  custom:container-demuxer-ogg: 62fdf1f143b41e24485cea50d1cbac27 -> 
  custom:framework-win-MediaFoundation: 216162199b28c13a410421893ffa2e32 -> 
  custom:container-muxer-webm: aa71ff27fc2769a1b78a27578f13a17b -> 
  custom:video-decoder-webm-vp8: 9c59270c3fd7afecdb556c50c9e8de78 -> 
  custom:SearchIndexIgnoredProperties: e643bd26f0fe6173181afceb89e7c659 -> 
  custom:AudioImporter_EditorPlatform: d09bf68614088b80899f8185d706f6e7 -> 
  custom:audio-decoder-ogg-vorbis: bf7c407c2cedff20999df2af8eb42d56 -> 
  custom:audio-encoder-webm-vorbis: bf7c407c2cedff20999df2af8eb42d56 -> 
  custom:video-codec-MediaFoundation-h265: 746d11721c4dcdbdad8f713fa42b33f4 -> 
  custom:video-decoder-ogg-theora: a1e56fd34408186e4bbccfd4996cb3dc -> 
  custom:CustomObjectIndexerAttribute: 9a22284fe3817be447336de3de66b15e -> 
  custom:container-demuxer-webm: 4f35f7cbe854078d1ac9338744f61a02 -> 
  custom:video-encoder-webm-vp8: eb34c28f22e8b96e1ab97ce403110664 -> 
========================================================================
Received Prepare
Caller must complete domain reload
Begin MonoManager ReloadAssembly
- Loaded All Assemblies, in  2.506 seconds
Native extension for UWP target not found
Native extension for WindowsStandalone target not found
Native extension for Android target not found
[Package Manager] Server::EnsureServerProcessIsRunning -- launch failed, reason: Unity was launched with the -noUpm command-line argument
[Package Manager] UpmClient::Send -- Unable to send message (not connected to UPM process).
[Package Manager] Cannot connect to Unity Package Manager local server
[Package Manager] Server::EnsureServerProcessIsRunning -- launch failed, reason: Unity was launched with the -noUpm command-line argument
[Package Manager] UpmClient::Send -- Unable to send message (not connected to UPM process).
[Package Manager] Cannot connect to Unity Package Manager local server
[Synthetic Environments] got match start synth_env_server.exe Bedroom
UnityEngine.StackTraceUtility:ExtractStackTrace ()
UnityEngine.DebugLogHandler:LogFormat (UnityEngine.LogType,UnityEngine.Object,string,object[])
UnityEngine.Logger:Log (UnityEngine.LogType,object)
UnityEngine.Debug:Log (object)
Meta.XR.Simulator.Utils:ReportInfo (string,string) (at ./Library/PackageCache/com.meta.xr.simulator@74.0.0/Editor/Utils.cs:165)
Meta.XR.Simulator.Editor.SyntheticEnvironments.Installer:ParseSynthEnvScript (string) (at ./Library/PackageCache/com.meta.xr.simulator@74.0.0/Editor/SyntheticEnvironments/Installer.cs:98)
Meta.XR.Simulator.Editor.SyntheticEnvironments.Installer:BuildSyntheticEnvironments () (at ./Library/PackageCache/com.meta.xr.simulator@74.0.0/Editor/SyntheticEnvironments/Installer.cs:76)
Meta.XR.Simulator.Editor.SyntheticEnvironments.Registry:RegisterSyntheticEnvironments () (at ./Library/PackageCache/com.meta.xr.simulator@74.0.0/Editor/SyntheticEnvironments/Registry.cs:97)
Meta.XR.Simulator.Editor.SyntheticEnvironments.Registry:.cctor () (at ./Library/PackageCache/com.meta.xr.simulator@74.0.0/Editor/SyntheticEnvironments/Registry.cs:87)
System.Runtime.CompilerServices.RuntimeHelpers:RunClassConstructor (System.RuntimeTypeHandle)
UnityEditor.EditorAssemblies:ProcessInitializeOnLoadAttributes (System.Type[])

(Filename: ./Library/PackageCache/com.meta.xr.simulator@74.0.0/Editor/Utils.cs Line: 165)

[Synthetic Environments] got match start synth_env_server.exe GameRoom
UnityEngine.StackTraceUtility:ExtractStackTrace ()
UnityEngine.DebugLogHandler:LogFormat (UnityEngine.LogType,UnityEngine.Object,string,object[])
UnityEngine.Logger:Log (UnityEngine.LogType,object)
UnityEngine.Debug:Log (object)
Meta.XR.Simulator.Utils:ReportInfo (string,string) (at ./Library/PackageCache/com.meta.xr.simulator@74.0.0/Editor/Utils.cs:165)
Meta.XR.Simulator.Editor.SyntheticEnvironments.Installer:ParseSynthEnvScript (string) (at ./Library/PackageCache/com.meta.xr.simulator@74.0.0/Editor/SyntheticEnvironments/Installer.cs:98)
Meta.XR.Simulator.Editor.SyntheticEnvironments.Installer:BuildSyntheticEnvironments () (at ./Library/PackageCache/com.meta.xr.simulator@74.0.0/Editor/SyntheticEnvironments/Installer.cs:76)
Meta.XR.Simulator.Editor.SyntheticEnvironments.Registry:RegisterSyntheticEnvironments () (at ./Library/PackageCache/com.meta.xr.simulator@74.0.0/Editor/SyntheticEnvironments/Registry.cs:97)
Meta.XR.Simulator.Editor.SyntheticEnvironments.Registry:.cctor () (at ./Library/PackageCache/com.meta.xr.simulator@74.0.0/Editor/SyntheticEnvironments/Registry.cs:87)
System.Runtime.CompilerServices.RuntimeHelpers:RunClassConstructor (System.RuntimeTypeHandle)
UnityEditor.EditorAssemblies:ProcessInitializeOnLoadAttributes (System.Type[])

(Filename: ./Library/PackageCache/com.meta.xr.simulator@74.0.0/Editor/Utils.cs Line: 165)

[Synthetic Environments] got match start synth_env_server.exe LivingRoom
UnityEngine.StackTraceUtility:ExtractStackTrace ()
UnityEngine.DebugLogHandler:LogFormat (UnityEngine.LogType,UnityEngine.Object,string,object[])
UnityEngine.Logger:Log (UnityEngine.LogType,object)
UnityEngine.Debug:Log (object)
Meta.XR.Simulator.Utils:ReportInfo (string,string) (at ./Library/PackageCache/com.meta.xr.simulator@74.0.0/Editor/Utils.cs:165)
Meta.XR.Simulator.Editor.SyntheticEnvironments.Installer:ParseSynthEnvScript (string) (at ./Library/PackageCache/com.meta.xr.simulator@74.0.0/Editor/SyntheticEnvironments/Installer.cs:98)
Meta.XR.Simulator.Editor.SyntheticEnvironments.Installer:BuildSyntheticEnvironments () (at ./Library/PackageCache/com.meta.xr.simulator@74.0.0/Editor/SyntheticEnvironments/Installer.cs:76)
Meta.XR.Simulator.Editor.SyntheticEnvironments.Registry:RegisterSyntheticEnvironments () (at ./Library/PackageCache/com.meta.xr.simulator@74.0.0/Editor/SyntheticEnvironments/Registry.cs:97)
Meta.XR.Simulator.Editor.SyntheticEnvironments.Registry:.cctor () (at ./Library/PackageCache/com.meta.xr.simulator@74.0.0/Editor/SyntheticEnvironments/Registry.cs:87)
System.Runtime.CompilerServices.RuntimeHelpers:RunClassConstructor (System.RuntimeTypeHandle)
UnityEditor.EditorAssemblies:ProcessInitializeOnLoadAttributes (System.Type[])

(Filename: ./Library/PackageCache/com.meta.xr.simulator@74.0.0/Editor/Utils.cs Line: 165)

[Synthetic Environments] got match start synth_env_server_extra_rooms.exe XRoom2_3
UnityEngine.StackTraceUtility:ExtractStackTrace ()
UnityEngine.DebugLogHandler:LogFormat (UnityEngine.LogType,UnityEngine.Object,string,object[])
UnityEngine.Logger:Log (UnityEngine.LogType,object)
UnityEngine.Debug:Log (object)
Meta.XR.Simulator.Utils:ReportInfo (string,string) (at ./Library/PackageCache/com.meta.xr.simulator@74.0.0/Editor/Utils.cs:165)
Meta.XR.Simulator.Editor.SyntheticEnvironments.Installer:ParseSynthEnvScript (string) (at ./Library/PackageCache/com.meta.xr.simulator@74.0.0/Editor/SyntheticEnvironments/Installer.cs:98)
Meta.XR.Simulator.Editor.SyntheticEnvironments.Installer:BuildSyntheticEnvironments () (at ./Library/PackageCache/com.meta.xr.simulator@74.0.0/Editor/SyntheticEnvironments/Installer.cs:76)
Meta.XR.Simulator.Editor.SyntheticEnvironments.Registry:RegisterSyntheticEnvironments () (at ./Library/PackageCache/com.meta.xr.simulator@74.0.0/Editor/SyntheticEnvironments/Registry.cs:97)
Meta.XR.Simulator.Editor.SyntheticEnvironments.Registry:.cctor () (at ./Library/PackageCache/com.meta.xr.simulator@74.0.0/Editor/SyntheticEnvironments/Registry.cs:87)
System.Runtime.CompilerServices.RuntimeHelpers:RunClassConstructor (System.RuntimeTypeHandle)
UnityEditor.EditorAssemblies:ProcessInitializeOnLoadAttributes (System.Type[])

(Filename: ./Library/PackageCache/com.meta.xr.simulator@74.0.0/Editor/Utils.cs Line: 165)

[Synthetic Environments] got match start synth_env_server_extra_rooms.exe XRoom2_4
UnityEngine.StackTraceUtility:ExtractStackTrace ()
UnityEngine.DebugLogHandler:LogFormat (UnityEngine.LogType,UnityEngine.Object,string,object[])
UnityEngine.Logger:Log (UnityEngine.LogType,object)
UnityEngine.Debug:Log (object)
Meta.XR.Simulator.Utils:ReportInfo (string,string) (at ./Library/PackageCache/com.meta.xr.simulator@74.0.0/Editor/Utils.cs:165)
Meta.XR.Simulator.Editor.SyntheticEnvironments.Installer:ParseSynthEnvScript (string) (at ./Library/PackageCache/com.meta.xr.simulator@74.0.0/Editor/SyntheticEnvironments/Installer.cs:98)
Meta.XR.Simulator.Editor.SyntheticEnvironments.Installer:BuildSyntheticEnvironments () (at ./Library/PackageCache/com.meta.xr.simulator@74.0.0/Editor/SyntheticEnvironments/Installer.cs:76)
Meta.XR.Simulator.Editor.SyntheticEnvironments.Registry:RegisterSyntheticEnvironments () (at ./Library/PackageCache/com.meta.xr.simulator@74.0.0/Editor/SyntheticEnvironments/Registry.cs:97)
Meta.XR.Simulator.Editor.SyntheticEnvironments.Registry:.cctor () (at ./Library/PackageCache/com.meta.xr.simulator@74.0.0/Editor/SyntheticEnvironments/Registry.cs:87)
System.Runtime.CompilerServices.RuntimeHelpers:RunClassConstructor (System.RuntimeTypeHandle)
UnityEditor.EditorAssemblies:ProcessInitializeOnLoadAttributes (System.Type[])

(Filename: ./Library/PackageCache/com.meta.xr.simulator@74.0.0/Editor/Utils.cs Line: 165)

[Synthetic Environments] got match start synth_env_server_extra_rooms.exe XRoom5_6
UnityEngine.StackTraceUtility:ExtractStackTrace ()
UnityEngine.DebugLogHandler:LogFormat (UnityEngine.LogType,UnityEngine.Object,string,object[])
UnityEngine.Logger:Log (UnityEngine.LogType,object)
UnityEngine.Debug:Log (object)
Meta.XR.Simulator.Utils:ReportInfo (string,string) (at ./Library/PackageCache/com.meta.xr.simulator@74.0.0/Editor/Utils.cs:165)
Meta.XR.Simulator.Editor.SyntheticEnvironments.Installer:ParseSynthEnvScript (string) (at ./Library/PackageCache/com.meta.xr.simulator@74.0.0/Editor/SyntheticEnvironments/Installer.cs:98)
Meta.XR.Simulator.Editor.SyntheticEnvironments.Installer:BuildSyntheticEnvironments () (at ./Library/PackageCache/com.meta.xr.simulator@74.0.0/Editor/SyntheticEnvironments/Installer.cs:76)
Meta.XR.Simulator.Editor.SyntheticEnvironments.Registry:RegisterSyntheticEnvironments () (at ./Library/PackageCache/com.meta.xr.simulator@74.0.0/Editor/SyntheticEnvironments/Registry.cs:97)
Meta.XR.Simulator.Editor.SyntheticEnvironments.Registry:.cctor () (at ./Library/PackageCache/com.meta.xr.simulator@74.0.0/Editor/SyntheticEnvironments/Registry.cs:87)
System.Runtime.CompilerServices.RuntimeHelpers:RunClassConstructor (System.RuntimeTypeHandle)
UnityEditor.EditorAssemblies:ProcessInitializeOnLoadAttributes (System.Type[])

(Filename: ./Library/PackageCache/com.meta.xr.simulator@74.0.0/Editor/Utils.cs Line: 165)

[Synthetic Environments] got match start synth_env_server_extra_rooms.exe XRoom5_1
UnityEngine.StackTraceUtility:ExtractStackTrace ()
UnityEngine.DebugLogHandler:LogFormat (UnityEngine.LogType,UnityEngine.Object,string,object[])
UnityEngine.Logger:Log (UnityEngine.LogType,object)
UnityEngine.Debug:Log (object)
Meta.XR.Simulator.Utils:ReportInfo (string,string) (at ./Library/PackageCache/com.meta.xr.simulator@74.0.0/Editor/Utils.cs:165)
Meta.XR.Simulator.Editor.SyntheticEnvironments.Installer:ParseSynthEnvScript (string) (at ./Library/PackageCache/com.meta.xr.simulator@74.0.0/Editor/SyntheticEnvironments/Installer.cs:98)
Meta.XR.Simulator.Editor.SyntheticEnvironments.Installer:BuildSyntheticEnvironments () (at ./Library/PackageCache/com.meta.xr.simulator@74.0.0/Editor/SyntheticEnvironments/Installer.cs:76)
Meta.XR.Simulator.Editor.SyntheticEnvironments.Registry:RegisterSyntheticEnvironments () (at ./Library/PackageCache/com.meta.xr.simulator@74.0.0/Editor/SyntheticEnvironments/Registry.cs:97)
Meta.XR.Simulator.Editor.SyntheticEnvironments.Registry:.cctor () (at ./Library/PackageCache/com.meta.xr.simulator@74.0.0/Editor/SyntheticEnvironments/Registry.cs:87)
System.Runtime.CompilerServices.RuntimeHelpers:RunClassConstructor (System.RuntimeTypeHandle)
UnityEditor.EditorAssemblies:ProcessInitializeOnLoadAttributes (System.Type[])

(Filename: ./Library/PackageCache/com.meta.xr.simulator@74.0.0/Editor/Utils.cs Line: 165)

[Synthetic Environments] got match start synth_env_server_extra_rooms.exe XRoom3_1
UnityEngine.StackTraceUtility:ExtractStackTrace ()
UnityEngine.DebugLogHandler:LogFormat (UnityEngine.LogType,UnityEngine.Object,string,object[])
UnityEngine.Logger:Log (UnityEngine.LogType,object)
UnityEngine.Debug:Log (object)
Meta.XR.Simulator.Utils:ReportInfo (string,string) (at ./Library/PackageCache/com.meta.xr.simulator@74.0.0/Editor/Utils.cs:165)
Meta.XR.Simulator.Editor.SyntheticEnvironments.Installer:ParseSynthEnvScript (string) (at ./Library/PackageCache/com.meta.xr.simulator@74.0.0/Editor/SyntheticEnvironments/Installer.cs:98)
Meta.XR.Simulator.Editor.SyntheticEnvironments.Installer:BuildSyntheticEnvironments () (at ./Library/PackageCache/com.meta.xr.simulator@74.0.0/Editor/SyntheticEnvironments/Installer.cs:76)
Meta.XR.Simulator.Editor.SyntheticEnvironments.Registry:RegisterSyntheticEnvironments () (at ./Library/PackageCache/com.meta.xr.simulator@74.0.0/Editor/SyntheticEnvironments/Registry.cs:97)
Meta.XR.Simulator.Editor.SyntheticEnvironments.Registry:.cctor () (at ./Library/PackageCache/com.meta.xr.simulator@74.0.0/Editor/SyntheticEnvironments/Registry.cs:87)
System.Runtime.CompilerServices.RuntimeHelpers:RunClassConstructor (System.RuntimeTypeHandle)
UnityEditor.EditorAssemblies:ProcessInitializeOnLoadAttributes (System.Type[])

(Filename: ./Library/PackageCache/com.meta.xr.simulator@74.0.0/Editor/Utils.cs Line: 165)

[Synthetic Environments] got match start synth_env_server_extra_rooms.exe XRoom1_2
UnityEngine.StackTraceUtility:ExtractStackTrace ()
UnityEngine.DebugLogHandler:LogFormat (UnityEngine.LogType,UnityEngine.Object,string,object[])
UnityEngine.Logger:Log (UnityEngine.LogType,object)
UnityEngine.Debug:Log (object)
Meta.XR.Simulator.Utils:ReportInfo (string,string) (at ./Library/PackageCache/com.meta.xr.simulator@74.0.0/Editor/Utils.cs:165)
Meta.XR.Simulator.Editor.SyntheticEnvironments.Installer:ParseSynthEnvScript (string) (at ./Library/PackageCache/com.meta.xr.simulator@74.0.0/Editor/SyntheticEnvironments/Installer.cs:98)
Meta.XR.Simulator.Editor.SyntheticEnvironments.Installer:BuildSyntheticEnvironments () (at ./Library/PackageCache/com.meta.xr.simulator@74.0.0/Editor/SyntheticEnvironments/Installer.cs:76)
Meta.XR.Simulator.Editor.SyntheticEnvironments.Registry:RegisterSyntheticEnvironments () (at ./Library/PackageCache/com.meta.xr.simulator@74.0.0/Editor/SyntheticEnvironments/Registry.cs:97)
Meta.XR.Simulator.Editor.SyntheticEnvironments.Registry:.cctor () (at ./Library/PackageCache/com.meta.xr.simulator@74.0.0/Editor/SyntheticEnvironments/Registry.cs:87)
System.Runtime.CompilerServices.RuntimeHelpers:RunClassConstructor (System.RuntimeTypeHandle)
UnityEditor.EditorAssemblies:ProcessInitializeOnLoadAttributes (System.Type[])

(Filename: ./Library/PackageCache/com.meta.xr.simulator@74.0.0/Editor/Utils.cs Line: 165)

[Synthetic Environments] got match start synth_env_server_extra_rooms.exe XRoom1_1
UnityEngine.StackTraceUtility:ExtractStackTrace ()
UnityEngine.DebugLogHandler:LogFormat (UnityEngine.LogType,UnityEngine.Object,string,object[])
UnityEngine.Logger:Log (UnityEngine.LogType,object)
UnityEngine.Debug:Log (object)
Meta.XR.Simulator.Utils:ReportInfo (string,string) (at ./Library/PackageCache/com.meta.xr.simulator@74.0.0/Editor/Utils.cs:165)
Meta.XR.Simulator.Editor.SyntheticEnvironments.Installer:ParseSynthEnvScript (string) (at ./Library/PackageCache/com.meta.xr.simulator@74.0.0/Editor/SyntheticEnvironments/Installer.cs:98)
Meta.XR.Simulator.Editor.SyntheticEnvironments.Installer:BuildSyntheticEnvironments () (at ./Library/PackageCache/com.meta.xr.simulator@74.0.0/Editor/SyntheticEnvironments/Installer.cs:76)
Meta.XR.Simulator.Editor.SyntheticEnvironments.Registry:RegisterSyntheticEnvironments () (at ./Library/PackageCache/com.meta.xr.simulator@74.0.0/Editor/SyntheticEnvironments/Registry.cs:97)
Meta.XR.Simulator.Editor.SyntheticEnvironments.Registry:.cctor () (at ./Library/PackageCache/com.meta.xr.simulator@74.0.0/Editor/SyntheticEnvironments/Registry.cs:87)
System.Runtime.CompilerServices.RuntimeHelpers:RunClassConstructor (System.RuntimeTypeHandle)
UnityEditor.EditorAssemblies:ProcessInitializeOnLoadAttributes (System.Type[])

(Filename: ./Library/PackageCache/com.meta.xr.simulator@74.0.0/Editor/Utils.cs Line: 165)

[Synthetic Environments] got match start synth_env_server_extra_rooms.exe XRoom1_4
UnityEngine.StackTraceUtility:ExtractStackTrace ()
UnityEngine.DebugLogHandler:LogFormat (UnityEngine.LogType,UnityEngine.Object,string,object[])
UnityEngine.Logger:Log (UnityEngine.LogType,object)
UnityEngine.Debug:Log (object)
Meta.XR.Simulator.Utils:ReportInfo (string,string) (at ./Library/PackageCache/com.meta.xr.simulator@74.0.0/Editor/Utils.cs:165)
Meta.XR.Simulator.Editor.SyntheticEnvironments.Installer:ParseSynthEnvScript (string) (at ./Library/PackageCache/com.meta.xr.simulator@74.0.0/Editor/SyntheticEnvironments/Installer.cs:98)
Meta.XR.Simulator.Editor.SyntheticEnvironments.Installer:BuildSyntheticEnvironments () (at ./Library/PackageCache/com.meta.xr.simulator@74.0.0/Editor/SyntheticEnvironments/Installer.cs:76)
Meta.XR.Simulator.Editor.SyntheticEnvironments.Registry:RegisterSyntheticEnvironments () (at ./Library/PackageCache/com.meta.xr.simulator@74.0.0/Editor/SyntheticEnvironments/Registry.cs:97)
Meta.XR.Simulator.Editor.SyntheticEnvironments.Registry:.cctor () (at ./Library/PackageCache/com.meta.xr.simulator@74.0.0/Editor/SyntheticEnvironments/Registry.cs:87)
System.Runtime.CompilerServices.RuntimeHelpers:RunClassConstructor (System.RuntimeTypeHandle)
UnityEditor.EditorAssemblies:ProcessInitializeOnLoadAttributes (System.Type[])

(Filename: ./Library/PackageCache/com.meta.xr.simulator@74.0.0/Editor/Utils.cs Line: 165)

[Package Manager] Server::EnsureServerProcessIsRunning -- launch failed, reason: Unity was launched with the -noUpm command-line argument
[Package Manager] UpmClient::Send -- Unable to send message (not connected to UPM process).
[Package Manager] Cannot connect to Unity Package Manager local server
Mono: successfully reloaded assembly
[Package Manager] Server::EnsureServerProcessIsRunning -- launch failed, reason: Unity was launched with the -noUpm command-line argument
[Package Manager] UpmClient::Send -- Unable to send message (not connected to UPM process).
[Package Manager] Cannot connect to Unity Package Manager local server
- Finished resetting the current domain, in 11.550 seconds
Domain Reload Profiling: 14052ms
	BeginReloadAssembly (135ms)
		ExecutionOrderSort (0ms)
		DisableScriptedObjects (2ms)
		BackupInstance (0ms)
		ReleaseScriptingObjects (0ms)
		CreateAndSetChildDomain (35ms)
	RebuildCommonClasses (25ms)
	RebuildNativeTypeToScriptingClass (9ms)
	initialDomainReloadingComplete (22ms)
	LoadAllAssembliesAndSetupDomain (2312ms)
		LoadAssemblies (2354ms)
		RebuildTransferFunctionScriptingTraits (0ms)
		AnalyzeDomain (24ms)
			TypeCache.Refresh (8ms)
				TypeCache.ScanAssembly (0ms)
			ScanForSourceGeneratedMonoScriptInfo (0ms)
			ResolveRequiredComponents (14ms)
	FinalizeReload (11550ms)
		ReleaseScriptCaches (0ms)
		RebuildScriptCaches (0ms)
		SetupLoadedEditorAssemblies (695ms)
			LogAssemblyErrors (0ms)
			InitializePlatformSupportModulesInManaged (16ms)
			SetLoadedEditorAssemblies (5ms)
			RefreshPlugins (0ms)
			BeforeProcessingInitializeOnLoad (92ms)
			ProcessInitializeOnLoadAttributes (497ms)
			ProcessInitializeOnLoadMethodAttributes (79ms)
			AfterProcessingInitializeOnLoad (6ms)
			EditorAssembliesLoaded (0ms)
		ExecutionOrderSort2 (0ms)
		AwakeInstancesAfterBackupRestoration (5ms)
Shader 'Meta/MRUK/Scene/HighlightsAndShadows': fallback shader 'Off' not found
Shader 'Oculus/OVRMRCameraFrameLit': fallback shader 'Alpha-Diffuse' not found
Refreshing native plugins compatible for Editor in 19.31 ms, found 17 plugins.
Preloading 2 native plugins for Editor in 0.09 ms.
Unloading 6995 Unused Serialized files (Serialized files now loaded: 0)
Unloading 112 unused Assets / (483.5 KB). Loaded Objects now: 7635.
Memory consumption went from 231.2 MB to 230.7 MB.
Total: 4.997500 ms (FindLiveObjects: 0.379500 ms CreateObjectMapping: 0.238100 ms MarkObjects: 4.089900 ms  DeleteObjects: 0.288800 ms)

Prepare: number of updated asset objects reloaded= 0
AssetImportParameters requested are different than current active one (requested -> active):
  custom:container-demuxer-ogg: 62fdf1f143b41e24485cea50d1cbac27 -> 
  custom:framework-win-MediaFoundation: 216162199b28c13a410421893ffa2e32 -> 
  custom:container-muxer-webm: aa71ff27fc2769a1b78a27578f13a17b -> 
  custom:video-decoder-webm-vp8: 9c59270c3fd7afecdb556c50c9e8de78 -> 
  custom:SearchIndexIgnoredProperties: e643bd26f0fe6173181afceb89e7c659 -> 
  custom:AudioImporter_EditorPlatform: d09bf68614088b80899f8185d706f6e7 -> 
  custom:audio-decoder-ogg-vorbis: bf7c407c2cedff20999df2af8eb42d56 -> 
  custom:audio-encoder-webm-vorbis: bf7c407c2cedff20999df2af8eb42d56 -> 
  custom:video-codec-MediaFoundation-h265: 746d11721c4dcdbdad8f713fa42b33f4 -> 
  custom:video-decoder-ogg-theora: a1e56fd34408186e4bbccfd4996cb3dc -> 
  custom:CustomObjectIndexerAttribute: 9a22284fe3817be447336de3de66b15e -> 
  custom:container-demuxer-webm: 4f35f7cbe854078d1ac9338744f61a02 -> 
  custom:video-encoder-webm-vp8: eb34c28f22e8b96e1ab97ce403110664 -> 
========================================================================
Received Prepare
Shader 'Meta/MRUK/Scene/HighlightsAndShadows': fallback shader 'Off' not found
Shader 'Oculus/OVRMRCameraFrameLit': fallback shader 'Alpha-Diffuse' not found
Refreshing native plugins compatible for Editor in 31.18 ms, found 17 plugins.
Preloading 2 native plugins for Editor in 0.16 ms.
Unloading 6 Unused Serialized files (Serialized files now loaded: 0)
Unloading 6 unused Assets / (418.9 KB). Loaded Objects now: 7635.
Memory consumption went from 122.0 MB to 121.6 MB.
Total: 6.891800 ms (FindLiveObjects: 0.447000 ms CreateObjectMapping: 0.276000 ms MarkObjects: 5.914700 ms  DeleteObjects: 0.252300 ms)

Prepare: number of updated asset objects reloaded= 0
AssetImportParameters requested are different than current active one (requested -> active):
  custom:container-demuxer-ogg: 62fdf1f143b41e24485cea50d1cbac27 -> 
  custom:framework-win-MediaFoundation: 216162199b28c13a410421893ffa2e32 -> 
  custom:container-muxer-webm: aa71ff27fc2769a1b78a27578f13a17b -> 
  custom:video-decoder-webm-vp8: 9c59270c3fd7afecdb556c50c9e8de78 -> 
  custom:SearchIndexIgnoredProperties: e643bd26f0fe6173181afceb89e7c659 -> 
  custom:AudioImporter_EditorPlatform: d09bf68614088b80899f8185d706f6e7 -> 
  custom:audio-decoder-ogg-vorbis: bf7c407c2cedff20999df2af8eb42d56 -> 
  custom:audio-encoder-webm-vorbis: bf7c407c2cedff20999df2af8eb42d56 -> 
  custom:video-codec-MediaFoundation-h265: 746d11721c4dcdbdad8f713fa42b33f4 -> 
  custom:video-decoder-ogg-theora: a1e56fd34408186e4bbccfd4996cb3dc -> 
  custom:CustomObjectIndexerAttribute: 9a22284fe3817be447336de3de66b15e -> 
  custom:container-demuxer-webm: 4f35f7cbe854078d1ac9338744f61a02 -> 
  custom:video-encoder-webm-vp8: eb34c28f22e8b96e1ab97ce403110664 -> 
========================================================================
Received Prepare
Caller must complete domain reload
Begin MonoManager ReloadAssembly
- Loaded All Assemblies, in  0.487 seconds
Native extension for UWP target not found
Native extension for WindowsStandalone target not found
Native extension for Android target not found
[Package Manager] Server::EnsureServerProcessIsRunning -- launch failed, reason: Unity was launched with the -noUpm command-line argument
[Package Manager] UpmClient::Send -- Unable to send message (not connected to UPM process).
[Package Manager] Cannot connect to Unity Package Manager local server
[Package Manager] Server::EnsureServerProcessIsRunning -- launch failed, reason: Unity was launched with the -noUpm command-line argument
[Package Manager] UpmClient::Send -- Unable to send message (not connected to UPM process).
[Package Manager] Cannot connect to Unity Package Manager local server
[Synthetic Environments] got match start synth_env_server.exe Bedroom
UnityEngine.StackTraceUtility:ExtractStackTrace ()
UnityEngine.DebugLogHandler:LogFormat (UnityEngine.LogType,UnityEngine.Object,string,object[])
UnityEngine.Logger:Log (UnityEngine.LogType,object)
UnityEngine.Debug:Log (object)
Meta.XR.Simulator.Utils:ReportInfo (string,string) (at ./Library/PackageCache/com.meta.xr.simulator@74.0.0/Editor/Utils.cs:165)
Meta.XR.Simulator.Editor.SyntheticEnvironments.Installer:ParseSynthEnvScript (string) (at ./Library/PackageCache/com.meta.xr.simulator@74.0.0/Editor/SyntheticEnvironments/Installer.cs:98)
Meta.XR.Simulator.Editor.SyntheticEnvironments.Installer:BuildSyntheticEnvironments () (at ./Library/PackageCache/com.meta.xr.simulator@74.0.0/Editor/SyntheticEnvironments/Installer.cs:76)
Meta.XR.Simulator.Editor.SyntheticEnvironments.Registry:RegisterSyntheticEnvironments () (at ./Library/PackageCache/com.meta.xr.simulator@74.0.0/Editor/SyntheticEnvironments/Registry.cs:97)
Meta.XR.Simulator.Editor.SyntheticEnvironments.Registry:.cctor () (at ./Library/PackageCache/com.meta.xr.simulator@74.0.0/Editor/SyntheticEnvironments/Registry.cs:87)
System.Runtime.CompilerServices.RuntimeHelpers:RunClassConstructor (System.RuntimeTypeHandle)
UnityEditor.EditorAssemblies:ProcessInitializeOnLoadAttributes (System.Type[])

(Filename: ./Library/PackageCache/com.meta.xr.simulator@74.0.0/Editor/Utils.cs Line: 165)

[Synthetic Environments] got match start synth_env_server.exe GameRoom
UnityEngine.StackTraceUtility:ExtractStackTrace ()
UnityEngine.DebugLogHandler:LogFormat (UnityEngine.LogType,UnityEngine.Object,string,object[])
UnityEngine.Logger:Log (UnityEngine.LogType,object)
UnityEngine.Debug:Log (object)
Meta.XR.Simulator.Utils:ReportInfo (string,string) (at ./Library/PackageCache/com.meta.xr.simulator@74.0.0/Editor/Utils.cs:165)
Meta.XR.Simulator.Editor.SyntheticEnvironments.Installer:ParseSynthEnvScript (string) (at ./Library/PackageCache/com.meta.xr.simulator@74.0.0/Editor/SyntheticEnvironments/Installer.cs:98)
Meta.XR.Simulator.Editor.SyntheticEnvironments.Installer:BuildSyntheticEnvironments () (at ./Library/PackageCache/com.meta.xr.simulator@74.0.0/Editor/SyntheticEnvironments/Installer.cs:76)
Meta.XR.Simulator.Editor.SyntheticEnvironments.Registry:RegisterSyntheticEnvironments () (at ./Library/PackageCache/com.meta.xr.simulator@74.0.0/Editor/SyntheticEnvironments/Registry.cs:97)
Meta.XR.Simulator.Editor.SyntheticEnvironments.Registry:.cctor () (at ./Library/PackageCache/com.meta.xr.simulator@74.0.0/Editor/SyntheticEnvironments/Registry.cs:87)
System.Runtime.CompilerServices.RuntimeHelpers:RunClassConstructor (System.RuntimeTypeHandle)
UnityEditor.EditorAssemblies:ProcessInitializeOnLoadAttributes (System.Type[])

(Filename: ./Library/PackageCache/com.meta.xr.simulator@74.0.0/Editor/Utils.cs Line: 165)

[Synthetic Environments] got match start synth_env_server.exe LivingRoom
UnityEngine.StackTraceUtility:ExtractStackTrace ()
UnityEngine.DebugLogHandler:LogFormat (UnityEngine.LogType,UnityEngine.Object,string,object[])
UnityEngine.Logger:Log (UnityEngine.LogType,object)
UnityEngine.Debug:Log (object)
Meta.XR.Simulator.Utils:ReportInfo (string,string) (at ./Library/PackageCache/com.meta.xr.simulator@74.0.0/Editor/Utils.cs:165)
Meta.XR.Simulator.Editor.SyntheticEnvironments.Installer:ParseSynthEnvScript (string) (at ./Library/PackageCache/com.meta.xr.simulator@74.0.0/Editor/SyntheticEnvironments/Installer.cs:98)
Meta.XR.Simulator.Editor.SyntheticEnvironments.Installer:BuildSyntheticEnvironments () (at ./Library/PackageCache/com.meta.xr.simulator@74.0.0/Editor/SyntheticEnvironments/Installer.cs:76)
Meta.XR.Simulator.Editor.SyntheticEnvironments.Registry:RegisterSyntheticEnvironments () (at ./Library/PackageCache/com.meta.xr.simulator@74.0.0/Editor/SyntheticEnvironments/Registry.cs:97)
Meta.XR.Simulator.Editor.SyntheticEnvironments.Registry:.cctor () (at ./Library/PackageCache/com.meta.xr.simulator@74.0.0/Editor/SyntheticEnvironments/Registry.cs:87)
System.Runtime.CompilerServices.RuntimeHelpers:RunClassConstructor (System.RuntimeTypeHandle)
UnityEditor.EditorAssemblies:ProcessInitializeOnLoadAttributes (System.Type[])

(Filename: ./Library/PackageCache/com.meta.xr.simulator@74.0.0/Editor/Utils.cs Line: 165)

[Synthetic Environments] got match start synth_env_server_extra_rooms.exe XRoom2_3
UnityEngine.StackTraceUtility:ExtractStackTrace ()
UnityEngine.DebugLogHandler:LogFormat (UnityEngine.LogType,UnityEngine.Object,string,object[])
UnityEngine.Logger:Log (UnityEngine.LogType,object)
UnityEngine.Debug:Log (object)
Meta.XR.Simulator.Utils:ReportInfo (string,string) (at ./Library/PackageCache/com.meta.xr.simulator@74.0.0/Editor/Utils.cs:165)
Meta.XR.Simulator.Editor.SyntheticEnvironments.Installer:ParseSynthEnvScript (string) (at ./Library/PackageCache/com.meta.xr.simulator@74.0.0/Editor/SyntheticEnvironments/Installer.cs:98)
Meta.XR.Simulator.Editor.SyntheticEnvironments.Installer:BuildSyntheticEnvironments () (at ./Library/PackageCache/com.meta.xr.simulator@74.0.0/Editor/SyntheticEnvironments/Installer.cs:76)
Meta.XR.Simulator.Editor.SyntheticEnvironments.Registry:RegisterSyntheticEnvironments () (at ./Library/PackageCache/com.meta.xr.simulator@74.0.0/Editor/SyntheticEnvironments/Registry.cs:97)
Meta.XR.Simulator.Editor.SyntheticEnvironments.Registry:.cctor () (at ./Library/PackageCache/com.meta.xr.simulator@74.0.0/Editor/SyntheticEnvironments/Registry.cs:87)
System.Runtime.CompilerServices.RuntimeHelpers:RunClassConstructor (System.RuntimeTypeHandle)
UnityEditor.EditorAssemblies:ProcessInitializeOnLoadAttributes (System.Type[])

(Filename: ./Library/PackageCache/com.meta.xr.simulator@74.0.0/Editor/Utils.cs Line: 165)

[Synthetic Environments] got match start synth_env_server_extra_rooms.exe XRoom2_4
UnityEngine.StackTraceUtility:ExtractStackTrace ()
UnityEngine.DebugLogHandler:LogFormat (UnityEngine.LogType,UnityEngine.Object,string,object[])
UnityEngine.Logger:Log (UnityEngine.LogType,object)
UnityEngine.Debug:Log (object)
Meta.XR.Simulator.Utils:ReportInfo (string,string) (at ./Library/PackageCache/com.meta.xr.simulator@74.0.0/Editor/Utils.cs:165)
Meta.XR.Simulator.Editor.SyntheticEnvironments.Installer:ParseSynthEnvScript (string) (at ./Library/PackageCache/com.meta.xr.simulator@74.0.0/Editor/SyntheticEnvironments/Installer.cs:98)
Meta.XR.Simulator.Editor.SyntheticEnvironments.Installer:BuildSyntheticEnvironments () (at ./Library/PackageCache/com.meta.xr.simulator@74.0.0/Editor/SyntheticEnvironments/Installer.cs:76)
Meta.XR.Simulator.Editor.SyntheticEnvironments.Registry:RegisterSyntheticEnvironments () (at ./Library/PackageCache/com.meta.xr.simulator@74.0.0/Editor/SyntheticEnvironments/Registry.cs:97)
Meta.XR.Simulator.Editor.SyntheticEnvironments.Registry:.cctor () (at ./Library/PackageCache/com.meta.xr.simulator@74.0.0/Editor/SyntheticEnvironments/Registry.cs:87)
System.Runtime.CompilerServices.RuntimeHelpers:RunClassConstructor (System.RuntimeTypeHandle)
UnityEditor.EditorAssemblies:ProcessInitializeOnLoadAttributes (System.Type[])

(Filename: ./Library/PackageCache/com.meta.xr.simulator@74.0.0/Editor/Utils.cs Line: 165)

[Synthetic Environments] got match start synth_env_server_extra_rooms.exe XRoom5_6
UnityEngine.StackTraceUtility:ExtractStackTrace ()
UnityEngine.DebugLogHandler:LogFormat (UnityEngine.LogType,UnityEngine.Object,string,object[])
UnityEngine.Logger:Log (UnityEngine.LogType,object)
UnityEngine.Debug:Log (object)
Meta.XR.Simulator.Utils:ReportInfo (string,string) (at ./Library/PackageCache/com.meta.xr.simulator@74.0.0/Editor/Utils.cs:165)
Meta.XR.Simulator.Editor.SyntheticEnvironments.Installer:ParseSynthEnvScript (string) (at ./Library/PackageCache/com.meta.xr.simulator@74.0.0/Editor/SyntheticEnvironments/Installer.cs:98)
Meta.XR.Simulator.Editor.SyntheticEnvironments.Installer:BuildSyntheticEnvironments () (at ./Library/PackageCache/com.meta.xr.simulator@74.0.0/Editor/SyntheticEnvironments/Installer.cs:76)
Meta.XR.Simulator.Editor.SyntheticEnvironments.Registry:RegisterSyntheticEnvironments () (at ./Library/PackageCache/com.meta.xr.simulator@74.0.0/Editor/SyntheticEnvironments/Registry.cs:97)
Meta.XR.Simulator.Editor.SyntheticEnvironments.Registry:.cctor () (at ./Library/PackageCache/com.meta.xr.simulator@74.0.0/Editor/SyntheticEnvironments/Registry.cs:87)
System.Runtime.CompilerServices.RuntimeHelpers:RunClassConstructor (System.RuntimeTypeHandle)
UnityEditor.EditorAssemblies:ProcessInitializeOnLoadAttributes (System.Type[])

(Filename: ./Library/PackageCache/com.meta.xr.simulator@74.0.0/Editor/Utils.cs Line: 165)

[Synthetic Environments] got match start synth_env_server_extra_rooms.exe XRoom5_1
UnityEngine.StackTraceUtility:ExtractStackTrace ()
UnityEngine.DebugLogHandler:LogFormat (UnityEngine.LogType,UnityEngine.Object,string,object[])
UnityEngine.Logger:Log (UnityEngine.LogType,object)
UnityEngine.Debug:Log (object)
Meta.XR.Simulator.Utils:ReportInfo (string,string) (at ./Library/PackageCache/com.meta.xr.simulator@74.0.0/Editor/Utils.cs:165)
Meta.XR.Simulator.Editor.SyntheticEnvironments.Installer:ParseSynthEnvScript (string) (at ./Library/PackageCache/com.meta.xr.simulator@74.0.0/Editor/SyntheticEnvironments/Installer.cs:98)
Meta.XR.Simulator.Editor.SyntheticEnvironments.Installer:BuildSyntheticEnvironments () (at ./Library/PackageCache/com.meta.xr.simulator@74.0.0/Editor/SyntheticEnvironments/Installer.cs:76)
Meta.XR.Simulator.Editor.SyntheticEnvironments.Registry:RegisterSyntheticEnvironments () (at ./Library/PackageCache/com.meta.xr.simulator@74.0.0/Editor/SyntheticEnvironments/Registry.cs:97)
Meta.XR.Simulator.Editor.SyntheticEnvironments.Registry:.cctor () (at ./Library/PackageCache/com.meta.xr.simulator@74.0.0/Editor/SyntheticEnvironments/Registry.cs:87)
System.Runtime.CompilerServices.RuntimeHelpers:RunClassConstructor (System.RuntimeTypeHandle)
UnityEditor.EditorAssemblies:ProcessInitializeOnLoadAttributes (System.Type[])

(Filename: ./Library/PackageCache/com.meta.xr.simulator@74.0.0/Editor/Utils.cs Line: 165)

[Synthetic Environments] got match start synth_env_server_extra_rooms.exe XRoom3_1
UnityEngine.StackTraceUtility:ExtractStackTrace ()
UnityEngine.DebugLogHandler:LogFormat (UnityEngine.LogType,UnityEngine.Object,string,object[])
UnityEngine.Logger:Log (UnityEngine.LogType,object)
UnityEngine.Debug:Log (object)
Meta.XR.Simulator.Utils:ReportInfo (string,string) (at ./Library/PackageCache/com.meta.xr.simulator@74.0.0/Editor/Utils.cs:165)
Meta.XR.Simulator.Editor.SyntheticEnvironments.Installer:ParseSynthEnvScript (string) (at ./Library/PackageCache/com.meta.xr.simulator@74.0.0/Editor/SyntheticEnvironments/Installer.cs:98)
Meta.XR.Simulator.Editor.SyntheticEnvironments.Installer:BuildSyntheticEnvironments () (at ./Library/PackageCache/com.meta.xr.simulator@74.0.0/Editor/SyntheticEnvironments/Installer.cs:76)
Meta.XR.Simulator.Editor.SyntheticEnvironments.Registry:RegisterSyntheticEnvironments () (at ./Library/PackageCache/com.meta.xr.simulator@74.0.0/Editor/SyntheticEnvironments/Registry.cs:97)
Meta.XR.Simulator.Editor.SyntheticEnvironments.Registry:.cctor () (at ./Library/PackageCache/com.meta.xr.simulator@74.0.0/Editor/SyntheticEnvironments/Registry.cs:87)
System.Runtime.CompilerServices.RuntimeHelpers:RunClassConstructor (System.RuntimeTypeHandle)
UnityEditor.EditorAssemblies:ProcessInitializeOnLoadAttributes (System.Type[])

(Filename: ./Library/PackageCache/com.meta.xr.simulator@74.0.0/Editor/Utils.cs Line: 165)

[Synthetic Environments] got match start synth_env_server_extra_rooms.exe XRoom1_2
UnityEngine.StackTraceUtility:ExtractStackTrace ()
UnityEngine.DebugLogHandler:LogFormat (UnityEngine.LogType,UnityEngine.Object,string,object[])
UnityEngine.Logger:Log (UnityEngine.LogType,object)
UnityEngine.Debug:Log (object)
Meta.XR.Simulator.Utils:ReportInfo (string,string) (at ./Library/PackageCache/com.meta.xr.simulator@74.0.0/Editor/Utils.cs:165)
Meta.XR.Simulator.Editor.SyntheticEnvironments.Installer:ParseSynthEnvScript (string) (at ./Library/PackageCache/com.meta.xr.simulator@74.0.0/Editor/SyntheticEnvironments/Installer.cs:98)
Meta.XR.Simulator.Editor.SyntheticEnvironments.Installer:BuildSyntheticEnvironments () (at ./Library/PackageCache/com.meta.xr.simulator@74.0.0/Editor/SyntheticEnvironments/Installer.cs:76)
Meta.XR.Simulator.Editor.SyntheticEnvironments.Registry:RegisterSyntheticEnvironments () (at ./Library/PackageCache/com.meta.xr.simulator@74.0.0/Editor/SyntheticEnvironments/Registry.cs:97)
Meta.XR.Simulator.Editor.SyntheticEnvironments.Registry:.cctor () (at ./Library/PackageCache/com.meta.xr.simulator@74.0.0/Editor/SyntheticEnvironments/Registry.cs:87)
System.Runtime.CompilerServices.RuntimeHelpers:RunClassConstructor (System.RuntimeTypeHandle)
UnityEditor.EditorAssemblies:ProcessInitializeOnLoadAttributes (System.Type[])

(Filename: ./Library/PackageCache/com.meta.xr.simulator@74.0.0/Editor/Utils.cs Line: 165)

[Synthetic Environments] got match start synth_env_server_extra_rooms.exe XRoom1_1
UnityEngine.StackTraceUtility:ExtractStackTrace ()
UnityEngine.DebugLogHandler:LogFormat (UnityEngine.LogType,UnityEngine.Object,string,object[])
UnityEngine.Logger:Log (UnityEngine.LogType,object)
UnityEngine.Debug:Log (object)
Meta.XR.Simulator.Utils:ReportInfo (string,string) (at ./Library/PackageCache/com.meta.xr.simulator@74.0.0/Editor/Utils.cs:165)
Meta.XR.Simulator.Editor.SyntheticEnvironments.Installer:ParseSynthEnvScript (string) (at ./Library/PackageCache/com.meta.xr.simulator@74.0.0/Editor/SyntheticEnvironments/Installer.cs:98)
Meta.XR.Simulator.Editor.SyntheticEnvironments.Installer:BuildSyntheticEnvironments () (at ./Library/PackageCache/com.meta.xr.simulator@74.0.0/Editor/SyntheticEnvironments/Installer.cs:76)
Meta.XR.Simulator.Editor.SyntheticEnvironments.Registry:RegisterSyntheticEnvironments () (at ./Library/PackageCache/com.meta.xr.simulator@74.0.0/Editor/SyntheticEnvironments/Registry.cs:97)
Meta.XR.Simulator.Editor.SyntheticEnvironments.Registry:.cctor () (at ./Library/PackageCache/com.meta.xr.simulator@74.0.0/Editor/SyntheticEnvironments/Registry.cs:87)
System.Runtime.CompilerServices.RuntimeHelpers:RunClassConstructor (System.RuntimeTypeHandle)
UnityEditor.EditorAssemblies:ProcessInitializeOnLoadAttributes (System.Type[])

(Filename: ./Library/PackageCache/com.meta.xr.simulator@74.0.0/Editor/Utils.cs Line: 165)

[Synthetic Environments] got match start synth_env_server_extra_rooms.exe XRoom1_4
UnityEngine.StackTraceUtility:ExtractStackTrace ()
UnityEngine.DebugLogHandler:LogFormat (UnityEngine.LogType,UnityEngine.Object,string,object[])
UnityEngine.Logger:Log (UnityEngine.LogType,object)
UnityEngine.Debug:Log (object)
Meta.XR.Simulator.Utils:ReportInfo (string,string) (at ./Library/PackageCache/com.meta.xr.simulator@74.0.0/Editor/Utils.cs:165)
Meta.XR.Simulator.Editor.SyntheticEnvironments.Installer:ParseSynthEnvScript (string) (at ./Library/PackageCache/com.meta.xr.simulator@74.0.0/Editor/SyntheticEnvironments/Installer.cs:98)
Meta.XR.Simulator.Editor.SyntheticEnvironments.Installer:BuildSyntheticEnvironments () (at ./Library/PackageCache/com.meta.xr.simulator@74.0.0/Editor/SyntheticEnvironments/Installer.cs:76)
Meta.XR.Simulator.Editor.SyntheticEnvironments.Registry:RegisterSyntheticEnvironments () (at ./Library/PackageCache/com.meta.xr.simulator@74.0.0/Editor/SyntheticEnvironments/Registry.cs:97)
Meta.XR.Simulator.Editor.SyntheticEnvironments.Registry:.cctor () (at ./Library/PackageCache/com.meta.xr.simulator@74.0.0/Editor/SyntheticEnvironments/Registry.cs:87)
System.Runtime.CompilerServices.RuntimeHelpers:RunClassConstructor (System.RuntimeTypeHandle)
UnityEditor.EditorAssemblies:ProcessInitializeOnLoadAttributes (System.Type[])

(Filename: ./Library/PackageCache/com.meta.xr.simulator@74.0.0/Editor/Utils.cs Line: 165)

[Package Manager] Server::EnsureServerProcessIsRunning -- launch failed, reason: Unity was launched with the -noUpm command-line argument
[Package Manager] UpmClient::Send -- Unable to send message (not connected to UPM process).
[Package Manager] Cannot connect to Unity Package Manager local server
Mono: successfully reloaded assembly
[Package Manager] Server::EnsureServerProcessIsRunning -- launch failed, reason: Unity was launched with the -noUpm command-line argument
[Package Manager] UpmClient::Send -- Unable to send message (not connected to UPM process).
[Package Manager] Cannot connect to Unity Package Manager local server
- Finished resetting the current domain, in  1.332 seconds
Domain Reload Profiling: 1813ms
	BeginReloadAssembly (140ms)
		ExecutionOrderSort (0ms)
		DisableScriptedObjects (3ms)
		BackupInstance (0ms)
		ReleaseScriptingObjects (0ms)
		CreateAndSetChildDomain (38ms)
	RebuildCommonClasses (25ms)
	RebuildNativeTypeToScriptingClass (9ms)
	initialDomainReloadingComplete (25ms)
	LoadAllAssembliesAndSetupDomain (281ms)
		LoadAssemblies (323ms)
		RebuildTransferFunctionScriptingTraits (0ms)
		AnalyzeDomain (25ms)
			TypeCache.Refresh (8ms)
				TypeCache.ScanAssembly (0ms)
			ScanForSourceGeneratedMonoScriptInfo (0ms)
			ResolveRequiredComponents (16ms)
	FinalizeReload (1332ms)
		ReleaseScriptCaches (0ms)
		RebuildScriptCaches (0ms)
		SetupLoadedEditorAssemblies (677ms)
			LogAssemblyErrors (0ms)
			InitializePlatformSupportModulesInManaged (17ms)
			SetLoadedEditorAssemblies (5ms)
			RefreshPlugins (0ms)
			BeforeProcessingInitializeOnLoad (99ms)
			ProcessInitializeOnLoadAttributes (496ms)
			ProcessInitializeOnLoadMethodAttributes (54ms)
			AfterProcessingInitializeOnLoad (5ms)
			EditorAssembliesLoaded (0ms)
		ExecutionOrderSort2 (0ms)
		AwakeInstancesAfterBackupRestoration (5ms)
Shader 'Meta/MRUK/Scene/HighlightsAndShadows': fallback shader 'Off' not found
Shader 'Oculus/OVRMRCameraFrameLit': fallback shader 'Alpha-Diffuse' not found
Refreshing native plugins compatible for Editor in 16.34 ms, found 17 plugins.
Preloading 2 native plugins for Editor in 0.08 ms.
Unloading 6995 Unused Serialized files (Serialized files now loaded: 0)
Unloading 112 unused Assets / (483.1 KB). Loaded Objects now: 7639.
Memory consumption went from 231.3 MB to 230.8 MB.
Total: 5.100500 ms (FindLiveObjects: 0.353100 ms CreateObjectMapping: 0.225900 ms MarkObjects: 4.269500 ms  DeleteObjects: 0.251000 ms)

Prepare: number of updated asset objects reloaded= 0
AssetImportParameters requested are different than current active one (requested -> active):
  custom:container-demuxer-ogg: 62fdf1f143b41e24485cea50d1cbac27 -> 
  custom:framework-win-MediaFoundation: 216162199b28c13a410421893ffa2e32 -> 
  custom:container-muxer-webm: aa71ff27fc2769a1b78a27578f13a17b -> 
  custom:video-decoder-webm-vp8: 9c59270c3fd7afecdb556c50c9e8de78 -> 
  custom:SearchIndexIgnoredProperties: e643bd26f0fe6173181afceb89e7c659 -> 
  custom:AudioImporter_EditorPlatform: d09bf68614088b80899f8185d706f6e7 -> 
  custom:audio-decoder-ogg-vorbis: bf7c407c2cedff20999df2af8eb42d56 -> 
  custom:audio-encoder-webm-vorbis: bf7c407c2cedff20999df2af8eb42d56 -> 
  custom:video-codec-MediaFoundation-h265: 746d11721c4dcdbdad8f713fa42b33f4 -> 
  custom:video-decoder-ogg-theora: a1e56fd34408186e4bbccfd4996cb3dc -> 
  custom:CustomObjectIndexerAttribute: 9a22284fe3817be447336de3de66b15e -> 
  custom:container-demuxer-webm: 4f35f7cbe854078d1ac9338744f61a02 -> 
  custom:video-encoder-webm-vp8: eb34c28f22e8b96e1ab97ce403110664 -> 
