{"cameraMode":{"drawMode":0,"name":"Shaded","section":"Shading Mode"},"sceneLighting":true,"audioPlay":false,"sceneViewState":{"m_AlwaysRefresh":false,"showFog":true,"showSkybox":true,"showFlares":true,"showImageEffects":true,"showParticleSystems":true,"showVisualEffectGraphs":true,"m_FxEnabled":true},"in2DMode":false,"pivot":{"x":-3.3335139751434328,"y":-0.952888011932373,"z":19.733211517333986},"rotation":{"x":0.10031687468290329,"y":-0.014925085939466954,"z":0.0014864858239889145,"w":0.9948084950447083},"size":11.35548210144043,"orthographic":false}