{"cameraMode":{"drawMode":0,"name":"Shaded","section":"Shading Mode"},"sceneLighting":true,"audioPlay":false,"sceneViewState":{"m_AlwaysRefresh":false,"showFog":true,"showSkybox":true,"showFlares":true,"showImageEffects":true,"showParticleSystems":true,"showVisualEffectGraphs":true,"m_FxEnabled":true},"in2DMode":false,"pivot":{"x":-1.4005963802337647,"y":1.7754480838775635,"z":4.357227802276611},"rotation":{"x":0.10032523423433304,"y":-0.0059699914418160919,"z":0.0006013541133143008,"w":0.9948961734771729},"size":1.7770088911056519,"orthographic":false}